amount,frequency_24h,account_age_days,ip_risk_score,device_risk_score,new_ip,international,fraud
147.92629648672218,1,2125,0.19940377894757033,0.1464259235787193,0,0,0
78.39308318857488,1,2432,0.9837707156191603,0.10214008412745201,0,1,0
172.03338178035605,1,2169,0.1552790295458878,0.06763797290024154,1,0,0
412.82751083363127,4,1838,0.5983663402774637,0.9846202023925147,0,0,0
71.22519550525031,4,1565,0.3281022631216882,0.8112936926672554,0,1,0
71.22636487402347,4,1943,0.13288007645023225,0.016928071481764895,1,0,0
436.6853074825993,6,145,0.538883542718827,0.006625550976629646,0,0,0
193.9178719863344,3,2005,0.16951355953364644,0.6899196544457629,0,0,0
56.29049054635859,4,1117,0.6798487031731433,0.3112729883457327,0,0,0
154.86597161389108,4,837,0.03243087515951093,0.09895220014115025,0,0,0
56.632459327911405,1,505,0.5103945921217038,0.4640161646208508,0,1,0
56.501672892435785,2,1346,0.21898285636080017,0.018837936826281987,0,0,0
114.65897311947592,1,1782,0.9499945436409993,0.4248804589146925,0,0,0
13.286118326960258,2,1099,0.7105318829213896,0.23757784278218375,0,0,0
16.03994490347415,1,463,0.7552818868186889,0.2648767203790937,1,1,1
51.301114175371275,8,2199,0.7053501325695763,0.28623103029877106,0,0,0
32.69325801274629,2,1214,0.6658954537838588,0.30770327299212497,0,0,0
123.25400811480341,2,369,0.13804800500635772,0.02004233770041286,0,0,0
36.305742504621755,6,172,0.9974283651453408,0.5702051733205572,1,1,1
21.926507623743486,2,720,0.6573755841415477,0.5478900484568614,0,0,0
389.80583996813345,2,2487,0.8973790409098026,0.6508071304445529,0,0,0
71.82436037594861,0,1144,0.5038060105425903,0.15991580309652165,0,0,0
96.30576718329888,1,683,0.28597109898162854,0.9948175328460255,0,0,0
21.655334336723513,1,111,0.4372293538182872,0.13582373980593143,0,0,0
52.22792301227787,4,1597,0.3991594342983418,0.8115557611652796,0,0,0
100.57689805663888,2,1446,0.01595937571671724,0.22036038005071656,0,0,0
28.474428035380235,5,156,0.6749381377887385,0.4390366133484187,0,1,0
131.06560748723663,3,713,0.7376473345185778,0.3242023106426789,0,1,0
49.37090633341974,3,1882,0.04091278769192053,0.30770950810441533,0,0,0
67.24255124604153,5,1527,0.24594336876504774,0.4865123087808556,0,0,0
49.31821018375722,3,1818,0.6644363076218295,0.239627978103918,0,0,0
573.7984398179294,3,503,0.3218947950343133,0.5468561087689784,0,0,0
88.8103125221986,5,1690,0.9338498293450267,0.2506821933318629,0,0,0
31.25842910101931,4,1899,0.11259585540656492,0.9729173649245915,0,0,0
204.90468342379683,1,457,0.9280869172488918,0.23941040519001144,0,0,0
26.55336150493705,4,2455,0.9139594245037431,0.7646221882253029,1,0,1
110.92603135658001,3,692,0.9557655980289627,0.46971718710637644,1,0,0
12.683854381465153,1,1019,0.07722772363844732,0.037918938482738196,0,0,0
23.850709160891135,3,1129,0.2724014143377751,0.15270344791900836,0,0,0
109.60261523573224,2,1609,0.25131993213005654,0.9285611378114237,0,0,0
188.3810136002942,3,966,0.8852937325332436,0.8202850848593141,0,1,1
106.84383487140877,1,1924,0.807176273972974,0.14414864358275836,0,0,0
80.18622304314675,1,257,0.1588947332889673,0.05105107694044975,0,0,0
66.61277023332617,2,1158,0.14147796444806038,0.15270947701619653,0,0,0
20.521600403458063,4,952,0.47413120022115607,0.5839289768666562,0,0,0
43.822868438811184,2,1772,0.17333944972676263,0.6335678852239361,0,1,0
56.79005537884496,2,387,0.475900481158698,0.3789141312731049,1,0,0
259.07619981761064,4,621,0.8446946171956577,0.2808880505190937,0,0,0
126.92778333520765,2,2392,0.49991425384117305,0.20691014297126975,1,0,0
15.43997375264973,3,426,0.724445176819143,0.43887212504904805,0,0,0
124.47239562020968,4,849,0.25007179636896193,0.02256101983180303,0,0,0
61.247174612397224,5,294,0.26578764113675024,0.008706199486955946,0,0,0
45.744794310930956,3,1784,0.5937831649339833,0.7977672529055005,0,1,0
165.9482991332134,2,1074,0.8524298055309691,0.5303584839333781,0,1,0
252.3960605283566,5,782,0.5311101325480753,0.781211716669512,0,0,0
228.44149064885843,4,1892,0.19828127335010537,0.11392657138366591,1,0,0
38.89176286958536,1,1197,0.21783171121429745,0.8153321738871693,0,0,0
66.0748125889967,5,289,0.6170148646700172,0.9227380972737245,0,0,0
125.36925609118288,2,1940,0.10339322618407942,0.5333735485490368,1,0,0
238.78059723850473,3,1186,0.06547710655559724,0.10543704251214925,1,1,0
55.747120688013645,2,323,0.10279283102285364,0.12324954737250449,0,0,0
74.76433925230732,10,2374,0.39234449700700746,0.1941824915687791,0,0,0
29.77487824290785,4,167,0.35437022333401613,0.1852595333111352,0,0,0
27.21568267052464,3,85,0.00214659246075255,0.9448701098272653,0,1,0
202.86197514512168,4,115,0.16167206056081218,0.8002946556341385,0,0,0
349.40790731575515,5,1921,0.34751209961047835,0.31814182440439,0,0,0
83.76287401048057,3,865,0.4299606115060679,0.816576802456731,0,0,0
245.5579327207666,1,458,0.40229724252508936,0.7721351380942271,0,0,0
129.23546169964806,2,372,0.3196180274716197,0.35526489193152855,0,0,0
47.222961435545535,3,1242,0.8119213758063103,0.029985016520006402,0,0,0
129.20439470420135,2,259,0.4160203140545651,0.008745017430682123,1,0,0
419.0694116506067,4,1998,0.6444730630209148,0.3256233527280119,0,0,0
86.8492590165858,5,1499,0.8324936584306206,0.04539539478712151,0,0,0
430.36929074996414,0,1849,0.8537189522379486,0.12109504219241418,1,1,1
6.555175536693365,2,225,0.8570163105809914,0.2544395140404726,0,0,0
204.77309334343687,3,1365,0.4946472610642576,0.17902154164075723,1,0,0
98.20401183454213,4,1870,0.6613212261666471,0.1447724257663413,1,0,0
66.75256006203115,2,348,0.3146710408731719,0.26214308934797725,0,0,0
98.66800961592178,0,2389,0.8618441381066978,0.7368922000130856,0,0,0
12.334880787954473,2,1904,0.2133097063248398,0.4444358146296268,1,0,0
72.26414686335647,1,699,0.7877047830465771,0.663200817106832,1,0,0
128.6521912863225,4,2025,0.4697873327991714,0.9287611525147766,1,0,0
394.608464715763,1,1398,0.2987870811920621,0.0013545415043190179,0,0,0
53.60968712689002,2,413,0.3796582650812341,0.9512497734111847,0,0,0
40.10521585723811,1,1006,0.588269495914313,0.27913975268139624,1,0,0
54.50230293232602,4,1442,0.9299834528872851,0.28750784348263525,0,1,0
224.84294082934642,1,282,0.09754298623319613,0.6294090704062633,0,1,0
125.05468350232735,2,1267,0.9194773766972986,0.3608546958881491,0,0,0
52.99723785406293,4,663,0.8157085192949102,0.08045803906860471,0,0,0
150.3953409204473,3,199,0.5873234413158666,0.7114475720212757,1,0,0
99.19400205900997,9,1455,0.13034972720661475,0.18318822689050107,0,0,0
237.13864984795651,1,227,0.8124552661596235,0.9293718709938338,1,1,1
44.609502912757705,0,1007,0.6906318747919861,0.9878636981639579,0,0,0
64.8669243382344,1,1220,0.4973186838762066,0.18122360940082627,0,0,0
60.81836789400387,2,733,0.8858672617693775,0.7536861785943232,0,0,0
20.83189137893795,1,228,0.6644544075305584,0.9918234955667761,0,0,0
121.0399040860629,0,2115,0.2886330304611,0.9553074658708359,1,0,0
116.8691896536732,5,1349,0.04361997686262198,0.5649148240396016,1,1,0
90.47860886572876,5,2386,0.7593340340615813,0.3120273685678727,1,0,0
71.19430765989236,7,610,0.25546922825706,0.01166367986285266,0,1,0
21.859361155233184,2,1551,0.2805196101428078,0.8982356448325574,0,0,0
59.10731424438485,4,1918,0.4497137713688665,0.035594748854527625,0,0,0
63.89783523820347,6,114,0.749967654900957,0.576422138380379,1,0,0
40.35529975813584,3,2152,0.9243198360779501,0.1861494396228941,0,0,0
76.60897893380557,7,428,0.2162718842836132,0.24198314009643962,0,1,0
134.834871653465,3,503,0.8820162606225397,0.02335162321771478,1,0,0
593.5882523907754,4,2025,0.6043725243029043,0.036906304893151054,0,0,0
107.18730443353843,2,1217,0.8555791010464281,0.35020570075231516,1,0,0
116.4602939819551,3,2262,0.8482078219818295,0.8775600137691921,1,0,1
83.5590931738199,2,1945,0.39238415546696204,0.5658333124646825,0,0,0
13.213364568465128,2,957,0.6781338132566186,0.5383064903387927,1,0,0
87.66179087353345,5,145,0.9466063177399137,0.6203022419783288,0,1,0
95.60548663031594,2,609,0.6723844947360751,0.5353336780497289,1,0,0
1057.0550992681628,3,1588,0.4581593242692693,0.30424455369611303,0,0,0
74.2649448758871,4,2106,0.3719613715766332,0.8799703485894151,0,0,0
121.69858127106347,1,1721,0.14331358953639672,0.47560331571247827,1,0,0
86.94608642462038,1,678,0.9987967061153891,0.7526517371990183,0,0,0
27.97529956300873,3,123,0.6578184685476969,0.9120457491909109,0,0,0
282.25835796545687,3,2283,0.2765570087391057,0.0037273097711031378,0,0,0
190.93499555050175,3,2123,0.07444870740561105,0.47813759372987574,0,1,0
198.54821096649198,3,1996,0.753919589970436,0.6046157006149505,1,1,1
36.2562777350638,1,1644,0.8550715794739113,0.5023930104410894,0,0,0
366.05892252018606,3,1954,0.42779662297926213,0.9024157342553503,0,0,0
22.15689948620682,3,1827,0.9560813133797234,0.9400481084041464,0,0,0
161.88028714180157,0,2343,0.32848014702027906,0.1342895409901298,0,0,0
804.6888056208694,2,500,0.7560611136022187,0.3024617912769242,0,1,0
33.43033344710206,1,1142,0.2629824398546575,0.26387970557658214,0,0,0
51.09579838262996,3,344,0.3359372013825661,0.4967681391733496,1,0,0
99.44963798154174,2,2207,0.6053903472712061,0.3821050550585493,1,0,0
54.408715144021194,1,782,0.03666618814950273,0.35921618847377335,0,1,0
19.09328244870525,3,1777,0.2108193629709303,0.5339007289903196,0,0,0
96.40547309083135,3,47,0.17634576086242226,0.4900664563133621,0,0,0
31.115195037294463,4,1952,0.32798774734421254,0.46537533350237636,0,0,0
144.54522446096925,1,2411,0.777464807582127,0.11321396633111891,0,1,0
35.894201551087036,1,614,0.9076015386866811,0.5392662135497056,0,0,0
424.08521127039336,7,785,0.012672556107396482,0.058960616604662786,0,1,0
41.1303671042217,1,1404,0.2572422770920073,0.6163493591112891,0,1,0
65.23123925041925,5,1148,0.025388945052841838,0.6234377234423626,1,0,0
203.06319121381392,0,1188,0.8612433354144903,0.26059061497494884,0,1,0
26.28860784529089,7,170,0.19873354506602248,0.13531281886287228,1,1,0
113.0081493896189,3,594,0.7706977616487838,0.7982746811536583,1,0,1
332.66725436911776,1,1671,0.03330499058041925,0.770382799762539,0,1,0
18.038651574906954,4,512,0.3983841229096682,0.9460074047970327,1,0,0
108.27062268524291,5,1182,0.358624827669365,0.4463093417820886,0,0,0
116.7322434068505,2,1356,0.329334048617715,0.3155515943700884,0,1,0
196.7281589087726,1,1227,0.5701766510194385,0.30260800654575504,0,0,0
26.129090942384277,2,1144,0.3913089041489176,0.18018334362732613,1,0,0
24.035775996196808,6,2077,0.4032305715167147,0.3497327810695573,1,0,0
151.70556434615514,1,2210,0.18920346562750445,0.12779749126170858,0,1,0
121.14457574777809,4,559,0.41450565520456295,0.8720360716900825,0,0,0
115.6412643218972,4,2148,0.7410911309659309,0.34688078195463445,0,0,0
127.28748752572277,2,1760,0.3230870783197831,0.5472793815952345,0,0,0
45.60308092676877,1,2105,0.8570851317299555,0.06658355233285229,0,0,0
113.55118417477611,0,1169,0.16613140990733033,0.2807341529607359,0,0,0
120.67155981622471,2,1405,0.8466332372749648,0.22354153700495383,1,1,1
44.06424056486509,4,2087,0.6157668847702654,0.8869629288486304,0,0,0
581.5951058132325,4,1817,0.4237773197876952,0.1800151079263762,1,0,0
144.57999036224496,3,1172,0.03523672655421295,0.7955271339211287,1,1,0
27.349452292452266,5,1551,0.12656778440765215,0.28266854241318573,0,0,0
173.56524987084862,5,2161,0.4142583899554978,0.21116368006654507,0,0,0
33.96458383380014,2,651,0.8779280774918657,0.00965999968903386,0,1,0
197.7660178241645,2,1680,0.9568315036624854,0.29156190971956897,0,0,0
286.7456480276797,4,1502,0.9296766331158173,0.0702882638270087,0,0,0
39.61935183707366,1,1430,0.274082628194258,0.3621317385520192,1,0,0
235.89248501346415,4,1266,0.25653568847569863,0.0529041428132071,0,0,0
136.01714268358015,5,1496,0.739513719720499,0.06422636819291994,1,1,0
204.80537951725847,3,1956,0.9405528605174858,0.3545444634170799,0,1,0
599.9180020662419,3,402,0.13334611116507555,0.44800151566230983,0,0,0
70.42947707608114,4,1684,0.3775838179774852,0.3324124329642437,0,1,0
42.36251265407635,1,1613,0.8364006403131241,0.023694766058181438,1,0,0
36.98400679353804,3,381,0.491986760591397,0.17809359874065833,0,0,0
39.81284962305317,4,2126,0.8423630678957627,0.9390498215261767,0,0,0
83.33747188540886,3,2031,0.11675258440006309,0.5717338827829744,0,1,0
126.61512518593955,1,631,0.7770289007704706,0.8539846866392117,1,1,1
118.7108612755823,4,2277,0.38960511281842825,0.05132951566498278,0,0,0
205.85730797353838,2,1176,0.6930542720325148,0.007572528555612412,0,0,0
91.19516605365632,4,1554,0.29315285091219145,0.7817512949915718,0,1,0
385.11195227864465,1,1492,0.6918992876787888,0.3844797198406438,1,0,0
69.08538247312562,4,1120,0.702104337388145,0.3691434849638554,1,0,0
1366.7202445561386,2,677,0.4193371162578414,0.23821859398101952,0,1,0
168.28640974617298,4,1264,0.9691868539516011,0.16054412679583063,0,0,0
38.20026464941611,2,2399,0.000488967893297998,0.8284552567265223,1,0,0
30.849097699669592,7,674,0.6742074141601678,0.061406745506967564,0,0,0
145.83449972956822,3,2307,0.9087194437772205,0.4983554604601351,1,0,0
71.9907194855449,2,2104,0.8574835409836061,0.36043286173831424,0,0,0
183.82799196185115,2,1852,0.5647176981089382,0.2754176112838185,0,0,0
144.49394803628093,3,1082,0.8957527427844666,0.7607433369553063,0,1,1
83.69431778713759,2,2312,0.10793251286333139,0.8789527702858958,0,0,0
38.59822465161574,0,1787,0.5434799486200125,0.19498920677850906,0,0,0
19.78952535638831,0,1228,0.9813107568087218,0.07700961614143365,0,0,0
57.597838901855475,4,1481,0.9915569746403698,0.37505292141578206,0,0,0
211.96025789165807,3,1902,0.6791590255698728,0.44013187421238975,1,0,0
111.50771085176046,2,422,0.1676516818889604,0.05313405705650098,0,1,0
25.90047274620167,0,1835,0.11292461463567438,0.47003536049370986,0,0,0
107.03768041173748,3,2491,0.9224453862512169,0.9511455681494358,0,0,0
132.3324583098173,9,1235,0.8806584704188934,0.38562969590010354,0,0,1
37.19381796746865,3,21,0.31540103174640244,0.9000102519346478,0,0,0
104.9753022628542,5,397,0.9315614435927113,0.8485754838783588,0,0,0
95.41241616311599,7,2403,0.1305263975702079,0.43657281978384754,0,0,0
28.703805281134475,4,2435,0.2944912686750102,0.7065126324678174,0,0,0
128.73903364563057,4,1113,0.6441263695809839,0.2090590214254695,0,1,0
157.7141987485245,1,1813,0.17066987532393318,0.13511113372717098,0,0,0
265.88163888987503,2,7,0.9890636696333811,0.002117337754852344,0,0,0
258.2174480988025,3,740,0.2225677516783906,0.07332503301092752,0,0,0
22.699221574858157,4,99,0.2453206158265876,0.6283255377984529,0,0,0
35.239758924580094,2,1491,0.47459648414944877,0.8854071175976481,0,0,0
150.66145008102038,2,130,0.7784995788405381,0.9778397493736442,0,0,0
150.4733438027729,0,1349,0.12049113795842548,0.4824692503648286,0,0,0
150.66332117186013,2,1090,0.6674446064082604,0.14049307482758744,0,0,0
4241.751237453,2,18,0.099371393966739,0.0001459393908452844,0,0,0
159.31613691597306,2,719,0.09472117897822319,0.9848888379678047,0,0,0
280.21737469767396,4,2316,0.04139545341482298,0.8178307388162069,0,0,0
233.6914752348232,2,2412,0.5446186533332656,0.5236701300825041,0,0,0
172.67155280782362,4,2364,0.4359690817813634,0.24559785723889727,0,0,0
65.67581567464545,3,1494,0.3073556760233076,0.5177156523596722,1,0,0
192.283187541873,1,988,0.527111350734067,0.8385466773459131,0,0,0
41.561521923122704,3,2358,0.5018487771840605,0.5559868649573253,0,1,0
71.0356165819262,6,1064,0.4738813832150439,0.9955099487822509,0,0,0
55.40315004589074,4,502,0.17245151335801256,0.10672566952832552,0,1,0
97.69732113570909,2,2052,0.896950556805759,0.9825277589701337,0,0,0
911.1053809303021,6,460,0.6200246516924924,0.5846455061224602,1,0,0
13.911763920319528,3,2455,0.12729143276625143,0.5679481306713345,0,0,0
178.79862818641834,2,2218,0.25546262154711463,0.3591483226253265,1,0,0
17.94450838929647,5,608,0.7645852952412708,0.040904861708853324,0,0,0
56.15232763565975,4,1658,0.7764114804789088,0.7604441415085774,1,0,1
267.45480451230804,2,1297,0.7257397050138858,0.2758664729638849,0,0,0
95.99345567532578,4,2230,0.7904662651439949,0.3500397646748231,1,0,0
30.638433637394783,2,2395,0.5982024469908033,0.5337053106848371,1,0,0
44.022298548536774,1,1910,0.28877081693017725,0.05696214382660014,1,1,0
177.61135226649054,3,2473,0.35766324961750573,0.01079054769897303,0,0,0
43.36416324338356,2,870,0.5096384876727545,0.10493976474988576,0,1,0
111.77172140364227,3,2388,0.24602292700761574,0.7353494709593003,1,0,0
94.21428729725135,5,252,0.8533137223306244,0.19054187823753965,0,0,0
46.91791814051781,3,99,0.7469550413098575,0.5142747020766394,1,0,0
768.1185546940269,2,1313,0.9800061097964702,0.18590220089839948,0,0,0
169.68079954449334,0,763,0.41525729537460787,0.2847400966400613,0,0,0
11.88001306097296,2,1562,0.8707654889127252,0.03791900589331165,1,0,0
108.46790413224424,2,600,0.7791256934141126,0.3664626904786933,0,0,0
46.44243251669034,5,1073,0.831938058172806,0.13636204489152148,1,0,0
211.1214023906137,1,585,0.6881484796683979,0.5581227476713005,0,0,0
40.75095445280493,1,1218,0.3490348988819332,0.8362052820301618,1,0,0
80.2593734683524,2,2463,0.2439230376631103,0.8783702252015667,0,0,0
149.15518574028664,2,1040,0.2723122680314356,0.9333665491956322,0,0,0
213.95274955486363,3,109,0.5669855386290624,0.12389583080892819,0,0,0
27.10460373408291,1,1414,0.8796542373140652,0.5164526023450734,0,1,0
64.42480721624709,2,87,0.44908186903177805,0.11476028452172748,0,0,0
55.98337036345711,1,2415,0.5988491517552005,0.30645925274844843,0,1,0
46.836872536570354,0,1733,0.7338009456356,0.23132517456967983,0,0,0
526.0804986469193,4,657,0.8552654303948526,0.012453706183359392,0,0,0
134.96044168745155,2,2057,0.6484848327490268,0.9318293011680614,0,0,0
25.511161076093718,3,1370,0.6293063026318518,0.781703537835632,1,0,0
225.39669688843006,4,903,0.9875924214383508,0.518990423862813,0,0,0
751.5638710605251,4,408,0.8624157917260935,0.3448736596917297,0,0,0
252.76627829410765,6,1975,0.7334177407631147,0.41159552443711234,0,0,0
19.700224547829993,3,1312,0.8319421677808877,0.20519038365751752,0,0,0
55.465761869317944,4,276,0.9998950412741785,0.968200442625818,1,0,1
319.54916696310136,1,2451,0.5057193979916853,0.2854791474699161,0,0,0
44.35966161873259,4,366,0.7055330266779812,0.07470444937423082,0,0,0
140.30511277076192,5,1038,0.8134111585996872,0.5644529800370972,0,0,0
195.31898711917773,0,928,0.44419092572229957,0.7487884854968997,0,0,0
35.62577983383947,1,1801,0.95493707175827,0.9713866845125494,0,0,0
84.81518913685629,5,689,0.38221713056196815,0.6215035343806836,1,0,0
3.5209564094377916,5,602,0.24307145173067835,0.18440660569296174,0,0,0
32.31761244860546,5,1629,0.6770915140323847,0.39109693758841035,0,0,0
69.92560202319478,3,735,0.08074781281025034,0.3166556661737451,0,1,0
25.847575825211287,3,136,0.12664251938375481,0.019530745274956685,1,0,0
460.5453376444728,5,1754,0.9704817893302673,0.3921766353033358,1,0,0
21.53885734001078,4,1786,0.28165068603342014,0.7996199368725502,0,0,0
57.97173205071614,2,2186,0.03314742830353046,0.40531919974780595,1,1,0
102.59001181698062,1,420,0.4746435185077412,0.851780059122683,0,0,0
380.41900464812943,3,1511,0.8673442502339351,0.7429249948108636,0,0,0
21.41599020437758,3,24,0.33331581704959967,0.719353245988685,0,0,0
288.0585482918891,5,1265,0.41932377458307657,0.38104783309534296,0,0,0
90.94301131176633,5,1014,0.15684872101039504,0.05335577808377823,0,0,0
33.7334979782683,4,1781,0.3460928276669456,0.8824385999811706,0,0,0
142.89405395860265,2,2378,0.9654131056442741,0.6382877007117502,0,0,0
109.84383723007952,1,1382,0.8772116889514753,0.09051916362920964,0,0,0
49.39173600448612,4,458,0.739850751244375,0.08156233865637852,0,0,0
96.52500413510393,2,2046,0.7862181791678473,0.6142746151988195,0,0,0
61.233008772131505,2,2465,0.6693477449924663,0.4222103906742867,1,0,0
100.83820939311337,3,1567,0.11795242471497547,0.1907174190829669,0,0,0
174.5359389876921,1,77,0.11744578517612803,0.23943177078908973,1,0,0
439.66664560493984,3,2223,0.5371868642054433,0.38573371041341675,0,1,0
26.106504587036635,3,1952,0.5954509131602395,0.750209777967914,0,0,0
759.7833863209414,10,2495,0.9718219990373286,0.19697083714826458,1,0,1
12.780393010572041,2,2070,0.45117590959938125,0.70229117616473,1,0,0
77.34027987735887,2,1671,0.9174776504994314,0.1790394540957213,0,0,0
162.11682324505574,3,1158,0.9903354162607727,0.7637322339659056,0,1,1
119.22254441362577,9,524,0.8445012353163339,0.900253552572311,1,1,1
48.293669227787866,3,969,0.3989804972083498,0.44278683596519397,0,0,0
73.10360997817398,2,1978,0.7534380023962293,0.641324349258211,1,0,0
54.98162647562923,2,899,0.5454618131105692,0.2663527463409726,0,0,0
49.93066000622765,2,100,0.19881695349837403,0.9276388536176706,0,0,0
210.5245128678122,2,1677,0.12970164799072592,0.42587495227102357,0,0,0
128.63970162429013,2,184,0.0700828665794967,0.49669786517160575,0,0,0
45.019260294196364,4,1171,0.32643315492569425,0.26146833902141664,0,0,0
221.31784377901118,1,279,0.6887608623247738,0.19401267619920592,0,0,0
122.40063045934579,0,2347,0.9138562439863904,0.22742715550657644,0,0,0
202.93020837879425,2,2328,0.3204375445562113,0.47582994316456917,1,0,0
168.95439761679376,7,387,0.5310214472144238,0.1376092791993998,0,0,0
39.291373425896275,2,225,0.4688117370645525,0.38787979276781526,0,0,0
51.40929330940528,2,398,0.1087631674567685,0.3820346011473005,1,0,0
190.0512181651092,3,1441,0.7602788781669153,0.4331510247733438,1,0,0
165.73170823730325,3,855,0.5193717303767873,0.42199966533023114,0,0,0
88.15515667829649,2,155,0.9173083613018439,0.2744200527259465,0,0,0
101.22313964235455,4,652,0.8354492092461823,0.3668046853753796,0,0,0
323.00406096427133,5,1070,0.2782733242888532,0.9023643167483293,1,0,0
49.82060289191526,4,711,0.31261939151192253,0.03747248775555423,0,1,0
155.57024736754332,2,228,0.5369860539202389,0.0877854841881166,0,0,0
73.53837270230652,5,302,0.1251460068570528,0.9288447924821653,0,0,0
72.40814526854437,2,1106,0.25111915451453726,0.2710002477087775,0,0,0
270.09583811211127,2,2190,0.8210929977307438,0.30417579679214435,0,0,0
205.49389983367476,4,1365,0.15300419499889717,0.34408295375863973,0,0,0
203.0616517226604,4,427,0.5462416116063952,0.10337828994348819,0,0,0
332.1141739225184,2,475,0.3939655699095842,0.7689820530555985,0,0,0
91.92783266153879,6,1638,0.20093089008709897,0.16316830349825295,0,0,0
178.03015949326598,3,1167,0.9697736981082329,0.7017545383655306,0,0,0
66.00518129445456,7,1610,0.825123453151822,0.23250747418307371,0,0,0
124.48265046364152,1,1438,0.2666835533406079,0.682108934317163,0,1,0
79.03232497156985,1,1068,0.7852824127316285,0.9718729545875098,0,0,0
99.18590971040918,2,905,0.006417747059272894,0.5096975509542966,0,1,0
163.22947379155858,0,2289,0.27756578517321606,0.3189126440125317,0,0,0
39.71700036312848,4,1106,0.10799807143767548,0.3779749512857157,0,0,0
729.5203589677365,5,2443,0.42408189244595973,0.3839239908034888,0,0,0
32.91678198669656,2,278,0.6379128835412831,0.12533241881133617,0,0,0
26.730664437510246,1,1940,0.1713109081057803,0.818795103850014,0,0,0
286.60669451136374,2,858,0.23907376059211727,0.37923159345578117,1,0,0
198.67348414269028,9,1373,0.39270398697585784,0.7178939188958512,1,0,0
168.02618276509185,3,1875,0.6307759133831237,0.27037972931762,1,0,0
168.73771199000427,2,738,0.3107263511961418,0.3564029291669726,0,0,0
88.92143500761549,6,2096,0.6015028514899954,0.8869043846536779,1,1,0
36.69885767352716,5,2331,0.34925013361634205,0.42495359193786,0,0,0
97.10613525306452,1,1374,0.2578611379575457,0.35318398068333,1,0,0
45.73383008528783,1,741,0.8550498749710486,0.31365988716196547,0,0,0
238.67904307743868,4,1951,0.3829749936592337,0.8929358224613348,0,0,0
77.70678825586549,0,1884,0.9183742547197518,0.42284031832131896,0,0,0
39.42904798667995,1,945,0.3055746478564645,0.8771360556296212,0,0,0
65.27532923238267,1,1728,0.5428721626076404,0.30028884565385516,0,0,0
136.0376185231921,2,1336,0.05359615819389252,0.9783036202495957,1,1,0
51.22744620947169,6,985,0.6802730892929567,0.5027998779101407,1,0,0
39.558461054117984,2,1557,0.7954727079476056,0.16462122157061998,0,0,0
114.85692363736356,8,1852,0.9714136610308892,0.42407031704015263,0,1,0
115.00396098394255,2,1937,0.8366114043751687,0.6817676726276226,0,0,0
54.2203784871948,1,233,0.31251979541872266,0.8878305099039626,1,0,0
56.202525543235545,3,745,0.5566027173603824,0.12708568501258077,1,0,0
113.52804936486869,2,785,0.5918738793217404,0.5584442739313834,0,0,0
21.155832980363705,2,765,0.05678579027038122,0.5326474779550197,0,0,0
22.032887546970287,1,711,0.07265694203963202,0.3283686294057838,1,0,0
43.88426285683339,4,1689,0.32580662989014797,0.4085803459141477,1,0,0
72.7153750401035,3,1698,0.7444240152374687,0.30460772876658293,0,0,0
122.8430550719077,1,1818,0.2855336616704989,0.30239785171239086,0,1,0
393.6082860644621,2,2054,0.8741252311710171,0.5333742194344928,0,0,0
212.22767205223485,2,1034,0.6449905930396197,0.060051250535606004,0,0,0
76.71225469846932,2,1361,0.46813804429435935,0.4813211827505287,0,0,0
88.32151996217115,4,2160,0.5405587006261965,0.3243024492903782,0,0,0
33.03179674740951,8,2128,0.3314290132727268,0.46437781557874047,0,0,0
88.36596321607797,5,2096,0.9739156681795187,0.9749840480062346,0,0,0
67.44694987380653,2,91,0.17595599127913397,0.7412598412865538,0,0,0
124.30255586067953,4,1669,0.8603968207899264,0.8614808837212263,0,1,1
39.36074722770901,2,696,0.6781507096976804,0.37148002429745575,0,0,0
151.31239098587352,3,2124,0.71156164185805,0.7058290596964074,0,1,0
416.85519737904224,3,263,0.8358108409286438,0.46314932135131526,0,0,0
80.74046313552368,6,401,0.13622318393254695,0.5971009004204593,0,0,0
134.51984331481012,7,1258,0.6951607997986212,0.43797559790796536,0,1,0
179.49439677646495,3,1001,0.776270201320281,0.13170919773312995,1,0,0
60.266688894475706,3,216,0.984613656778483,0.947344231903699,0,0,0
112.62823980404838,2,1995,0.747558987840718,0.7063643538184362,0,0,0
91.15783009004296,2,1369,0.9517532193906661,0.6006068563080895,0,0,0
99.2533923218898,1,1198,0.8497335688883274,0.5607859522193602,1,0,0
41.55385164924108,4,2085,0.8756813134776865,0.7228869585892236,0,0,0
92.2507279788311,3,903,0.9169209216804657,0.5325477755378369,0,0,0
148.11637631815614,1,1553,0.5311589513202775,0.21591609172502846,0,0,0
384.19245341047434,4,1833,0.7110198975324729,0.007310645695287499,1,0,0
234.9260599407832,1,2368,0.12395899345343653,0.3830835769086598,0,0,0
775.2475963651327,5,1875,0.356448233782635,0.563611803250296,1,1,0
41.7898061221021,4,2093,0.8794045263588542,0.37175330145124963,0,1,0
215.36206536922663,3,878,0.9776817478316161,0.5333133442191107,1,0,0
108.13084328546766,5,904,0.11166948108910646,0.6648771829947442,0,0,0
804.1637625628259,0,1902,0.5861288131318354,0.8098587148396721,0,0,0
40.11304987429731,1,1133,0.7345979976140163,0.29864281039426344,0,0,0
38.87215396124255,1,347,0.5160796418069681,0.6331802414453652,1,0,0
49.43246302169262,4,1162,0.23296204257832254,0.8917764486290278,1,1,0
10.762891826022255,2,962,0.04171902401217353,0.1524310422906614,1,1,0
53.2099270869702,6,2375,0.951497355523487,0.6904948477756524,1,1,1
42.13451920961145,1,2128,0.23682937683510075,0.9144561292306728,0,0,0
104.62617783999458,4,1142,0.29910543651826527,0.6713397726935201,0,1,0
126.69162394350347,4,2310,0.6427852096352921,0.09258811124998101,1,0,0
587.6730989992157,1,1104,0.42862908680261325,0.28313486661008425,0,0,0
232.85683861564237,2,601,0.4234683796721974,0.18948026236234172,0,0,0
50.5567437627301,3,557,0.0826032262403038,0.9123598694406166,0,0,0
36.65630068822031,8,2314,0.991877050598809,0.9920471234979331,1,0,1
147.21869046566104,0,756,0.28440336678848466,0.4328399377645089,0,1,0
24.0411463341592,1,393,0.11001875115347881,0.8961957695928268,1,0,0
561.9757872914868,3,2050,0.6815704886793753,0.13507178317593072,0,0,0
292.78545951312657,1,1813,0.752206104836236,0.00343695697720936,1,0,0
56.307308932191376,4,633,0.02535503083574908,0.5683675995673368,0,0,0
16.230066370815674,4,980,0.26924788692143997,0.9873850024837484,0,1,0
348.581608725467,0,535,0.194365826701711,0.562352854539347,1,1,0
80.27515370845377,1,2469,0.788754711119515,0.9805108395319128,0,0,0
310.38588446639295,6,1772,0.18375347510950613,0.45074799202279103,0,0,0
18.27570059596671,5,1572,0.23523117760899837,0.3820412217612943,0,0,0
49.43333415246594,2,526,0.9868332697015871,0.9295787158155259,0,1,1
90.4903938454738,3,1551,0.7021109855450238,0.048808863106120315,0,0,0
94.34710557039769,7,757,0.387659601354029,0.32678777908790535,0,1,0
57.39369927204345,1,291,0.7538590716449182,0.4434976239765761,0,0,0
167.81294430839986,4,1711,0.46647420384937477,0.08693534199470276,1,0,0
30.950203388184764,3,1316,0.2126673385851836,0.5170955319329981,0,0,0
78.07114411225018,2,1807,0.48797257010564576,0.3753020362012277,0,0,0
101.52404141964197,2,2002,0.7720243575444348,0.4369789552935811,0,0,0
150.57161739003894,3,1722,0.17833737259912674,0.6863300607090184,0,0,0
183.38997164426715,6,493,0.4855323175396875,0.07035167790722296,0,1,0
29.234745262945836,4,1439,0.11932108226942262,0.9617933874979522,0,0,0
19.4118912488726,1,868,0.8426814329362126,0.5224356708459859,0,0,0
323.00791316923096,3,1773,0.8188054229075508,0.838810911645279,0,1,1
125.50103580694748,3,1866,0.6734557803700654,0.3184953665958907,0,0,0
42.58548482661421,1,462,0.9200223800683033,0.3135184301626813,0,0,0
424.60187939133914,2,496,0.39994976402269966,0.9038138660596532,0,0,0
101.0559813713065,1,26,0.13197681659808802,0.11747647492388125,0,0,0
292.74361272898176,2,766,0.9756322928994872,0.10377812137645082,0,0,0
96.30483078012183,4,2078,0.5130754701760337,0.6970847271831,0,0,0
706.8001303596919,0,2444,0.47551507540830373,0.4660273476567086,0,0,0
520.786850772638,2,1823,0.06372355749679004,0.717315340911916,0,1,0
70.17806876882842,0,1133,0.5703768483222209,0.4329012812578922,0,0,0
237.83352424355223,5,1903,0.6447410835154683,0.21174319932179686,0,0,0
171.63599902586006,1,850,0.47318808944239044,0.7152455438328483,1,0,0
353.7645424572792,1,334,0.9104088632657623,0.0390553522428404,0,0,0
34.29763973521789,1,1428,0.7423774195658883,0.4479620697743226,0,0,0
178.76131137622687,5,1466,0.03862080981979066,0.45865171292214135,0,0,0
259.4138043297984,2,1255,0.5425693728622855,0.07792801935071503,0,0,0
15.506518960082685,2,2196,0.9936731603634449,0.24163151116803472,1,0,0
27.57036564399482,2,572,0.1997476947178516,0.2599714248615713,0,0,0
11.713802205769952,1,802,0.6171747803386365,0.8929903979391586,0,0,0
68.7580049603481,2,1189,0.2734950939133607,0.5126400224830923,0,0,0
184.480221242424,1,195,0.37148344013825296,0.6707636843134391,0,0,0
404.38081772062316,8,483,0.033634484605755355,0.05490927217192232,1,1,0
96.94024719756194,10,127,0.687917053464956,0.10348010107103811,0,1,0
458.80053235332474,3,225,0.7657252079411417,0.5633702115671271,0,0,0
22.644082098477405,3,556,0.7729167418124812,0.8351166008110457,1,0,1
16.3891177154503,5,1622,0.9705427100919546,0.052980727922889326,0,1,0
85.1532267347839,0,155,0.8378776704037609,0.983473219860711,0,0,0
132.16689089190422,2,2086,0.20760599181025363,0.8854422539532896,0,1,0
87.12163554361055,3,604,0.23055645211530984,0.8731460811154733,0,0,0
11.387974155468182,1,2061,0.7679898743097148,0.008674043412819077,0,0,0
82.34188924261008,0,2397,0.7769063735244984,0.40639238257028776,0,0,0
24.423126712596908,1,2453,0.1230422429405682,0.7957646135188468,0,0,0
175.85724339485816,2,810,0.006632325924661564,0.7586045497125113,0,1,0
129.87835038669897,0,225,0.40138041581622397,0.3456409596168659,0,0,0
35.16742449626497,6,304,0.6946739054570182,0.8776397635856176,0,0,0
53.84626719681216,5,220,0.8666644287886509,0.6360596529530881,0,1,0
31.211495676100615,3,2126,0.16533012741295527,0.9939500339082122,0,1,0
84.54812532595159,3,2026,0.8152910892840669,0.3347249894612174,0,0,0
233.95816574357403,1,278,0.6844544421679479,0.6435476501021249,0,0,0
33.59153006069905,2,2021,0.1659552773810875,0.4244908038068792,0,0,0
149.01493197443625,6,2018,0.873282889143548,0.64755449520752,0,1,0
52.97088280914388,2,529,0.9329886173147851,0.25976914728668843,0,1,0
40.7366088188428,5,1121,0.2658068385210437,0.382476498433445,0,1,0
80.88024792453133,5,481,0.1486912021388057,0.9322296904990821,0,0,0
31.9687120987908,2,679,0.9676262384751578,0.2890597432059463,0,1,0
51.746184225439364,5,1095,0.022884362703576522,0.62070363493629,0,0,0
27.170235944568034,5,1983,0.948399598836667,0.9185887292562483,0,0,0
642.0878503734792,4,1715,0.21622484312982193,0.4810206133164232,0,1,0
93.24808778361422,4,1182,0.43813026799089705,0.695093384996807,0,0,0
44.71345629534492,1,553,0.3083518211346761,0.7480481086200877,0,0,0
111.49501827278948,0,2098,0.15370810071109775,0.5441098577199295,1,0,0
80.45290243660918,1,1820,0.35247697465736505,0.37890918574610166,0,0,0
72.17042965690082,1,2450,0.5392478272510387,0.808426044472804,0,0,0
166.3620936818419,4,1723,0.0938268379249797,0.5541171212286026,1,0,0
192.0023689143623,1,2114,0.809177352451868,0.11613728584639771,0,0,0
52.95798442104366,4,1259,0.8003815315834099,0.8745446379921931,0,1,1
50.611648603536324,3,2317,0.7974816660158254,0.29744484304869434,0,0,0
68.37096887284669,1,1281,0.6864487609217504,0.4934418345189713,0,0,0
9.007691606193799,7,416,0.4552623730947938,0.21380648862836993,0,1,0
19.78272214487919,2,2449,0.8337242020765511,0.49265897165048256,0,0,0
353.1434214381391,7,2024,0.8518489892222252,0.12925262995321307,0,0,0
466.364591540226,3,1687,0.28545699663179436,0.5662629585054815,0,0,0
70.17302377320874,4,839,0.48095025095227084,0.5227803606854438,1,1,0
160.22145676992915,3,2354,0.20296287053312445,0.8184139250474716,0,0,0
122.88514695430585,3,932,0.2557904240225465,0.5598995149102345,0,0,0
1956.4381106324179,2,2310,0.23895374082120824,0.40874387745693197,0,0,0
275.7721307357615,3,450,0.826947188440182,0.4663357906531733,0,0,0
79.20840433403197,3,877,0.2508154663525545,0.6047342138993421,1,0,0
34.620969707715844,4,2080,0.546313834902759,0.83957822751109,1,0,0
18.057365811596693,2,69,0.6282461836312717,0.041731229713652396,0,0,0
110.32864968987545,1,83,0.7446827037514431,0.926594530127515,1,0,0
42.251897106144284,3,770,0.029007275344871908,0.08388230583576795,0,1,0
21.709420492112816,5,811,0.47574744903143573,0.3447000700949183,0,0,0
47.15439018424259,5,471,0.2926087022145256,0.3361792894732448,0,1,0
30.522130064192226,1,1988,0.8339739183439755,0.53174817279028,1,0,0
486.45365502932253,1,1028,0.03674903085027581,0.354661375819755,0,0,0
217.3784311338578,5,1129,0.20699410350755676,0.21927016497190988,0,0,0
89.30231029240743,2,2196,0.31575873863494264,0.243424067195532,0,0,0
395.41827903439753,9,122,0.07784141564380409,0.9852949652561165,0,0,0
97.25810370836301,1,1532,0.39541783145729403,0.8366424561013952,0,0,0
38.042950534654274,5,1891,0.7437684035213091,0.8054726593152842,0,0,0
412.86640962991765,7,1934,0.21231412056242793,0.4192710074903869,0,0,0
154.3017411797124,4,689,0.7544687083121747,0.936182813218331,0,0,0
31.90471631327114,4,1411,0.5290142092822838,0.0627165076141214,0,0,0
74.41528184699423,2,1999,0.3447238624017741,0.12531302547748635,0,0,0
37.50153054269122,5,533,0.36880606315982156,0.24672121680745074,0,0,0
22.583064546834066,4,317,0.11630512412633598,0.6416947058017131,0,0,0
227.27882041661294,7,1794,0.24978100783951174,0.16685549627638485,0,0,0
607.5391639050139,3,149,0.7312243927328692,0.33599905579958544,1,0,0
22.229770992271266,5,505,0.8627456215949734,0.177216956354883,0,0,0
158.0591352424716,5,1883,0.26559818656542433,0.7996653555774161,0,0,0
46.96287663973117,2,915,0.588669283931301,0.9091849563513236,0,0,0
55.30562472223186,4,433,0.03472670943941858,0.8504104715617694,0,0,0
49.77964053104138,2,592,0.07740624102674398,0.027320486673572786,1,0,0
37.940123905159524,4,2312,0.9643672726340156,0.31720425689117915,1,0,0
94.49260976955077,0,601,0.896506097041983,0.637582422874584,0,0,0
39.214629691536125,3,2024,0.08128233658906103,0.0006938139441120539,0,1,0
117.97312281648227,5,2453,0.8223279697229658,0.7463590610673869,0,0,0
85.60655784489758,3,1148,0.10250320944084212,0.8687832067995613,0,1,0
70.88451143135751,2,264,0.8285043299512872,0.07758098701328586,1,0,0
36.32246200650489,2,659,0.9135007081355435,0.43122178378612874,0,0,0
50.56343413124647,5,1115,0.1530855771006172,0.302821679056386,0,1,0
191.596428664656,1,2276,0.14723290150283141,0.9469393494922512,0,0,0
148.54934425952413,1,996,0.9265722336621708,0.32473470871883714,1,0,0
33.86712416524944,3,1178,0.30143180672064507,0.5809366377230858,0,1,0
99.41791267541954,4,2420,0.4726554927688491,0.009060444849529059,1,0,0
190.83079080363285,1,361,0.3044395992141553,0.8366026610547191,1,0,0
16.95554160731922,7,2382,0.7493360049661021,0.02928640450252018,0,0,0
154.9899370230773,1,1505,0.21108653434182756,0.5692318617226789,0,1,0
46.40356281331609,2,2263,0.49412009433444415,0.7407131708437253,0,1,0
159.26964854397232,2,1709,0.8504636144250612,0.39662406208282064,0,0,0
41.96100956678207,5,1600,0.9426480254993442,0.0316672307263276,0,0,0
14.807264417014464,3,1566,0.352735679409099,0.900720786353171,0,0,0
17.68041557164574,2,178,0.11397029615909804,0.3660742003640475,0,0,0
94.45135562355286,4,1470,0.8096865421498933,0.46616094909321926,0,1,0
116.71353360014042,2,1180,0.11075027608970744,0.8130803954834096,0,1,0
36.440594068082085,2,1055,0.779287438455794,0.6606687957998677,0,0,0
170.47564786941896,5,1636,0.6889876418979041,0.32536990080887407,0,0,0
17.089768271485557,2,640,0.5775595838415446,0.5406407628535975,0,1,0
84.26109073606042,4,2415,0.9394894884153856,0.09396386981864058,0,1,0
26.815599799336262,0,2276,0.32239320367353086,0.4811697882515781,0,1,0
46.90685806673886,8,116,0.09332931878863138,0.4282804146405653,0,0,0
94.38655822386167,1,459,0.9816041469063393,0.7599464059783394,0,0,0
38.0760941364388,5,1325,0.44114783725095974,0.7999982556362377,0,1,0
61.27944421362316,2,322,0.43339102986130495,0.8722523398166044,1,0,0
246.23658692151628,5,1220,0.08952974353531551,0.8572382167711038,1,0,0
50.55733963506384,1,1440,0.74355243026619,0.9983468409061157,0,0,0
207.61639290374924,4,2473,0.7201175924296063,0.7074563211551649,1,0,0
29.087052542109348,3,183,0.14529632157016592,0.6207296500054099,0,0,0
152.90306796626194,3,517,0.23380669520212405,0.1471764166004944,0,1,0
380.5313709901659,2,1343,0.01641446590564366,0.4681601643223702,0,0,0
7.601575282846311,2,1284,0.8897288800744235,0.4304547722750304,1,0,0
40.5730780535744,2,2419,0.24452809242018458,0.7345992377319396,0,1,0
160.30401838104007,5,2345,0.9270408986591575,0.2746784754896896,1,0,0
73.47569078962991,4,301,0.5711696204732667,0.8708471389194843,0,0,0
130.47033375490568,2,1724,0.425407637709728,0.219814916371733,0,0,0
49.205962898781046,4,2304,0.007830490502894416,0.4835750678058899,0,0,0
98.15911529480208,6,1205,0.09227228361697093,0.9443474377816958,0,1,0
77.0398456981291,6,2429,0.1586840756028609,0.3439809702953769,0,0,0
289.3919685270727,2,523,0.10569625752610046,0.7279573038436483,0,0,0
116.09639568470338,1,1004,0.2562033505253929,0.3356193434790794,0,0,0
126.1665250908156,2,690,0.15458498122579556,0.5143986397982474,0,1,0
59.627867117322374,2,2171,0.6638337424042154,0.7756362836689904,0,0,0
55.27903794112777,4,479,0.2970314580476604,0.814576296085841,0,0,0
58.40735432804537,2,560,0.7182916178852403,0.8424902105365611,0,1,0
133.54682192473655,3,468,0.135492744842462,0.09954882237319007,1,0,0
59.087270921774426,3,2230,0.20910751195668054,0.854883006628134,1,1,0
120.27428668848317,4,2438,0.7874496252684299,0.14637683759414888,0,0,0
717.2330327797396,2,1330,0.6340769027639227,0.2728124308896912,0,0,0
215.10466065617894,2,2304,0.09644704999182241,0.9710905102470477,0,0,0
64.97330334976883,2,1362,0.9594169812490668,0.14421915166304167,0,0,0
299.2304230248563,1,213,0.7625345375360276,0.2510835511785763,0,0,0
59.85497942635055,4,899,0.552645408672322,0.33578140054281524,0,0,0
11.72678410021536,1,1321,0.342910756540592,0.8061963271984326,0,0,0
32.84874988917958,4,2268,0.09394119207484497,0.32087912073824965,0,1,0
13.862787321278839,7,423,0.3582018193880062,0.8259774227077379,0,0,0
63.33806656639414,4,2247,0.32302286187055673,0.2055933208477999,1,0,0
91.69046368921512,2,1215,0.07837160096698903,0.6010185413948924,0,0,0
481.27426844840375,2,129,0.7837583880530913,0.9597280601310695,1,0,1
124.8268246274807,6,161,0.41533557070242244,0.04102143565056937,1,0,0
72.3054474337177,1,1057,0.8895155564340728,0.9085596440291628,0,0,0
206.31530000355178,2,11,0.15796332737330332,0.16483930681409964,1,1,0
9.86373293709839,3,1468,0.31757243859001183,0.5809674773885379,0,0,0
113.93345593651068,2,1778,0.2790365774024729,0.0488035424488199,0,0,0
194.58424273467077,6,1782,0.8651615173479805,0.5712975158416396,0,0,0
20.52028182192419,3,2238,0.507733540372697,0.6150097441887584,0,0,0
282.5213274702956,3,1839,0.1418218600377542,0.8076664300133344,0,0,0
126.27933624939224,4,1425,0.3574468313532584,0.41609086277561635,0,1,0
59.424826054540596,0,842,0.9431825303394372,0.9157494526329868,0,0,0
169.4879556368853,3,1608,0.5514873061410988,0.3704019689818483,0,0,0
871.9157984223776,4,2293,0.036733554399478674,0.09158939935590682,0,0,0
107.97138680791751,8,2441,0.05784498568213248,0.386757338217931,0,0,0
115.37879514736325,3,1107,0.23568071969441629,0.3062657313578987,1,0,0
56.8626721550977,1,1138,0.6213243995124651,0.4464331364889844,0,0,0
38.480654347870285,4,1093,0.24526070305929026,0.19957341441313659,0,0,0
206.5073110849827,1,813,0.8501145520833551,0.37034113855919226,0,0,0
38.24130346733413,3,107,0.6294218654727788,0.8862413479814444,0,1,0
96.69543922886167,1,360,0.30073059504719934,0.6524554238716556,0,0,0
55.831741583304535,6,2198,0.39393469230981415,0.19811948318666828,0,0,0
145.326048110783,3,930,0.37525772206453767,0.052874895640699915,0,1,0
125.67033700465089,3,1862,0.3141837845757025,0.21665746064117997,0,0,0
254.05224739166357,5,99,0.6298862856812426,0.40916746202334264,1,0,0
54.05400293231581,6,1969,0.20167424817355661,0.3671316872066982,0,0,0
68.72582681176034,1,812,0.2921100778378083,0.8484866583998164,1,0,0
33.82622144824365,3,1838,0.08523642663193942,0.5859740932754092,0,1,0
57.72594581359358,2,1921,0.3760366046379965,0.8424878559316786,1,0,0
131.27580518042924,3,1876,0.064384498387836,0.9988771118753622,1,0,0
191.9027276153073,3,599,0.01790548736236952,0.29034294546096684,0,1,0
35.795947039920286,3,2350,0.6459797069786856,0.47745542173573763,0,0,0
214.7782112499318,1,1241,0.16245490443408805,0.7055535202805632,1,0,0
349.197567774425,1,1608,0.03519769296207853,0.5117537482899507,0,0,0
136.10612376213467,1,2229,0.06833332093825628,0.3268226055924752,1,0,0
588.0404938140304,4,1441,0.19921037388600793,0.8162058292123043,0,0,0
41.52147656210534,1,685,0.7208810280626937,0.892428315906443,0,0,0
25.928566036440113,2,2240,0.01186231143944716,0.2782333178490505,0,1,0
15.199761715168833,1,2142,0.7265199754537373,0.28145683183730286,0,1,0
401.8361070119824,3,899,0.5970581506447837,0.5674467152466006,1,0,0
173.18591252403903,1,1688,0.5139092507769671,0.8163882078184409,0,0,0
85.15007850670538,2,972,0.9092834023255479,0.5199246156226325,0,1,0
119.10061336164458,2,1351,0.8295877436437009,0.06004958733489241,0,0,0
29.209995218381042,4,1832,0.4187705158054259,0.29500460372334447,0,0,0
1038.7278057303545,3,1489,0.006700284496819253,0.5028493350454115,1,0,0
102.43425539183986,1,2482,0.7105764468147249,0.736684022633381,0,0,0
100.42335448553895,4,330,0.047726143029518164,0.7749456496092688,0,0,0
186.00371077151644,2,1143,0.2780539236053263,0.7523060694218411,0,0,0
145.62127312775436,3,21,0.49303452978649276,0.09482320954335954,0,1,0
112.60476404616007,4,2069,0.09934123999340927,0.6159993441799181,0,0,0
40.834427813553404,2,316,0.679271594947485,0.4254331120403212,0,0,0
144.23852562100774,3,618,0.32136903170555375,0.31352399181623425,1,0,0
591.1232239741043,4,745,0.3616607152381104,0.8276086981362002,0,0,0
345.64769927958116,2,1089,0.64832482013778,0.3583752995656654,0,0,0
442.83029998305517,2,149,0.39824190019261607,0.18251483101331833,0,0,0
53.9892160351839,3,1207,0.22456973344705278,0.6957383886887241,0,0,0
33.461488473861046,8,282,0.17675811659623497,0.13550798575291234,0,1,0
79.37735133564631,5,113,0.7240419321958679,0.29388192191949825,0,0,0
95.17572428642215,2,1237,0.7505849154199018,0.4444498144851611,0,0,0
268.8601936988699,3,1070,0.19570022164808776,0.14167302980387664,0,0,0
16.56903132700512,2,2494,0.3190065375482305,0.2873257116268709,0,0,0
415.5281324484489,0,1094,0.9566081225473033,0.6416105495161767,0,0,0
76.86050084324408,3,2230,0.9842293489629518,0.5574055841247468,0,0,0
58.73988277164788,2,1197,0.5853078803982652,0.8442800634115568,0,0,0
32.71702631266976,4,981,0.7569455551156801,0.1408906243931396,0,0,0
17.20402431292917,1,2358,0.7482532301405918,0.8638619713579953,0,0,0
205.03292663283605,3,1247,0.3955614734708658,0.0756190923053145,1,1,0
96.86497197206731,3,1964,0.04842884370461331,0.7434197763028795,0,1,0
24.78005511221728,2,343,0.7407038803918158,0.20689584367750213,0,1,0
24.653557928332617,2,1144,0.13577338242192882,0.9030946805309993,1,0,0
64.34217337106794,4,2082,0.29049843270677733,0.04155952973328392,1,0,0
477.71844191358576,3,1972,0.31554354413532626,0.5802418276221029,0,1,0
69.43622105889095,4,390,0.34909211256015793,0.012825192911004257,0,0,0
20.022508122453008,2,289,0.46568188036440705,0.7360395906646421,0,0,0
70.40448270431567,2,971,0.5016106944932915,0.03374033421928102,1,0,0
68.53033063437715,2,567,0.48352394537821186,0.7271545252083798,0,0,0
6.068511527091192,6,765,0.1628508181559407,0.8085240139188902,0,0,0
85.25997631009656,0,556,0.6488029451062877,0.8955267449956106,0,0,0
71.45482771202492,2,1124,0.790225537219857,0.3594167045049018,0,1,0
180.58586387706237,4,1052,0.4617407604378553,0.5425236570165717,0,0,0
571.895392805926,1,576,0.8383197230049072,0.7335285100815918,0,0,0
277.70656358232605,3,816,0.4442568462776786,0.8207339729211567,0,0,0
68.79364073191952,4,2363,0.5683189449732812,0.782843492420697,0,0,0
29.769193727104795,2,979,0.06954976264988488,0.8478017167978945,0,1,0
1180.1063060206359,2,1851,0.14684570096104643,0.8976435270904581,1,0,0
95.50880421921418,3,683,0.7673332361361359,0.6503187324682995,0,0,0
91.27977968312692,5,1264,0.24917844867399652,0.1739773178218491,1,0,0
87.8714466493062,4,781,0.09377652037147399,0.8334809705921776,1,0,0
109.73679883618775,2,504,0.5682474118250254,0.4632871467169415,0,0,0
77.91664395983426,1,1443,0.0943919639499029,0.05064500544889983,0,0,0
50.72089688922284,4,405,0.684074001355289,0.6260817302849815,0,0,0
52.09875534588239,7,1898,0.6891745510649478,0.727471221205334,0,0,0
87.1165371498205,8,2202,0.45305794463687543,0.4578575403363442,1,1,0
52.27797890002999,4,2262,0.6857670112460097,0.506668891774836,0,0,0
44.130635213617715,4,1383,0.7993737666310331,0.5499780624749431,0,1,0
100.12608358898873,2,1780,0.19767531139519023,0.25249892224247605,0,0,0
69.75734937813283,3,1371,0.6495332036170852,0.37398381685650084,1,0,0
405.0429004698411,3,2390,0.6923472843168224,0.8068859837913422,0,0,0
6.353654706079356,2,2471,0.19445133188487196,0.029912030796838684,1,0,0
268.1393617602691,5,1463,0.7268766177451235,0.556898744540673,0,0,0
312.963068791638,4,2292,0.7195464721912618,0.03178182042704625,0,0,0
11.320438033801095,2,1707,0.15725262981116206,0.2016379835713582,0,0,0
63.89955554740643,5,554,0.3174276330983298,0.37289408551628755,1,0,0
62.088397392558555,2,1978,0.9411523871195969,0.18643760430337297,0,0,0
22.03183174877726,3,1804,0.07114350265682479,0.8485123080206685,0,0,0
41.354585594590944,4,716,0.22894675536466258,0.8702050214580797,0,1,0
29.648874183905715,1,200,0.5788006955704659,0.15301132263109585,0,0,0
519.1902796461113,6,1009,0.9687008013950341,0.89233602885849,1,0,1
229.4484517469773,3,1224,0.25714485388122243,0.22999041331521675,0,0,0
321.0365870532975,1,1317,0.8167809749400512,0.012136399279584098,0,0,0
185.24366453370652,1,2328,0.36735421811479607,0.7368400718928148,0,1,0
29.106113231048617,2,1168,0.3524859933033374,0.5182347881087007,0,0,0
53.27566891101051,2,1604,0.9960569458165667,0.49839086977207847,0,1,0
146.84455249224814,2,1338,0.8172170527099096,0.002703205012607235,0,0,0
26.519284653609212,6,993,0.24852874472036102,0.9785385133978797,1,0,0
183.6438768266479,0,2101,0.18565213378460255,0.8325718615812844,0,0,0
70.78694576449715,4,2422,0.08408093885311518,0.9674406733677335,0,0,0
61.87889648805347,4,36,0.48270153226232426,0.24367358573022713,0,0,0
183.2699070589877,5,1165,0.33450904709075413,0.6036759389694595,0,0,0
140.36740569718458,4,947,0.38082157643198844,0.7467428538353165,0,0,0
62.74217281281325,3,1212,0.43140933456329655,0.8033358712684696,0,0,0
286.9562609757972,3,718,0.9910435308614893,0.7817300231239284,0,1,1
30.536926994114555,4,618,0.002872563377060544,0.5723272349272372,1,1,0
166.65663316705582,3,623,0.42606449076014696,0.03159993408001105,0,1,0
162.89425663175595,5,179,0.06497297731291629,0.9939771417357537,1,0,0
66.05274309481202,2,1038,0.6730159105187493,0.11487281799138871,0,0,0
124.72770762143007,5,683,0.050428798940754804,0.18082229675395267,1,0,0
25.761636388444384,1,1689,0.7668312377857465,0.8244346338318469,1,0,1
226.79057605552555,1,2082,0.8677850648701242,0.10057591564824897,1,0,0
74.82094532951305,3,710,0.9708015772411612,0.2133525064750964,0,0,0
53.371504475345496,3,1976,0.12087067403100882,0.020301890090891672,0,0,0
256.9828177964085,3,2236,0.9788914776672794,0.15667084691775457,1,0,0
44.50743747414365,3,1840,0.4123357642754767,0.6589600114129774,0,0,0
22.010920215474624,1,328,0.6325788189035613,0.3605359538992644,0,0,0
18.97971593405186,4,717,4.75389494578593e-05,0.1351342555791466,1,1,0
165.01063912142277,7,2339,0.3702588194633538,0.26399671822144877,0,0,0
25.01737660201702,2,2145,0.3528966111399746,0.7536770368365956,0,1,0
520.5022349950206,1,1901,0.5038058389992257,0.5568466007175235,0,0,0
11.224182383805912,4,492,0.13259240065820266,0.47604363987105125,1,0,0
491.0060101200824,5,801,0.6901858640519236,0.04665807896435448,1,0,0
111.1652093384755,1,115,0.5957025358897857,0.5117258588595026,1,0,0
81.71902902345333,3,310,0.21248782747958017,0.48152816947027577,0,0,0
52.19991743545358,4,1216,0.9836361140124472,0.44286876145764265,0,0,0
134.1738187673002,1,1702,0.0055930165525300835,0.48749256453890233,0,0,0
86.69231991565621,7,806,0.3359180699375085,0.07429659359387886,0,0,0
271.3207992932498,2,112,0.26172485390574873,0.933010729571394,0,0,0
100.90986056120542,4,1893,0.5600392929327801,0.3061328833294964,0,0,0
104.61655005748472,1,1327,0.888399642136278,0.6525160712932019,1,0,0
62.576373565629396,2,1918,0.6577751528376089,0.3589857732370546,1,0,0
85.03427208944697,4,2404,0.04759432533465269,0.32793605042607943,1,0,0
122.46212137363605,4,1834,0.8633982608232501,0.7249977365838524,0,1,0
16.278278428431477,3,1126,0.2650800548754788,0.4187742696093967,0,0,0
23.37844813036721,5,1591,0.1103243027511227,0.6158743033137252,0,1,0
189.28694552849868,1,315,0.43255397151554364,0.27422481660055364,0,0,0
106.79012269585238,5,2242,0.8987113899019246,0.2654644493239873,0,0,0
74.88972241219535,3,1974,0.03458376512196215,0.1990625446299542,0,0,0
91.69188984239427,1,1843,0.6256612878766906,0.300913348504088,1,0,0
127.43184916766624,8,1431,0.3324967557223646,0.06490274116824624,0,0,0
52.46993399236271,2,1316,0.6225728411356568,0.0778023610697246,0,0,0
41.33440791727969,1,1208,0.2663459883375219,0.8529096611712351,0,0,0
109.49131763383835,4,1664,0.9670961399088605,0.27986897152042134,0,0,0
33.839447994474895,2,979,0.11383028537199391,0.5383322562598208,0,0,0
135.40262614046182,5,611,0.15799397938520843,0.4964278124081546,0,1,0
16.40221514887158,2,1490,0.04566768720907821,0.6341905851533136,0,0,0
251.93109997397542,2,204,0.7949978394724941,0.647941535485333,0,0,0
144.4014809673978,0,2453,0.09395680848210164,0.3667849281220461,0,0,0
116.28333247245752,4,1400,0.27662351603359636,0.13343096149405576,1,0,0
240.49300020499456,1,2268,0.20560132654835062,0.17741315602910024,0,0,0
476.026937712229,3,1373,0.35353372385364434,0.35932464413911525,0,0,0
248.23355698413124,4,1447,0.7657816521188395,0.560109687859328,1,0,0
14.283796296416524,6,1257,0.9501920279440721,0.6142467117736797,0,0,0
25.038710148513633,4,2348,0.8788700156347843,0.9323555692973288,0,0,0
48.19144050024309,6,1011,0.8411657425182915,0.3052204689213881,0,1,0
92.39668027207593,4,1695,0.4174706815888578,0.10929491589706686,0,0,0
151.05726758856466,5,920,0.8018187016006626,0.5376581341470882,0,0,0
43.56509197292557,2,2474,0.7771509379434569,0.06659669495375886,0,0,0
108.50180019231112,4,978,0.24753069360952562,0.16561900372024618,0,0,0
42.292808832777744,4,234,0.2623954662970681,0.5541352187617277,0,0,0
48.83670574397308,1,2138,0.4989938077000846,0.9244720525814627,0,0,0
22.05057995038592,2,1928,0.9634776287522333,0.19554846673611348,1,1,1
35.75774016756346,4,755,0.10790172895235484,0.3624981774921293,0,1,0
23.296785609563564,2,1441,0.9883997911616104,0.4428544569065702,0,1,0
33.92413632465541,5,1958,0.15892955120233576,0.9534994609635931,0,0,0
258.1760706669499,1,1494,0.485610443239229,0.7356149866256436,1,0,0
34.834250452430084,6,932,0.30397184163535407,0.33215221812531237,0,0,0
1251.8554188468074,4,48,0.41975372854306636,0.27136647782206935,1,1,0
147.42475365219366,0,2271,0.9578335300217443,0.5185047008703975,0,0,0
108.29252427523146,5,1672,0.6318022366803258,0.3813778483128787,0,0,0
38.15444328740166,4,466,0.2975118962394806,0.6167982398884286,0,0,0
181.32842311458512,5,2019,0.628427028284498,0.5347553602285747,1,0,0
50.62078049783956,1,1084,0.4521541661850743,0.033765284306772725,0,0,0
101.69822144434123,1,1304,0.9433599419533832,0.0744752421853726,0,1,0
1164.543610112324,2,2065,0.3528449718250076,0.13404966863788315,0,0,0
81.77242632373363,0,679,0.5844746209904073,0.6507492677172874,0,0,0
284.08495373104216,2,1999,0.8494217393798291,0.9772505037565989,0,0,0
44.559419799383875,3,1591,0.9588425389316284,0.4526205682230049,0,1,0
86.92202996336316,1,829,0.7991680455821212,0.14939587895019935,1,0,0
528.9006651257934,4,1567,0.9355346224622711,0.6100450516298737,0,0,0
48.08801329514951,3,1125,0.46377534727189085,0.6254092845280176,0,0,0
551.3934159964564,3,1568,0.7645005915744486,0.75575551228912,0,0,0
182.68291324652253,5,206,0.09464963055478137,0.7098298460546136,0,0,0
51.291919446431855,3,1806,0.5938134191231624,0.6878424488764078,0,0,0
169.42455746812738,6,480,0.01350295397076584,0.7248396411463716,0,0,0
238.06754826118367,1,2121,0.2600465248276286,0.8192250866724828,1,0,0
167.63851457541807,0,1462,0.6655596972309153,0.8954579942694719,0,1,0
18.72342249842736,3,1715,0.17156212688627526,0.003406169479451937,0,0,0
43.50443227029095,4,1438,0.20014239172145187,0.6662199331252592,0,0,0
70.27958542861093,0,1943,0.061718420262772744,0.9412132376500699,0,0,0
83.56013655483194,1,771,0.7473879900131959,0.7578703548616824,1,1,0
167.44787311559475,1,67,0.44794502531728364,0.08136808003996643,0,0,0
107.52259386079999,1,1446,0.887949676509632,0.7363154993298718,1,0,0
23.680588011871052,4,2419,0.36225920877714235,0.25259633042539476,0,0,0
131.6567097216081,1,364,0.4352569950732832,0.18405611752304463,0,1,0
165.7674239288616,5,400,0.4949209532252927,0.20320104908791636,0,1,0
157.557496364444,3,260,0.8609101194035846,0.9721345346956245,0,0,0
265.2786347685614,3,1069,0.2921864038593619,0.6591134336498721,0,0,0
207.24924572194033,4,1933,0.05157956784198314,0.9778552417598017,1,0,0
142.4769281995107,2,898,0.6271913914331921,0.8471952031646591,0,0,0
83.9175096650731,3,1311,0.825700893939893,0.9248960569591379,1,0,1
17.099326324149743,2,2363,0.5562573891590055,0.5549388864583757,0,0,0
138.32669177328955,3,1443,0.32047810346736794,0.34874030327200867,1,0,0
110.79566922841131,3,1329,0.6304693675732336,0.738534111310999,0,0,0
118.1055642935389,1,229,0.9910032284048672,0.018065656990422174,1,0,0
25.10962965559716,6,750,0.5740417679909308,0.6437499686881487,0,0,0
30.537134254793365,1,1210,0.315216417113539,0.956484569855202,0,0,0
258.0498680689179,3,1971,0.24361554696838572,0.845863457255317,0,0,0
86.52599128989148,2,2166,0.9982266928884498,0.18946413178791033,0,0,0
177.94965930017855,1,126,0.8504219136449527,0.12804177500586378,0,1,0
92.60270715226406,3,132,0.27948553071065396,0.826480732036738,0,0,0
92.73594369048868,8,1726,0.2624460917419019,0.05339058458974122,0,0,0
230.0470391316624,1,1617,0.803670193683638,0.9953057467576372,0,0,0
53.7291278102402,3,1898,0.9922853483468134,0.46739938779119683,0,0,0
99.09914136217938,3,346,0.46560320994422,0.927592556615408,0,0,0
56.697193451284825,4,1963,0.22726557236902623,0.8112771794789713,1,0,0
58.2942681797983,0,2132,0.23034359394899362,0.6973718988469406,1,0,0
66.07747231116136,1,2090,0.7973516730008329,0.2057568602249712,0,0,0
112.40784963525454,4,2483,0.605016931350749,0.0856523631962317,0,0,0
55.770852614655645,5,1190,0.633751255438541,0.6556664553047866,0,0,0
316.00439621834846,4,1451,0.19432550470990673,0.1897408908610626,0,0,0
36.79613077930929,0,2096,0.130473484052543,0.8287133027828214,0,0,0
74.67372991872169,1,1066,0.010640841025823855,0.06709135817394496,0,0,0
57.98990488705323,0,185,0.9152022591295019,0.5238544304122824,0,0,0
382.5953427715297,2,1846,0.35498975022155865,0.42204852767533696,0,0,0
109.56903163494866,3,1256,0.7579760317490709,0.9248633493213542,1,1,1
252.6094296208975,2,401,0.8844580359452289,0.8985033521136412,0,0,0
20.377668644410047,4,1715,0.5985653219855216,0.7202996697185768,1,0,0
117.57192404757176,2,1161,0.4242570722812178,0.7553172319736116,0,0,0
219.12246964282397,1,1748,0.03866793597783125,0.7065321181794636,0,0,0
97.73737057851132,2,1544,0.33712818185214277,0.6747992185788025,0,0,0
261.2506718800428,1,1257,0.3216274816226845,0.9969451669278978,1,1,0
53.66234525629857,2,1983,0.5663465338340231,0.7360675122288483,0,0,0
368.4656310758,4,1392,0.7640671146212769,0.9455814163577114,1,0,1
896.8585197784554,4,1976,0.7111010545599887,0.4372260161469981,0,0,0
62.62480462003119,5,971,0.8699198139255546,0.9981245190278407,0,0,0
57.65618224958305,3,2415,0.046846196468343426,0.6144651655897574,0,0,0
385.0543438245482,1,2309,0.6050034190102483,0.90492942662994,0,0,0
436.8422499070476,2,1088,0.18900727487899338,0.09092386853822532,0,0,0
53.364192726044124,1,2404,0.9725386333275438,0.6105489936324198,0,0,0
59.13442149701455,2,1575,0.40911167623058087,0.9927970166482871,0,0,0
67.91217940362722,4,1393,0.6238553715110206,0.06656217029875666,0,0,0
23.46592781785706,2,1516,0.3515824503575352,0.9470496757047054,0,1,0
35.92193291014292,4,405,0.22017630590342885,0.14590011103402267,0,0,0
32.978612102725755,2,1956,0.687875682404944,0.9961188932093431,1,1,0
41.771004847362555,4,2066,0.9392592069084476,0.28893974231940556,0,0,0
86.94842376842112,4,368,0.05947989808974985,0.7936435587329689,0,0,0
113.77408054627756,3,1281,0.8252404544815561,0.027710883225482652,0,0,0
424.32534869620577,2,221,0.34159278835413365,0.2867950655900786,0,1,0
33.170003526045754,6,2321,0.1209234427477539,0.6031968741619947,0,0,0
240.88566419192654,5,1271,0.7132741142403318,0.2272542814688755,0,0,0
72.67599633235469,4,1594,0.08246949330597042,0.7607462050304022,0,0,0
85.67287722143077,5,1271,0.7277365829040905,0.6756628762085292,1,0,0
176.76470398275313,4,173,0.4357974831465703,0.9908814565254905,0,0,0
29.29093195227332,0,1352,0.1647379794414684,0.5843223078987775,0,0,0
131.94824286452067,1,123,0.15719222378849895,0.7681177254890672,1,0,0
106.31987175775095,3,1753,0.7482023758359245,0.07452494388579123,1,0,0
147.29704527111315,2,636,0.8282755636900228,0.04299225166881815,0,1,0
120.20139694928413,3,1255,0.6856252033646919,0.5816472384066322,0,0,0
1048.6932454190232,7,1336,0.7208452071965302,0.9853517434092987,1,1,0
47.57274512053803,5,1500,0.8481452435906557,0.26879164048165594,0,0,0
52.93173396906169,4,501,0.4285534697481175,0.001712963195741768,0,0,0
48.27237609626968,5,1657,0.16768307859719567,0.340916069239547,0,1,0
51.65168822199699,2,2369,0.37727005893385923,0.7390846927570865,0,0,0
47.589534455979525,4,1897,0.9792859614076932,0.8022715695017688,1,0,1
295.60276151800304,8,2109,0.4484889328684787,0.7810679552601918,0,0,0
372.59954908808663,2,1162,0.9238900927984357,0.08092344236876048,0,0,0
50.86900028286785,1,126,0.7027341928526614,0.7708291427522228,0,0,0
39.15955394012285,1,192,0.7377445508130265,0.08165427771777667,0,0,0
144.23090991979402,1,1970,0.19021241097227437,0.987164051333927,1,1,0
51.820040449933835,1,2241,0.3687307601385873,0.3704811776497281,0,0,0
169.51337254096265,1,589,0.7323856820188321,0.6934887768783438,0,0,0
110.26902048484064,5,743,0.6555645865646849,0.4845169775798759,0,0,0
19.77178427991867,1,2431,0.8626071065461023,0.2406469549775142,1,1,1
423.0562721686835,2,1117,0.20999132475342197,0.6108557783815662,1,0,0
542.3316274507007,3,826,0.7483089980371496,0.015921557682325838,0,0,0
48.77467920819398,6,1704,0.03944297347544534,0.5051564885213881,0,0,0
61.08696105593813,5,1154,0.2998004512192849,0.039039507115592786,0,0,0
119.80499636840419,3,2273,0.6304936669882516,0.5678031775430129,0,1,0
125.77024499113818,1,1752,0.9800446723285668,0.4572904518284864,1,0,0
173.91110409776172,4,2060,0.9893734472851865,0.8947268052822231,0,0,0
671.9638461920084,2,2396,0.43914837092508974,0.9660033310656905,0,0,0
75.41851278322777,6,2122,0.7646763189409035,0.6511010162546604,0,0,0
40.516234897741434,3,1135,0.600497592638863,0.18518767943169334,0,0,0
22.661801912937836,4,1506,0.7090960570142717,0.5235641789049474,0,0,0
43.3397383983768,5,2245,0.7319477066267849,0.0016275701903131212,0,0,0
87.08398755066409,2,2239,0.5473184045097087,0.7680675160518147,0,0,0
541.6163251097557,3,1810,0.8139377859211293,0.04116454204674336,1,0,0
53.64502322159078,4,1990,0.5844934060611169,0.8075684362783763,0,0,0
112.59394632882695,7,494,0.10061562790778877,0.2646779897399475,0,1,0
88.55086245449378,3,2308,0.9892039358511167,0.25003105985949026,0,1,0
295.418582234264,2,169,0.3038525085353908,0.08967985335198758,0,0,0
1126.5694688924018,5,177,0.9641877557129422,0.6857638917927177,0,0,0
52.93851930376897,3,1169,0.29261919110103696,0.3659917419939259,0,1,0
55.177792220228135,6,587,0.8531520475616944,0.08990574301164245,1,0,0
255.73989097449368,4,55,0.6895859510793491,0.3210089889837324,0,0,0
178.01921423845965,1,136,0.35687009994675956,0.9221106913689157,0,0,0
570.6107769992276,5,1047,0.9380040470028908,0.03494500781841814,0,1,0
161.4068482649878,0,538,0.5831464342817501,0.6690539161069288,0,1,0
62.84729588517839,5,2210,0.8297626719572683,0.5010058356250131,0,0,0
162.49623474353174,7,2208,0.7969404631286338,0.597644556301946,0,0,0
272.7903579489924,5,1729,0.04638414158768811,0.3916445424908881,0,1,0
204.4824558212227,3,1401,0.26886116551065553,0.48154170845956745,0,0,0
149.49665695972345,5,315,0.47221567048698687,0.7592983820165605,0,0,0
261.56287374832505,2,708,0.9330203208986549,0.4831783853792426,0,0,0
289.83030323425845,3,1241,0.06246123947353055,0.3762891052680807,1,0,0
358.5825831730972,2,264,0.18564367701738083,0.2757541230085926,0,0,0
172.2091777461979,4,1576,0.6245234472937105,0.4505007961054732,1,1,0
76.16346758281229,5,2388,0.6526996688252787,0.575719243870154,0,0,0
104.2418506534361,2,462,0.16398160399559136,0.3744821956950183,0,0,0
300.819063633415,3,2048,0.9483002932304532,0.9009874505667096,1,0,1
39.76807000050618,2,1185,0.17683546389040983,0.9959453002436672,0,1,0
130.14813593116645,1,314,0.1823437384601564,0.20411850122021225,1,0,0
60.74356724681062,3,884,0.635547626318827,0.644264593037001,0,0,0
92.64220570222048,5,131,0.42146367385993244,0.20615131368707418,0,0,0
323.2583544897713,5,2127,0.026011658614505606,0.5410509142716895,0,1,0
108.97288262492678,5,667,0.9205088715039935,0.3932923936423769,1,0,0
94.29579040209035,3,1491,0.07514185838961618,0.24541335639487938,1,1,0
23.107190797452112,4,65,0.1563172655868127,0.3420778015674736,1,0,0
189.8536602197686,2,569,0.8971040082750117,0.12334084148136659,1,0,0
171.65457646240208,0,1443,0.2753117248170813,0.07948926987188121,0,0,0
783.0955532173092,3,2017,0.8176789568315961,0.4501257954279576,0,0,0
66.16964116258694,2,947,0.17071434808421204,0.8152606687343361,0,1,0
112.07298688461468,5,52,0.04818420105886512,0.682900254800618,0,0,0
115.51306999744445,3,944,0.23473070455314327,0.5953322234936989,0,0,0
435.91761966038337,2,1528,0.7420158328242524,0.42050473965197144,0,1,0
81.83495438970102,2,2385,0.6625932635107161,0.4685520404541672,0,0,0
118.98786650501903,1,139,0.31061942196515824,0.021496440986371934,1,0,0
165.32223515357933,3,392,0.6334799018841337,0.9401406591397142,1,0,0
108.48469717333491,7,234,0.6649827439315399,0.31086223277172875,0,0,0
57.60252395755992,0,432,0.56468257785654,0.9144559535436856,0,0,0
109.2993002325786,6,288,0.9355242217569584,0.7162502498709614,0,0,0
263.388927041778,4,2077,0.7936208018437982,0.5617208652808141,0,0,0
32.24892471737234,0,1130,0.8159742464349246,0.44521384894451554,0,1,0
102.81894995811858,5,608,0.42589434714843855,0.3229681842842155,0,0,0
44.69578424863698,0,633,0.6838994279622843,0.6383054965880086,0,0,0
297.3906602695578,2,616,0.18335126958382897,0.9702261809457527,0,0,0
19.625173319889992,1,1925,0.2959549049018002,0.804325848331554,1,0,0
51.47406830138639,3,2346,0.5024195345620195,0.39112898098094606,0,0,0
131.2641722991567,4,1290,0.8162497735224762,0.48217471641968,0,1,0
430.7483432638653,2,1178,0.33693213137638434,0.46845613822070664,0,0,0
84.28886250718162,3,794,0.43981525838780644,0.25954385739724484,1,0,0
51.66602833181931,1,919,0.9573413902913589,0.8472881180643703,1,0,1
590.6106900339767,3,1100,0.28409798283416754,0.6928335523079028,0,1,0
21.157323272598276,1,760,0.6180652808380095,0.5975342183870899,0,1,0
9.986099174469249,3,826,0.10054368297980476,0.4333011258648468,0,1,0
139.7722692621557,4,2148,0.4116760552988714,0.23900026932926022,1,0,0
54.48610830256418,0,1952,0.3300899621587684,0.6398041828909706,0,0,0
32.41972983105787,2,274,0.013072130326836517,0.23676564731028893,0,1,0
182.79338061730706,2,2346,0.5852106213884593,0.008805254515077632,0,0,0
114.86996089985374,2,212,0.331422168878296,0.06663838238359454,1,0,0
51.20931091206136,2,956,0.25167396363059347,0.6940108518778391,0,0,0
25.020502814236647,7,2337,0.8925969448733769,0.3775481650547381,0,0,0
215.39150555785878,3,2257,0.2296203423327361,0.20640771022073934,0,0,0
172.466183221692,6,1595,0.4054856045206915,0.23786706552843906,0,0,0
81.51802294437172,3,697,0.9494289721637506,0.4944693838241465,0,0,0
570.5706475322647,4,2494,0.08030700015494963,0.9054464375390259,0,1,0
30.874025561033534,3,2239,0.9384346934230616,0.26879586740248373,1,0,0
19.579338050018993,3,1703,0.3902147720333612,0.6554538112135906,0,1,0
45.06437081183672,5,597,0.7909275744311344,0.8255896781596789,0,0,0
86.00573530685975,1,2321,0.35589693732164196,0.48868377603937885,0,0,0
114.81698768895792,4,289,0.4155503857541245,0.027032827131687642,1,0,0
70.72251228876878,3,2240,0.43777859856782353,0.7961702516159748,0,0,0
128.00321701254478,0,266,0.9468084336099465,0.8793670797882573,0,0,0
25.750668187689396,3,836,0.5502544067404408,0.031042064633120314,0,0,0
381.3679297683045,3,2291,0.2168761197179303,0.11620148256223717,1,1,0
82.91772255386083,3,678,0.6115110174020988,0.08703007911661464,0,0,0
275.14433969508315,1,992,0.8894711681811458,0.22118042391608195,0,0,0
126.81449462308018,2,681,0.214380967402939,0.496004359834052,0,0,0
142.1315758613051,3,2260,0.3375549805097202,0.03334272479966971,0,1,0
159.13728864078502,2,701,0.5714629667283111,0.16903046307756098,0,0,0
140.8518403151538,3,911,0.9872579676717946,0.40725134199593427,0,1,0
171.1812197327278,1,820,0.4653589767115809,0.6330701089919168,0,0,0
340.07035753623273,6,2056,0.5843490245265578,0.909584043043547,0,0,0
109.56534943118307,0,1464,0.13530850162527663,0.829868284320144,0,0,0
182.91174295781823,2,1634,0.7581551014343783,0.05391146231481103,0,0,0
82.29121066721572,1,586,0.2198708068864651,0.9669256003804338,1,0,0
379.9794663918306,1,78,0.3279215716412247,0.2670237349727279,1,0,0
45.76903166694837,4,892,0.7095650069544407,0.363538270279548,0,0,0
545.0842843615515,2,1933,0.7126646804531057,0.07451641688002464,0,1,0
86.47384941734592,2,2044,0.3187999210276041,0.9360484158946866,0,0,0
21.525211969948284,2,2110,0.8503167137650978,0.5459163138246939,0,0,0
102.31992404177362,6,1159,0.7947052546699052,0.5163089934241154,0,0,0
45.55627352419362,1,2476,0.615778999675349,0.015196873022377377,0,0,0
208.64694162052498,6,830,0.178697451976917,0.003437750426293684,0,0,0
46.86991604479674,3,1765,0.9048799690385716,0.6822137700329595,1,1,1
57.616936836787616,2,1092,0.527421487062734,0.4822796682745861,1,0,0
13.605297909487648,5,1486,0.3764040946313454,0.5075727040525484,1,0,0
57.26523271977758,6,765,0.9272804654911152,0.650230161201724,1,0,0
7.973477117404686,1,17,0.9716393686133459,0.14594183580455544,0,0,0
18.469065114799843,2,152,0.7171927772554729,0.99834621604827,0,0,0
192.5613214801696,7,461,0.7913757759625183,0.08076896281579182,0,0,0
197.51216130056497,8,248,0.246764762202629,0.2678788899775252,1,0,0
137.75235743950213,3,2205,0.25879549760096277,0.6938490534212648,1,0,0
34.22730977589253,4,600,0.5691996837308029,0.5159186873865369,0,0,0
85.82313800513529,5,98,0.9832031342589159,0.09657425553246313,0,0,0
89.69342449948974,2,1102,0.7432243894550857,0.7748480334016133,0,0,0
28.265311501242415,0,539,0.7459904797157214,0.9704327683726589,1,0,0
404.80209840520746,4,296,0.25759747820138323,0.47307616556355947,0,0,0
216.45058802784754,1,1929,0.4197819955952894,0.2531165647368113,0,0,0
72.17082123332018,4,2448,0.3425296076259162,0.10682741161116005,0,0,0
92.470145307933,5,2061,0.3022577055574761,0.20522802709178523,0,0,0
110.87271237496209,3,438,0.7311014154800772,0.3112284461750183,1,0,0
11.684522836232313,2,1423,0.09985411276157963,0.18796709992497596,0,0,0
70.30357264277139,2,2020,0.16544220207160032,0.684480632527228,0,0,0
45.51380797980541,1,665,0.41229575898652426,0.022941786840924627,0,0,0
33.06184803001538,6,2448,0.30272791573893976,0.40910897488346376,0,0,0
67.95866869772887,4,2422,0.9033711184090714,0.3741441569313557,0,1,0
543.3135138276342,2,1004,0.20044338324508193,0.8779983782397813,0,0,0
170.85971868668037,3,559,0.24884310803535992,0.2727806229853027,0,0,0
50.846994229535795,4,2465,0.17808482798552128,0.5824050430661483,0,0,0
159.5859711925367,5,1108,0.8583501848023116,0.004679361640026247,1,0,0
364.80225388211187,1,666,0.20205895967558585,0.9169492597827844,1,0,0
226.92820340939065,0,483,0.35207813399882526,0.6366627899013347,0,1,0
95.54815582959537,5,839,0.6693113372854897,0.793631922630414,1,0,0
47.137234131577586,1,1965,0.07763182488160725,0.5693509531945642,0,0,0
180.95046388470917,4,106,0.8166491284991222,0.8155265916908596,0,0,0
133.41777699320932,4,1233,0.7062506501290217,0.08438916597323265,1,0,0
220.3447179961092,5,1707,0.26103763764397203,0.7104930879415959,0,0,0
169.89350535752985,2,791,0.3917945634809309,0.1488057612877508,0,1,0
257.1225232158242,3,812,0.620070330137121,0.5764840263681574,1,0,0
52.707870431056975,3,850,0.9464574561339025,0.9857229477572166,1,0,1
336.0950697527488,4,170,0.6292604637742595,0.180512191660677,1,0,0
109.68357227417036,4,350,0.25303974871695734,0.25616887075940886,0,0,0
717.1326802370555,2,1700,0.4824967568410091,0.21131220813191598,0,1,0
45.18712413155182,1,1615,0.449614752244362,0.4122079508290496,0,0,0
510.7926848890869,3,2009,0.532607397216225,0.48853811031534033,0,1,0
109.71770878431025,6,1933,0.5190488593393484,0.16005503696298695,0,0,0
46.92647412102038,4,1752,0.36405235826449456,0.027829375883768104,0,0,0
55.4850805638985,2,1105,0.871826546508928,0.3416220494437656,0,0,0
65.3431550594157,5,449,0.3301112053763624,0.38202756893781875,0,0,0
137.57454923021058,0,1125,0.529952341947928,0.382853916342744,1,0,0
151.84123798296898,3,1393,0.26086311883832447,0.6649823027639192,0,0,0
50.718969680958914,5,1819,0.43480166271639376,0.44874443510875794,0,1,0
87.85128201370851,6,1684,0.6813909435789018,0.10785957348652742,0,0,0
766.8340063713212,2,1856,0.7578561092008613,0.9323516915491372,0,0,0
506.5095457976161,4,765,0.8062222205709301,0.7006578598566471,0,1,0
139.2573513222191,5,1289,0.736824576699473,0.2128588226398337,0,0,0
93.50393099781041,1,2250,0.4667553478227219,0.9351043604149915,0,0,0
101.49721165429712,4,1142,0.03746838862448998,0.9915781582957865,0,0,0
166.2542050467572,4,1147,0.524492067508482,0.19742131853085643,0,0,0
32.36920263519045,7,1049,0.055150670581947114,0.380520472681799,1,0,0
69.59017980129988,3,2417,0.9664498609094518,0.06893343527226992,0,0,0
16.96947133972515,4,385,0.37795649134795917,0.48245501990333584,1,0,0
134.1854935047892,3,1595,0.5036713258923758,0.7876984605997845,0,0,0
171.94865928089388,3,1956,0.12954698332329295,0.9040148464236696,0,0,0
55.523898834684736,1,2322,0.9957228817845937,0.5452513248552421,0,0,0
434.4091201805186,0,2383,0.49220182837742543,0.3260158127052951,0,1,0
26.422986630207962,10,534,0.29828996804081254,0.5747924821133001,0,0,0
20.813985067511258,5,2392,0.19304866741826388,0.11551301013518878,0,1,0
112.66871854196114,1,1163,0.6499307474889543,0.8352887533836449,0,1,0
256.4922122655673,3,107,0.43629924148979826,0.5206931648210726,0,0,0
484.8927301168454,1,922,0.31732999546357166,0.9824321680242151,0,0,0
56.88978145000397,1,2394,0.009642595604498316,0.400974137448578,0,0,0
264.72216272303933,1,710,0.03639702414162327,0.6535421390622504,0,0,0
86.61660410459277,2,993,0.6936131304578073,0.3399305554642481,0,1,0
75.74502003068405,0,447,0.48054046630056046,0.1476555258127017,1,1,0
217.81801868325087,3,1073,0.8488904144597649,0.7547282090618376,0,1,1
172.8324932637399,2,339,0.7535284694133223,0.6724535039573865,0,1,0
18.608302331087554,9,23,0.5734404565034441,0.7804171575391555,0,0,1
394.0746465989358,2,1068,0.5609908774392965,0.9801125391795565,0,1,0
357.84193056018734,5,1795,0.7453449460674278,0.9934097997825573,0,0,0
48.15559344072251,3,437,0.7411623190283961,0.9289945636921223,0,0,0
133.72741790627126,2,909,0.334517473717833,0.8948402808068077,0,1,0
147.52979955898311,3,1093,0.10531945415898902,0.30150553806769564,0,0,0
116.82461181890619,3,594,0.7718282264601873,0.46845744268166434,1,0,0
51.91952097576385,3,997,0.2231059382952184,0.046796546031327435,0,0,0
45.987822448513626,2,277,0.7912650823635865,0.6842023714615297,0,0,0
87.74596944221055,5,492,0.6180917234091202,0.5460450986381561,1,0,0
290.82712522789416,3,83,0.3579600961731959,0.7069654703588821,0,0,0
155.02713321425182,2,2150,0.8522739294204688,0.6808197156229311,0,0,0
62.13973677234793,3,1250,0.6911685483558203,0.27191940792707203,1,0,0
194.74649957499415,4,468,0.5451082690592104,0.4610623986764335,1,0,0
5.214573904541311,4,1165,0.3008999507960133,0.1050889690913307,1,0,0
283.94078144276295,2,998,0.9862806051505945,0.0845183015263522,0,1,0
15.80436584585864,4,2380,0.8385405134729237,0.4600436563766783,0,0,0
62.649710385682056,5,953,0.13657573755923214,0.5558086920513566,1,0,0
29.3804681631043,3,1293,0.806228764667621,0.31877580714277354,0,0,0
24.663354642702863,2,1368,0.12018860089547811,0.06158328553305015,0,0,0
287.3861516006893,2,1000,0.24774773033733066,0.6615699837171964,0,0,0
56.390392524770064,2,94,0.957549763594513,0.6773838826516665,1,0,0
127.29457410174133,2,923,0.8699047242118495,0.32072054926016014,0,0,0
85.8910318322009,4,1910,0.6060034326528853,0.0008104470869035874,0,1,0
145.04453413389726,2,1212,0.6991281678236319,0.6358191589221671,0,0,0
97.20497478382603,3,2360,0.08960946978420081,0.07052053551326676,0,1,0
24.95334236652291,2,1880,0.332373856854594,0.2234242871076345,1,0,0
243.78015607274733,4,1805,0.32242461730224037,0.24785244744300905,0,0,0
54.94009538534829,6,1159,0.032668874199402564,0.26352714243561093,1,1,0
18.980613218753636,5,1126,0.7041019066757275,0.616667192508905,0,0,0
58.66743712134971,4,358,0.30755423931192616,0.0791747525401566,0,0,0
403.73543138719083,3,142,0.6330926641358844,0.6452689900121767,1,1,0
210.65500377390444,5,1795,0.02722405809267603,0.4847967607379,0,1,0
63.51955845198977,0,2219,0.0016434853500431057,0.34875988045614037,0,0,0
63.48110456309274,4,2060,0.170006864354727,0.6041882512670349,1,0,0
65.2590640228264,2,1079,0.7028866125771455,0.8734773725820218,1,0,0
718.1999294503976,3,502,0.6041714539532006,0.5439602339302146,0,1,0
131.8856754497335,4,981,0.20090629830164064,0.1561206737473485,0,0,0
138.38527557796172,6,1979,0.5233739180579502,0.5577654305988521,0,0,0
252.215392362055,4,886,0.6192205416400147,0.4536628390942382,1,0,0
114.29572391419153,2,603,0.9389448726964542,0.9405706215541453,0,0,0
69.47436629020211,3,325,0.7624257508865219,0.5933757036447747,0,0,0
73.96930064027484,1,1965,0.13583338219884156,0.03521874825941829,0,0,0
83.7971284828032,5,1723,0.2702300501024478,0.1207268469151832,1,0,0
86.72808491812947,4,316,0.40348624057537286,0.5324096301259863,1,0,0
186.35054371637088,2,1725,0.1052905999500181,0.7952084268972676,0,1,0
94.81673145290253,4,1834,0.5553566741387891,0.095606151027543,1,0,0
187.28660249166762,2,172,0.9070928504155346,0.5654379420656599,0,0,0
83.03676154249717,3,1414,0.3063777023678076,0.45261941043546194,1,0,0
97.38139639651415,2,581,0.9846458929055831,0.36288795071025326,0,0,0
12.20443384298999,0,1302,0.2493174731320239,0.08208987183091243,0,0,0
225.0511421234427,1,1345,0.4722663911556536,0.8796452507459225,0,1,0
127.2926130379322,3,84,0.3430350468473322,0.7632174375526195,0,0,0
244.20550632837885,3,2136,0.3081147806020583,0.9208899331731603,1,0,0
4.971614427191945,7,1172,0.37787080138495543,0.16765902392818033,0,0,0
726.5989718570963,3,1839,0.03241203695315609,0.5724536199849073,1,0,0
78.28925553805807,2,944,0.5320103400289632,0.019275846755393178,0,0,0
272.6483355764691,3,733,0.7414096021874581,0.17769295918259842,0,0,0
31.81996976989519,5,1787,0.8637924882030117,0.7890527982893467,0,1,1
166.13054667894005,4,2376,0.3243551999046739,0.2869470837924062,0,0,0
31.392984262724863,4,98,0.550404237912419,0.19724800310244284,0,0,0
48.24204961088566,0,214,0.8927960275704171,0.542248985621916,1,1,1
610.3492619353053,4,807,0.799872233328346,0.6554687800631668,0,0,0
74.38970802230787,9,311,0.4640750060227774,0.6103467157302607,0,0,0
111.88067182418354,1,1761,0.1648462559114935,0.09915172292157703,0,0,0
214.87742100719984,2,1396,0.5583025631172063,0.930398552245199,1,0,0
147.77367612844756,2,1502,0.9896961947031484,0.17719517497639592,1,1,1
104.62880594316086,3,2231,0.7575006138471642,0.9253834753015131,1,0,1
129.66588186360192,4,2246,0.8480225995716357,0.4837273393657078,0,0,0
995.669709120265,6,1983,0.18876163887044828,0.10295534800448036,0,0,0
84.97704854966784,8,1357,0.9038912336977448,0.1486213490706455,0,0,0
110.0680759579574,2,2458,0.014122615063265731,0.43081861374369934,0,0,0
257.405946226335,6,357,0.8622116288498841,0.9980350156910032,0,0,0
271.9249021010543,4,856,0.23912075268837718,0.8858547817712977,0,0,0
295.01621046543755,8,1199,0.6227132720634723,0.9802311774544843,0,0,0
170.4991347668025,0,643,0.29305205882098895,0.45483185571454476,0,0,0
28.70281171898519,1,965,0.13529595184115673,0.6797601898328646,1,0,0
461.01543882786643,6,639,0.24709796926380767,0.5191948570742178,0,0,0
28.607090508641235,2,1422,0.472928286705417,0.02957126523906528,0,0,0
121.83107635729789,3,2312,0.9196613950129685,0.14183844464535877,0,1,0
42.33965638155226,1,1515,0.3890039394893089,0.2853558220564206,0,0,0
84.4248385065586,3,527,0.055869542951142215,0.31311883694387566,0,0,0
125.05609670874567,1,365,0.02376792114123849,0.6948546783162862,1,0,0
124.13345234193754,2,9,0.20987060267572566,0.7207724285101569,0,0,0
137.26601441952855,4,113,0.05202886818402952,0.4505156190916857,1,1,0
452.01314852157907,6,479,0.371129373452215,0.37900446200784976,1,0,0
141.6748015783931,2,1202,0.3842529722523155,0.17708845341843227,1,0,0
70.51626304532792,2,848,0.9721407883501842,0.040941367594308,0,0,0
236.06027342549018,2,1670,0.3062345759490759,0.5853433831474816,0,0,0
295.7369831655253,4,2476,0.5989341337233883,0.3480112722485862,1,1,0
26.37435627499195,3,2233,0.8188237031874239,0.4767331550590551,1,0,0
163.59601568196402,6,1841,0.513022866826487,0.9008402037429816,0,0,0
181.4849522058132,3,716,0.6965714161611564,0.6676865447829067,0,0,0
66.84901016553214,2,581,0.9743888426537137,0.7787680162855719,0,0,0
356.276392593463,2,376,0.32415232411718076,0.1799038334742995,0,0,0
77.47415624712096,5,446,0.07421057639938389,0.0015623286165139527,0,1,0
102.06158988629677,3,1036,0.4303146507337583,0.13531381505364504,0,1,0
75.71135700798646,7,1221,0.5406335759856504,0.7680821654020205,0,0,0
91.43049330322202,2,872,0.5799864186863369,0.4438314747171972,1,0,0
30.075921850292836,4,485,0.7385626044860134,0.21390938616483868,0,1,0
21.326471988197,2,2384,0.8980850206264425,0.9618741071985596,1,0,1
443.41452870138284,2,1353,0.500165261804784,0.48670777735768134,0,0,0
38.59175496384365,2,677,0.14340570464300495,0.3689468797768949,0,0,0
33.40172851346406,4,1537,0.4034084308366923,0.9771492597240221,0,0,0
10.450082638774864,3,1711,0.15536939858282983,0.1335836831337026,0,0,0
47.514657971498636,6,1161,0.18230315535445474,0.5995504521139714,0,1,0
23.972568718391713,4,2322,0.001699722006110127,0.7490119164470603,0,0,0
464.98965598034493,2,1382,0.9297121677349959,0.9407653053229003,1,1,1
247.1059246266333,2,1708,0.7452599104742639,0.834000354055903,0,0,0
45.23402887579608,4,231,0.10027604621313169,0.289409769620943,0,0,0
856.1416191110424,5,2279,0.9201064364824221,0.26039980486149394,0,0,0
240.27052763059046,1,2032,0.8703583372679247,0.09767166066239075,0,1,0
65.05080737522312,1,112,0.9098900177781051,0.16741998184330598,0,0,0
7.393448610141342,4,933,0.09731394251073999,0.7300853477374203,1,0,0
889.7518223882079,3,1812,0.07989309781512233,0.2892478426597499,0,0,0
22.430632191826184,3,1373,0.067735263718401,0.44187796842293625,1,1,0
17.36751058476867,2,1060,0.9669222570626312,0.6903212451799658,0,0,0
250.27753247147953,4,1232,0.6604699990231618,0.664950595142531,0,0,0
1032.5145392553347,4,4,0.17798208214844768,0.7931572960998877,0,1,0
359.3413665748077,4,1144,0.9291594853599615,0.05831286872858743,0,0,0
158.2077622289394,2,2157,0.4431650397286583,0.5721221494417733,0,1,0
163.16375716380927,5,1553,0.7854469765740588,0.8921913354684843,0,0,0
211.32887277010641,6,1763,0.6361882344450294,0.3731237872520793,1,0,0
192.27537509882825,1,1721,0.6496547950140108,0.19148218005660322,0,0,0
119.24633838967695,4,739,0.4397291374783251,0.0688249498695378,1,0,0
99.90313873721374,4,2097,0.3949502353526111,0.9397781208449404,0,0,0
84.55539418777434,4,1133,0.1619205246868245,0.003796736955755997,0,1,0
42.3528371230217,6,1717,0.07078070296173988,0.7920076961283595,0,0,0
67.98757195693028,3,522,0.9279915012584835,0.26447934525260286,0,0,0
16.560878313485897,3,2424,0.936623698032334,0.24244488802408648,0,0,0
81.58621984048125,5,1147,0.6412979637125031,0.15753981461299704,0,1,0
33.49542602189134,2,635,0.38806128563663356,0.19377917007031253,0,0,0
29.85674217323417,1,649,0.025090008370612593,0.5140528646887637,0,0,0
107.75866583723472,2,1173,0.4476561419317897,0.8754972627825764,1,0,0
362.12964618592844,4,1025,0.6589753385306314,0.3675200905698891,0,1,0
225.4991988133586,3,723,0.3002868509650335,0.7455650494876572,0,1,0
18.718257723210673,1,367,0.34243726167294,0.24665260119499777,1,0,0
33.46070828445956,5,2194,0.4723234095767197,0.9041177741917668,0,1,0
230.61996624766905,1,1931,0.494917754917902,0.9139274380061024,0,0,0
33.70049772245917,5,2280,0.7428648073899133,0.10825630621271987,0,0,0
71.90651337634611,2,619,0.49976123805726225,0.8388172037345751,1,0,0
156.03059331635316,1,212,0.8452747130895772,0.7018931411203054,0,0,0
34.18050817318169,4,265,0.4827765333700743,0.39383938621308057,0,0,0
100.02053412374951,2,1282,0.03191192174875557,0.8347758456177458,0,0,0
23.71184008605527,3,625,0.14140611554699767,0.9034825959372664,0,0,0
49.33493032618513,2,1668,0.7181617920210638,0.49637626765695686,1,1,0
123.93806117323174,1,1804,0.4518617256022397,0.5087951621580022,0,0,0
18.301925382443205,3,1235,0.46121743331526566,0.7042777293606237,1,0,0
139.83661955613525,4,1017,0.9780068033051702,0.24422052218471157,1,0,0
88.26663715723382,2,1107,0.571461593582106,0.07679105606101855,0,0,0
156.41143737242982,3,762,0.11692034456663691,0.5286811147575265,0,0,0
112.60815460249933,4,349,0.43375437933508687,0.3204032587198281,1,0,0
352.1793031918554,6,2343,0.5613252926567301,0.12289056130126086,0,0,0
102.0256755460863,2,2236,0.037465631498487584,0.1401256212942904,0,1,0
58.591782646503184,5,896,0.36460985486959674,0.21301105526003616,0,0,0
101.72748305053179,2,1952,0.9678181319171991,0.3377861089747387,0,0,0
154.9803026298319,4,331,0.7513032213506518,0.4368383267839332,0,1,0
94.52459548573219,2,2089,0.37215256764360793,0.9565682056943912,1,0,0
93.74625254552794,1,2004,0.26211176886293097,0.48523361626637096,1,0,0
44.612242291149244,7,1624,0.28315239721859853,0.9134052492150744,0,0,0
46.39070344869911,3,923,0.8284145523450012,0.5462522112752002,0,0,0
22.140194853222166,6,1519,0.40162697860314867,0.15808451474375307,0,0,0
517.7936186045506,6,1333,0.8431748263064751,0.8429321457607186,1,0,1
25.94909578792113,7,1018,0.9087436549554406,0.016480507294426627,0,1,0
45.01945826524173,3,2287,0.4641991718532258,0.5637369772900492,1,0,0
43.88588465971791,4,5,0.9452724277446363,0.3418134464284456,1,0,1
220.28548780490672,4,2366,0.2999513907322472,0.4382376935616027,0,0,0
67.02397034210728,1,671,0.2600205892490872,0.7974580686166656,1,0,0
313.4820409147575,9,47,0.10730197509496398,0.005456583710034213,0,1,0
45.90203151880997,2,1317,0.2458040685535684,0.18233076133177684,0,0,0
118.98461061954305,1,1050,0.7726536905965005,0.8126684149714656,0,1,1
39.04258395553536,3,1239,0.4037876240032473,0.5454821108914886,0,0,0
769.0447250084472,3,299,0.14816288048246584,0.2583146394354403,1,0,0
27.450972104472783,3,61,0.10703150843175424,0.4977609215171842,0,0,0
122.70961496589915,2,2432,0.4902416866911914,0.4029128978400591,0,1,0
169.6566825945322,3,1861,0.5393544191885953,0.7687009908543462,0,1,0
136.15570185425625,4,1663,0.7945550033457255,0.7565377497735464,0,0,0
74.79210573601398,1,1945,0.7148080862925607,0.46311654798512214,0,0,0
79.05780551444555,1,1825,0.1671149629505594,0.2758990329992348,0,0,0
94.0485813823253,3,756,0.27688717213505076,0.012064308793315104,0,0,0
77.71109176714367,4,576,0.6937642162067731,0.47257532367283395,0,0,0
236.0111658416906,3,2225,0.1805727883251308,0.5925476790121887,0,0,0
820.9999114460607,0,93,0.8032243253236817,0.6054560672496068,0,0,0
51.547732083369525,6,1532,0.6573576130377983,0.8679771091648183,1,1,0
22.878486627497747,6,1551,0.5363423137736791,0.46741993613614274,0,0,0
82.41091993753581,1,2324,0.6442556817781839,0.7204429990775939,0,1,0
1187.6232709705673,3,534,0.09971564686209167,0.12719653375271744,0,0,0
40.29895072568856,2,1802,0.5480220414259234,0.7639988684909257,0,0,0
463.6439022070236,3,1992,0.4512997457970239,0.44515382202081977,1,0,0
481.8827436772636,3,2231,0.5129649626938648,0.6943714815333498,1,1,0
51.74934413223897,4,864,0.3376669609251456,0.8351525571889213,0,0,0
159.01254193207026,3,412,0.4681769489156974,0.2539833769164115,1,0,0
458.70010161371744,4,1673,0.8832497562445263,0.6666041782237816,1,0,0
61.61296129334475,4,1055,0.3448536089594527,0.12324844587637485,0,1,0
73.43639371345863,3,2263,0.04493561820796821,0.11163851028036387,0,0,0
50.315797130057106,2,2400,0.25648157453250253,0.2835902850913582,0,0,0
32.630364110474616,4,1866,0.45436356283056756,0.13092928581482366,0,0,0
47.02702586873456,3,1763,0.5334905616567578,0.4529228835628867,1,0,0
26.471263099091885,4,1209,0.4271480288375137,0.867597921215195,0,0,0
93.1381121369961,2,927,0.8266121508360837,0.07435911401959239,0,0,0
41.68022388456486,3,1611,0.9151729178864858,0.3633727676533185,0,0,0
113.72530231951333,3,232,0.48680073392662837,0.2077947232960271,0,0,0
18.993643181604387,4,1098,0.07587978744908874,0.4587573630763112,0,1,0
125.32122389744637,2,253,0.4209873313257866,0.6342768748300073,1,0,0
207.1677728000449,4,434,0.181238939023731,0.8529483440130085,1,1,0
12.2590489909319,2,1957,0.2834964007942432,0.023530245733297095,0,0,0
130.85064651462213,3,1223,0.8328993846635426,0.5681791107721486,0,0,0
307.25222573540293,4,84,0.5352918974768401,0.689879755800351,0,1,0
26.852501472019977,4,712,0.828591712640812,0.1348482572938453,0,1,0
479.4177692123635,4,1681,0.9856263642029988,0.9375993827474559,0,0,0
136.86828080628197,2,217,0.5452287180164744,0.08094897197195106,1,0,0
44.47770908542936,0,1261,0.9122622633878079,0.32019680548316576,0,0,0
85.13437770541114,3,2306,0.6834659702307272,0.2385079810194104,0,0,0
157.3270740462513,2,2277,0.10181849280970179,0.06779991762273752,0,1,0
97.12563934923108,3,298,0.41789890689133613,0.699985826598233,0,1,0
154.2779726362471,1,505,0.6589398821694809,0.5112747229178395,1,0,0
35.84938481479725,3,651,0.7052616521539972,0.42712491128411734,1,0,0
106.62956559090357,3,1748,0.8606659790921198,0.19944344429632332,0,0,0
21.895595614319273,2,1663,0.6372912984382997,0.44286607209089646,0,0,0
80.54160946526352,0,1785,0.09009380268833522,0.9012404846612511,0,0,0
36.455500722955115,5,2488,0.14244299459127507,0.3552021360095151,0,1,0
43.14083763375139,4,1609,0.32832213424685575,0.5087571356708126,0,1,0
309.8515076725172,2,2221,0.29404372306525883,0.9286743476506867,0,0,0
268.0866155360765,2,941,0.2216053595616232,0.6912249190603243,0,0,0
165.52762857380563,2,162,0.6172962018048046,0.041858287953912,0,0,0
30.195328751892013,2,2042,0.42971007419539653,0.33236812719592457,0,1,0
65.6010400539428,5,607,0.6849887809452272,0.9763847144879394,0,1,0
302.8076241203126,6,858,0.3869689781464152,0.8651789853969352,0,0,0
103.72227698698366,3,1913,0.274081868866517,0.8826859028864794,0,0,0
915.3710845837708,3,1772,0.550471173424629,0.9340476221503169,0,1,0
133.39542524721787,1,20,0.09676007173431589,0.6335522273547955,0,0,0
109.07646133995921,2,402,0.988658337134145,0.7802855940693012,0,0,0
66.08115023713279,4,712,0.6556299329084531,0.6535133098562338,0,0,0
102.8777000705694,3,1468,0.12216234898132317,0.5283954712096299,1,0,0
77.28733991725429,2,1719,0.6224086008392714,0.5198403720897657,1,0,0
182.74809540015278,3,2356,0.07443219733725182,0.012970898809641085,0,0,0
234.3234244419657,0,1561,0.5062259108743487,0.23185364688854926,1,0,0
41.01798132617047,2,1514,0.29086302903525374,0.029008990347560215,1,0,0
23.778148922219902,1,1369,0.7007629567930596,0.44975081673216377,0,0,0
14.350641239643597,3,1350,0.48707199516498856,0.7213268790655814,1,0,0
149.60392875286317,4,1955,0.7858748906606771,0.9382221200794162,1,0,1
29.863392339896517,5,2231,0.22975813060395367,0.013582957877020685,0,1,0
10.455303974834036,1,868,0.6561790657371066,0.49069411267832874,0,0,0
132.7647286873012,6,1792,0.6878390251138335,0.6998498541673129,0,0,0
1088.9830057429178,1,24,0.4775170510249809,0.6672003923180782,0,0,0
89.4723007417384,1,2284,0.8583056593522582,0.7528841740747002,1,0,1
208.19825493128832,1,1801,0.14664755592841427,0.8452447069851253,0,0,0
97.69294626568012,2,255,0.7584135464885183,0.9141624305131054,0,0,0
81.54135760482497,5,377,0.13198767900396746,0.180401383389027,0,0,0
225.67061558435688,3,1133,0.15690443843500956,0.9551171534294077,0,1,0
67.33805000179488,3,1843,0.2014870832501814,0.8058571911971223,0,0,0
117.61214619143752,5,1342,0.6610767280179558,0.8999123743003237,0,0,0
124.17573824772727,4,422,0.6390125337955761,0.34323890669734014,1,1,0
46.15058082023828,2,131,0.4458863833222808,0.9985728383892103,1,1,0
242.7524863468583,1,944,0.3144641945276079,0.01219858410460406,1,0,0
75.56855392686809,2,1449,0.6127721107122875,0.8706930051364214,1,0,0
42.27749200386492,4,219,0.14418892713072728,0.6789410363579619,1,0,0
153.931830230641,2,1609,0.6286590214628538,0.1377755294918921,0,0,0
36.65434657669139,3,197,0.01195183840894809,0.8312549770561639,0,0,0
92.5900011952603,4,1885,0.14446894095375884,0.7932552170955817,0,0,0
89.19999676826914,5,618,0.7079261780066688,0.5395285891295336,1,0,0
266.63896859370425,0,1636,0.8739700335443311,0.6337064546621922,1,0,0
144.70515130208253,5,844,0.07560003733690945,0.12738078656362928,1,0,0
87.79223360940045,7,1102,0.6387670653972467,0.45808196195435924,0,0,0
203.92785905132413,3,1679,0.06190588527650509,0.03960720474006085,0,0,0
361.48030146850243,3,1395,0.8789696489477695,0.5772489045181863,0,0,0
157.2458188993752,2,1119,0.3916649362748029,0.45173512064398125,0,0,0
90.95388500124079,5,2437,0.7411759743068208,0.08554167514339861,0,0,0
24.24386916908109,2,1836,0.1727521445584499,0.41188960121948015,0,1,0
31.027885640187108,5,47,0.8613503669662569,0.43787383746475317,0,0,0
66.33882327990337,2,1182,0.42917039221208064,0.7375959230458211,0,0,0
48.934750968604845,1,751,0.20885724228241143,0.05345304013622665,0,0,0
74.66628839342076,3,2319,0.57244919695367,0.6139300648037888,1,0,0
95.2638037624344,3,2470,0.2881613577566091,0.5128756018171347,0,0,0
152.88603191144216,2,1052,0.2870502347775852,0.2749137156500162,0,1,0
83.88956419952011,5,1201,0.11454538232669553,0.7444143545514789,0,0,0
146.42328564422434,2,2135,0.21389755720143144,0.5629561057459158,0,0,0
96.01211820564338,8,687,0.7978635017411008,0.5203335417968858,0,1,0
12.485068791470704,4,1611,0.523578570376629,0.9523512331834985,0,1,0
35.18657459081859,6,758,0.35493957840186163,0.8145892236030547,1,0,0
77.9379069001339,4,54,0.9293731310018725,0.20642933465534863,0,0,0
26.851058882956927,1,2131,0.797387566819039,0.3879681776945243,0,0,0
164.01021787450352,6,2433,0.3102721654236784,0.6628902118670857,0,1,0
416.0272788806493,5,1936,0.11073255131141757,0.5500903565989119,0,0,0
304.52763905897706,8,2271,0.18434181273213013,0.43070115634974204,0,0,0
72.71568631941213,2,1889,0.675168617839342,0.9813341653164469,1,0,0
399.7047449198937,2,2334,0.5630666915557965,0.1659297146175578,0,0,0
104.44571442081256,5,2022,0.9807777006174447,0.3385477524453777,0,0,0
64.25850116546248,4,1604,0.013493982667112547,0.3962419999333333,1,0,0
48.74474206055956,4,444,0.876793257064984,0.06835805866571365,1,1,1
66.52183991457404,5,2137,0.014269209487210555,0.4679468087588795,0,0,0
61.05793584981388,3,1553,0.42475923133683413,0.5245904424630256,0,1,0
106.742161663763,3,1182,0.9165887031995457,0.26459649558586273,0,0,0
105.69673267045704,6,269,0.6584154089899761,0.9618694037096361,1,1,0
90.29174332116408,2,908,0.5832996696032041,0.5353299549772499,0,0,0
139.34295127257158,3,1056,0.3134993056772424,0.5817768892841193,1,1,0
296.084911033364,3,2135,0.9661275101240122,0.8938205418838528,0,1,1
232.65441042290695,2,2141,0.16822455629927224,0.2742419628002999,0,0,0
20.39117137723622,1,595,0.2698875219266492,0.6341920922621469,1,0,0
7.001181111932587,1,1540,0.4529557303909534,0.4492410971175156,1,0,0
229.13696180104927,2,154,0.12629915562314353,0.37145249233289634,1,0,0
22.945487672195814,2,1618,0.423547259592423,0.37725415573494947,0,0,0
71.8970042324569,1,418,0.03934297544171994,0.02403198954048469,1,0,0
27.935184121016643,0,253,0.9241187655709059,0.8211224127114026,0,0,0
14.850292505874144,2,2207,0.3221391360087247,0.5856478700993162,0,0,0
154.69612800426327,8,312,0.6338025817417547,0.9326632476065337,1,0,0
192.31894396527954,4,1598,0.8705270718209084,0.8454648116565235,0,0,0
50.57662936154557,3,581,0.8183262065130933,0.9848896670400978,0,1,1
6.746053774034973,4,435,0.8733907755374583,0.03384998698761843,1,0,0
52.13077950402384,4,1006,0.7203086490188598,0.648398477118431,0,1,0
133.19363949172848,1,265,0.19374383222133496,0.9546243372225395,1,0,0
20.513607188163057,6,1032,0.36654854174104434,0.7685190674247205,0,0,0
108.1327803631568,2,1018,0.512031717267461,0.31727763758931016,0,1,0
88.64947858943013,1,2155,0.33695035132193507,0.11254248632584796,0,0,0
160.66018778842178,7,739,0.9552339322440232,0.6682659238795059,0,0,0
101.45145096271526,3,1093,0.8068369518438558,0.6583831933771341,1,0,0
34.01940370779367,3,440,0.7989516671017994,0.2922909652826755,1,1,1
297.84448910810306,5,1838,0.36110531326911854,0.8056633951663954,0,1,0
76.8204151406477,2,842,0.7548384988450111,0.6321045057123803,0,0,0
87.59250723964087,2,895,0.6140526522744604,0.4147315709856845,0,1,0
35.400715823099695,1,651,0.37521443234833696,0.46578619729053683,0,0,0
57.78433676959717,3,1092,0.3082799169372119,0.24771814591317176,0,0,0
37.15867608812476,2,2037,0.7888353147121949,0.5386169380378212,0,1,0
75.72087939715517,8,146,0.596799991331748,0.5020585392478443,0,0,0
498.55229077647573,0,384,0.0369953862067095,0.9432837776938283,1,0,0
22.83053414895862,5,890,0.021699043959359066,0.5093157609541806,0,0,0
17.929342241161656,1,1423,0.8419706641931,0.7774927938668365,1,0,1
391.9641288209851,4,1980,0.08981920906453034,0.6142084771400882,0,0,0
73.01583408108034,2,1664,0.5193617686722835,0.22522409801434806,0,0,0
46.10527005386557,4,120,0.6086638085618074,0.0495498370799653,1,0,0
254.65372659203751,4,55,0.9159621225756234,0.7019310424438764,0,0,0
49.12580516896939,3,1094,0.5145263695857665,0.8023489534163225,0,0,0
558.9218798381856,2,1913,0.19402879619037539,0.8748978491547428,0,0,0
177.31465591504755,1,1518,0.26067052327582185,0.6837250465198006,0,0,0
55.262170233174636,2,356,0.04885602177554682,0.4342774629255072,0,0,0
778.4526857581915,1,1492,0.22205737109667578,0.4925577632143935,0,0,0
49.1209231285841,2,1312,0.8151402152902147,0.7603508127922565,0,0,0
189.06585093263567,1,774,0.7568786124893631,0.1781181061599798,0,0,0
121.42448906588591,1,912,0.08194287390163024,0.45270723889121023,1,0,0
330.8752080713163,3,1009,0.47959750893299546,0.05394243203766025,0,0,0
429.02328580764606,1,1746,0.30182264908517664,0.10527331893159031,1,0,0
92.94464947780139,3,1261,0.6499487664945289,0.23079430081439434,1,0,0
42.37599853428161,2,2266,0.9613405436488748,0.6300450123192527,0,0,0
142.58982370826214,3,724,0.6306867565108698,0.9200974576209132,0,0,0
45.708516181686896,2,2029,0.7456995493212337,0.3649284047724757,1,0,0
674.1059183996604,4,1294,0.39812818971084296,0.5003478514142102,0,0,0
103.18622145313019,1,1682,0.032687789088982844,0.5705179421653802,0,0,0
62.469500690680775,3,264,0.4180987629194227,0.2845759497191577,0,0,0
108.2756516836569,3,344,0.5107955862517392,0.6897797998359851,0,0,0
23.40322212351451,4,1501,0.49267996322315355,0.2123983204911445,0,0,0
34.06893464150431,4,521,0.2335430873403972,0.18931654847248847,0,0,0
298.9911301631325,4,1066,0.47499267006089174,0.20581503267958923,0,0,0
46.67019419739533,3,1838,0.7179928279715894,0.47928222804864073,1,0,0
31.597848009795744,4,1915,0.31147651726879766,0.2502106813947602,1,0,0
153.95383003987772,5,432,0.6340026676785446,0.4331866857249216,0,0,0
294.6252337575421,3,1820,0.15323410051394426,0.3768820869317363,0,0,0
184.7407167003316,3,2378,0.2780461660743796,0.8309961918739155,0,0,0
243.72674149214427,2,276,0.8839279100875673,0.21905986868080773,0,0,0
42.23312692988974,3,1446,0.6266223678176776,0.3060966050612397,0,0,0
21.719040826718967,4,727,0.08583950574674304,0.9523823525272506,1,0,0
403.9671860264041,2,1904,0.26463681920415394,0.24463379225512905,0,0,0
65.19091776571435,7,1916,0.993961214280656,0.7968957249962705,0,0,0
70.04703770151079,4,1172,0.2701048519525465,0.1415760158502548,0,0,0
339.7445942188554,2,1943,0.5805089593350374,0.5867212070637697,0,0,0
156.99752005580584,2,2181,0.5503473083524119,0.09198532970519624,0,0,0
142.00862171793813,1,700,0.4023635580846775,0.409993289206659,0,1,0
784.4653044723633,2,987,0.03377777805748672,0.955632323495998,0,0,0
47.29865074521361,3,585,0.2843369525181165,0.6426332464886779,0,1,0
227.6570040560404,6,2153,0.9533492518378548,0.20765846412018774,0,0,0
95.29840986004561,5,292,0.01919092385135801,0.8088483015359567,0,1,0
117.75336133555848,3,2280,0.7156835018241858,0.654489375116731,0,0,0
415.07881854928905,2,1125,0.8927496246834948,0.9277165042872897,0,0,0
149.58065658675545,4,2307,0.762386628145907,0.22875818136522474,0,1,0
154.20703444377347,2,1316,0.32324956972474694,0.12127060621367636,1,0,0
263.09293566608306,3,112,0.5204678853308566,0.6349113203019504,0,0,0
62.4925450518178,4,1069,0.8675475167609992,0.9135904905004543,0,0,0
38.89206839994881,1,1507,0.9754577278233663,0.7777623185779262,0,0,0
31.664329849366336,9,2273,0.09702906822874524,0.41112243098507384,0,0,0
12.599327135965485,4,1946,0.12434979692199699,0.431705750215302,1,0,0
703.5979715782441,3,918,0.9558105972469166,0.3325950391551852,0,0,0
29.868118310514326,3,561,0.8726244203514913,0.9173295458306547,0,0,0
72.14993442970199,2,1645,0.211075230186619,0.8116473222352135,1,0,0
68.25063241057018,2,1003,0.9701040536185362,0.2673984097925576,0,0,0
122.41374968648017,4,887,0.2090020320560585,0.3206941954800412,0,1,0
203.5144912740664,2,1694,0.08851526727395609,0.7397818319424406,0,0,0
212.8256930848154,2,1263,0.6818856740145374,0.42415505622870886,0,1,0
50.24557892271501,2,2428,0.5397960161011758,0.6097190273459607,0,0,0
76.16319084567422,3,457,0.23966502800258327,0.15546511255559192,0,0,0
119.41203009986117,2,1540,0.9282778410460697,0.8265965538234507,1,0,1
70.19723156207516,3,1228,0.4042398786163095,0.5563639066369808,1,0,0
449.14491041589355,3,84,0.4029065902169633,0.8257361736314349,1,0,0
147.07974925899163,3,1937,0.6318258521652769,0.714854399333021,0,0,0
187.70616463047563,3,2407,0.23079504473104018,0.4290014836569468,0,0,0
174.66699382016887,4,1397,0.5868475054816473,0.6805642117701634,0,0,0
291.0438250810588,6,1598,0.36398514764517875,0.05985171611522433,0,0,0
107.8802222796523,2,58,0.6950088341921954,0.436159813972148,0,0,0
24.610373770688007,3,1850,0.2477074688664408,0.43583431551472485,1,0,0
134.24788133204038,5,437,0.18546192256784533,0.4206440715387658,0,0,0
46.92934187715322,1,1014,0.24981376362409247,0.1175805445886795,0,1,0
53.05787602633898,4,1774,0.9359348265605442,0.4869722433144995,0,0,0
161.80048768708252,3,2134,0.849228926152085,0.7617046921220246,0,0,0
310.5307938305496,6,1600,0.8288983941661467,0.3230368726762173,1,0,0
91.95244826439627,3,980,0.780694663006408,0.8185864542669129,0,0,0
122.5884748050296,1,1560,0.6369507222788052,0.5854698586972793,0,0,0
493.84166253965185,4,264,0.09839922388913291,0.7241257443615903,0,0,0
114.52042363988467,3,2371,0.32465191911344715,0.8976995924487441,1,1,0
1214.0086710999612,2,11,0.5618687187871413,0.4822363830796391,1,0,0
158.4611805463639,4,1921,0.10574972677720507,0.8449231475691436,1,0,0
15.47517676069226,6,263,0.03011638530574623,0.14037616674276976,0,1,0
191.2041338818467,3,908,0.09342855054503385,0.7784099068112355,0,0,0
131.78323120576374,6,1855,0.10806964502597638,0.8336890661720183,0,0,0
326.9321817352233,5,454,0.109538388768185,0.9034002519710873,0,0,0
176.47537553715645,2,1255,0.19017222501505848,0.081013277385664,0,0,0
78.37805802198082,4,2328,0.4990966519405603,0.11696846461199573,0,0,0
26.46178888939867,1,550,0.28545064340356874,0.02262219710671498,0,0,0
73.03777278340525,4,199,0.8601325012697765,0.5057979266260315,1,1,1
38.454646957097715,1,1802,0.8761385807950703,0.1928626303658495,0,0,0
50.37406957873717,2,1880,0.9202497542258703,0.5677736669745367,0,0,0
162.15917335532347,5,286,0.4711591383207899,0.8922834954034986,0,0,0
478.1404435772314,1,1152,0.774041798353772,0.3270253383139434,0,0,0
133.5761236348404,4,1231,0.5909828152553075,0.005347187543060183,0,0,0
27.22449005727002,1,258,0.1443725939597551,0.8898668494223209,0,0,0
140.41504840503575,3,776,0.6356986010938649,0.621883623588385,0,0,0
297.862355840033,2,511,0.8370210356687482,0.20150169522682637,1,0,0
48.9215060186129,4,560,0.3479406767902882,0.692360118340899,0,0,0
78.72673719178272,3,2112,0.7466753269323572,0.6328200276547318,1,0,0
91.34907845718661,5,701,0.7745172467297909,0.38012243023578685,0,0,0
41.06276241784572,6,141,0.6435833257306772,0.21214412676695582,0,0,0
172.1352377477975,4,978,0.8832742955427145,0.9924256945030622,0,0,0
79.76237096015268,5,1941,0.14482136069670515,0.6430201120365632,0,0,0
136.93857175256852,7,740,0.8434166411473416,0.0017477542625116138,0,0,0
37.05887344280883,2,2155,0.6107310689682462,0.12559327868929726,0,0,0
58.121851789338145,4,1666,0.8556622972103767,0.24741421996701196,0,0,0
185.37510332243232,6,1876,0.532677621408531,0.8131371854113834,0,1,0
62.002012730184106,3,213,0.327962536320202,0.4746501672185909,0,0,0
506.2162002397772,7,1677,0.8971936564855724,0.06012619425120902,0,0,0
60.362244255840864,6,388,0.8774035930781127,0.2650930822984989,0,0,0
112.6949629529507,3,2306,0.2676776569956051,0.980715069046981,0,0,0
228.74110813819337,1,833,0.7441082209949079,0.7678690510582562,0,0,0
21.793990508982564,2,798,0.09129470907944437,0.004659240988777014,1,1,0
15.474464101495817,4,38,0.0859779343185677,0.8387001243646448,0,0,0
19.57677051261524,4,1049,0.5114044549811144,0.19226786173799992,0,0,0
318.16945029657603,5,851,0.03576159101005749,0.33077431673026936,0,0,0
51.83895294954777,4,1162,0.43375308572864,0.11838839587311256,0,0,0
1162.35021944029,4,1961,0.7907476188206229,0.010579031904155878,0,0,0
51.20065891225391,2,61,0.8894736736977957,0.504011404383559,1,0,0
108.26168473663027,6,111,0.2547814322882378,0.28598619412914505,1,1,0
420.7799245924442,1,258,0.07698026667369917,0.3601662420440698,0,0,0
669.2066378588075,1,1873,0.6306543916465998,0.16899502019426116,0,0,0
707.3344269638748,7,135,0.2648328410841697,0.8064527059495693,0,0,0
301.3782832248023,3,2108,0.02344817921266318,0.1734839203518027,0,0,0
250.65124876696456,3,2237,0.13119797917553577,0.5172983536148399,1,1,0
162.8007318906557,1,2384,0.9383557483676175,0.4693831936346564,0,0,0
196.04830367065645,2,2043,0.8750763116005724,0.9197263502031883,1,0,1
51.87382271649054,1,86,0.8296174042819585,0.9877331085229982,0,0,0
39.71786619567391,1,2128,0.33947354065340163,0.9057564386619644,1,0,0
89.71388425955969,2,1845,0.7145227346133857,0.7335277261074541,0,0,0
75.930266837466,3,1572,0.9570147810933531,0.4306968933357336,0,0,0
57.21247395075217,2,801,0.5675810972080787,0.13055237070184833,0,0,0
180.61856780360253,7,1861,0.33309620901829373,0.8698928375567314,1,0,0
233.99627784140134,4,1491,0.7993294341496245,0.7162497539115333,0,0,0
98.33764225871835,4,2223,0.43033747808104594,0.13179747041798628,0,0,0
394.46486769795297,3,866,0.5773436917986222,0.08803608081172609,0,0,0
28.740603696237176,4,1625,0.5412113405137599,0.6742974978930938,0,0,0
74.16857483505184,4,1083,0.21741785472722674,0.90591845830958,0,1,0
43.95549652261849,7,1597,0.000667414227272789,0.21384792775593886,1,1,0
13.921903384167683,4,406,0.9988360514309589,0.41199165070932076,1,0,0
82.87382862412771,4,283,0.41683177304290353,0.9644362433869332,0,1,0
79.69863760554212,1,737,0.28381647160820567,0.9459868537932611,0,0,0
408.8914605690398,1,456,0.7658816067952666,0.6986972036228359,0,0,0
169.1543623210918,1,222,0.5925247127296103,0.4740580014361514,0,1,0
32.324103026436255,5,1551,0.880459878393912,0.37288715933600436,0,0,0
574.8404743168568,6,1956,0.7811010094772404,0.39104701371701134,0,1,0
305.2202647670571,3,716,0.28176926377439915,0.5048811229868344,1,0,0
161.11166620271314,6,1065,0.5922442622705506,0.6876871795135827,0,0,0
71.77354119821678,7,780,0.5027019546016022,0.5108985504339784,0,0,0
34.48625239356284,2,708,0.9550836672800567,0.2297200840428768,0,0,0
62.04086146988359,3,2298,0.23957013874000654,0.753102723058587,0,0,0
267.40079017788554,3,1254,0.28383448777273623,0.45290398507985885,0,0,0
592.6395104302836,2,1632,0.9204282068721222,0.5731160519571037,0,0,0
421.2571809438216,2,1754,0.4578108566628071,0.7760483145780492,0,0,0
55.210357867840045,1,2052,0.457254508000809,0.384012890160621,0,0,0
29.38200954218077,2,449,0.8682085990369148,0.9298435371536864,0,0,0
103.63615411711883,4,511,0.2960505371057266,0.510083907354792,0,1,0
15.356834733363973,1,46,0.696897639635828,0.7037452767461921,0,0,0
124.35839937202309,5,331,0.7215230733744082,0.7551293407533423,0,0,0
77.66443368919109,3,2174,0.44239834669958467,0.3642400348028214,0,0,0
56.48434375841976,3,1161,0.33396051716196196,0.25811450199548225,0,0,0
18.27066800622375,3,1672,0.7466556380705185,0.9233570342978508,1,0,0
150.4453817815035,4,1895,0.25592376168184683,0.3134897595911199,1,0,0
52.841621192210184,0,1855,0.8193099042023367,0.10952830541843617,1,0,0
27.94066527219762,4,1167,0.4164114741215481,0.49575605261851075,0,0,0
5.092341715335537,6,585,0.018377319071910647,0.8246808188081259,1,0,0
87.57408273250239,4,1450,0.569271153768482,0.2820261344977427,0,0,0
529.6686363953316,1,2398,0.19441777519803727,0.49375911412912565,0,0,0
474.0245978504451,3,278,0.4665652254828503,0.36154317897825705,1,0,0
56.99159172824109,0,2378,0.8083354712625112,0.02465949057522432,1,1,1
49.293288685320334,5,1733,0.1900130504360915,0.13757408221502476,0,0,0
143.85045544096462,3,1474,0.2081128240015494,0.7970150092358206,0,0,0
33.168962055715475,2,478,0.4738459855023225,0.9345203618426989,0,0,0
121.72834720972426,4,1600,0.47650113472252087,0.004288702757951235,0,0,0
193.65539757011516,4,510,0.4536699281560611,0.861191126829467,0,0,0
307.0262423447461,6,757,0.6944929777900223,0.7238728244720012,1,0,0
81.43831996858943,3,1839,0.26909794299298395,0.6848695291894097,1,0,0
73.42953580340641,2,1371,0.26052780146903276,0.4300319884066619,0,0,0
37.41296915810929,0,31,0.022361092833757756,0.3315754309960387,0,0,0
39.37454911214635,3,1999,0.3817346845236299,0.4106360620568714,1,0,0
71.7739149203084,3,1401,0.1957732079740191,0.6014648188513477,1,0,0
129.9780391819999,4,1062,0.5915983160547962,0.94674443385966,0,0,0
224.43466183674474,3,551,0.181170689735346,0.20697283980959325,0,0,0
40.31892853267665,4,676,0.8945310520681183,0.9736774762899321,1,0,1
400.48990850880955,1,356,0.8490143223864307,0.23287057752882534,1,0,0
68.64006478093357,0,267,0.765169923859612,0.8457696387658248,0,0,0
88.11411234587696,3,290,0.80852418586221,0.6600290251465752,0,0,0
42.63980986843311,2,1044,0.9595832680791121,0.7450408681571047,1,0,0
7.970599740555763,3,2111,0.3198089404268182,0.8315823993413437,0,0,0
217.90199475517292,2,1837,0.9798592010724211,0.011758399400503161,1,0,0
188.07557882919005,3,1516,0.8905226656419637,0.7241844991944807,0,0,0
67.94322587792875,3,2218,0.36189208962635366,0.995688640710673,0,0,0
96.25401794934635,0,13,0.8640739009566315,0.4946085264975061,1,0,1
150.797702146748,1,389,0.8973047961755108,0.5418823731955844,0,0,0
18.867750523131463,2,1958,0.03608831264570811,0.10598607545268768,0,0,0
53.03474806824015,4,1713,0.8759623693101222,0.34076829041475676,0,0,0
199.1911028253888,3,2405,0.43324460768358175,0.612507213145797,0,1,0
25.679951156917316,0,1692,0.811343965729989,0.11997140827656927,0,0,0
120.73015511669992,5,633,0.11116399145972156,0.33335725507800273,1,0,0
23.182975516999274,3,1916,0.17218701077592802,0.3479052556433826,1,1,0
143.51362557490262,2,2246,0.978776124416611,0.8128848231017356,1,0,1
86.86528911818185,2,2205,0.41618051446712234,0.5376512407112705,0,1,0
17.90120777607991,2,1348,0.7984553362805293,0.5544488344061174,0,0,0
288.5127717475424,1,1234,0.7502441096844092,0.28228925814075856,1,0,0
43.18133851936388,0,1220,0.7860492706471166,0.3134267988980072,0,0,0
40.034739431489974,5,2318,0.7646223807831585,0.45120122180777544,1,0,0
110.00977189225708,5,62,0.9139595793619968,0.8168981583055301,0,0,0
283.90433971431355,0,498,0.5925868756185942,0.3169398896360184,0,0,0
32.595628393494316,1,738,0.4254548020663288,0.3214957450389917,0,1,0
95.74418066297217,2,2165,0.9252298690503298,0.5690461839682679,1,0,0
138.2158371067476,2,915,0.35695281330728446,0.8397797449302885,0,0,0
180.02677813878805,4,1437,0.6306987886282343,0.5038862059154855,0,0,0
107.38726023759789,2,868,0.8552180718836182,0.12838528834546037,1,0,0
62.36300063129178,5,2349,0.9160174087295488,0.9153396622903384,0,0,0
39.3466083527721,3,2375,0.9494301211623446,0.4710866789399283,0,0,0
98.11535546786361,2,1564,0.6599327382040076,0.7738025042070411,0,0,0
30.81066782649088,4,1339,0.7202003659231931,0.043326070451384924,0,1,0
4.848403698802973,4,950,0.49752069654260633,0.8362200857944545,1,0,0
139.29023866773133,2,522,0.2848924905161698,0.0583374092968576,0,0,0
222.27933153268734,0,1827,0.01617952552228119,0.967582932404796,0,1,0
8.474550084292064,5,1028,0.2220407354096675,0.8904344575820502,0,0,0
32.794777996453824,2,2229,0.9799593437317985,0.2665896031358316,0,0,0
167.19390740229528,3,1109,0.8063818298688233,0.2235355273068742,0,0,0
704.5050290017022,0,1223,0.4790359851022803,0.7833609371171298,0,0,0
91.90851753172433,5,96,0.34359110684040894,0.15164037427289867,0,1,0
43.46678393756269,3,790,0.06434437190804942,0.8682909273819021,0,0,0
74.97116394678811,3,89,0.010136865406280005,0.03191283587193294,0,0,0
355.980665558479,1,1682,0.7550605750615254,0.6516145871885066,0,0,0
47.18310204052389,6,524,0.985573366606571,0.260064310373192,0,0,0
40.47999871963934,2,2076,0.2538289122637548,0.8425800540888893,0,0,0
55.5484980445361,4,2323,0.27453676650397907,0.3770592861230956,0,0,0
34.697630237082706,3,465,0.9346748719748816,0.43269085508444516,0,0,0
101.76541544526162,1,99,0.6020618149999287,0.14555177552604148,0,0,0
456.99774588749665,3,655,0.1738111295326077,0.626252271924816,0,1,0
124.34740146861466,3,453,0.04568651239115673,0.47065858491799384,0,0,0
69.94061311340683,1,292,0.5635758108129995,0.00869201448509882,0,0,0
67.23464942475673,5,1633,0.4525572770119438,0.7308553885542055,0,0,0
18.855585656576817,2,2019,0.4320943918652149,0.12807079901621576,0,0,0
217.6982168062825,8,1834,0.9692643032946994,0.5261390417760028,0,0,0
83.27620074317495,5,1918,0.2628775156732529,0.539079919717259,1,0,0
75.15255290467199,3,301,0.4879905941945345,0.2993851150225987,1,1,0
2193.17943734398,2,2222,0.2133440135641289,0.2286353545617077,1,0,0
121.35897734308048,0,1210,0.3217891505042031,0.31134990478874414,0,0,0
42.44499277224889,2,30,0.765893374520419,0.3980088119738805,0,0,0
58.77063960737537,6,251,0.19730049313952658,0.934274835857182,0,1,0
283.84993743379556,4,1464,0.6764844819355322,0.669199031406507,0,0,0
100.81331201290897,3,344,0.12964444006029519,0.965423766549513,0,0,0
21.364315317984868,4,2394,0.19057274596742935,0.08497128475399296,0,0,0
225.7050220505337,2,1686,0.023093309649519833,0.04548591843098426,0,0,0
46.14810574346204,2,1518,0.630464587236748,0.0584254196074635,1,0,0
585.9871003133354,2,1121,0.990320487697388,0.8592097186633171,0,1,1
265.08434694859614,3,1349,0.6564753416908377,0.8343118028498642,1,1,0
57.55137944245868,3,2392,0.923321226064846,0.4380243636950918,1,0,0
324.088414146634,5,867,0.5264079062161766,0.43548308262974644,0,0,0
96.33729378241206,5,86,0.6802864208464678,0.4274431604065866,1,0,0
211.1932677461735,2,1185,0.9255329652550253,0.9444823135011832,1,0,1
146.16451717744744,0,1041,0.08621901441504565,0.2618602251513441,0,1,0
38.615098197602585,1,2292,0.5974370974414805,0.7183706047638535,0,0,0
47.29715603983538,3,1982,0.5755289754275317,0.10991289048407449,0,1,0
252.13403160873426,2,780,0.033151488527574435,0.2615275908245487,0,0,0
64.40715103703451,5,1822,0.15619932104418865,0.598357492488906,0,0,0
60.12053939143826,2,1933,0.5523494744242324,0.5976443302129226,0,1,0
34.635439492401886,2,2054,0.49767512185160345,0.5536111415719134,0,0,0
137.49658295939926,5,381,0.3438283300411389,0.1234982267901179,0,0,0
708.057226801656,7,779,0.6977176244086184,0.7546947399108708,0,1,0
30.952912117731522,4,124,0.36023192076732913,0.7111216071539006,0,0,0
92.2239129678558,5,1084,0.7688687612417144,0.6809407794789526,0,0,0
369.5257975530581,3,501,0.809237297105811,0.12931986717484756,1,1,1
83.12608975746161,5,2058,0.6445781197371747,0.22086202477694994,0,0,0
141.51019956963532,2,971,0.27898096497428637,0.9107576016793753,1,0,0
31.11240056956852,6,1450,0.8026581011834893,0.4826288197242127,0,0,0
138.1454474575635,2,1708,0.25178719466565247,0.4179502668274875,1,0,0
74.65337507821006,1,457,0.30300951929775977,0.8725391078245213,1,0,0
241.2249729281437,1,612,0.608805477517336,0.2948657055090499,0,0,0
295.1211799736696,8,1807,0.6890456331442625,0.826093928866812,1,0,0
1199.3843254846986,5,727,0.3712903464562156,0.44149448837253336,1,0,0
160.7150905140385,4,1575,0.5913876655702524,0.6215048826536037,0,0,0
124.68571816576151,1,1529,0.2479886140439831,0.3648306230370346,0,0,0
109.33147269933464,6,287,0.7948151927975527,0.916363295131898,1,0,1
63.233467319625646,1,207,0.9921281544349227,0.10620940864189443,0,0,0
126.27774968164617,5,1948,0.6983679727241496,0.21715824030412756,1,0,0
66.99370031767303,2,550,0.3193652060758465,0.2026118809852907,0,0,0
106.53365837188755,6,2002,0.3487574066934441,0.26026155450955957,0,1,0
336.1634619653749,3,714,0.03052545982379462,0.45440552376298105,0,0,0
32.899499165435294,6,882,0.6469532194363943,0.11683842696725777,0,0,0
281.42854003587007,3,243,0.6000211613204787,0.03885269278813752,0,0,0
336.00131288112317,6,660,0.9545886238973369,0.5659410643768615,0,1,0
79.9923874290214,5,997,0.40213453527159715,0.5021165341911137,0,0,0
10.784879436779711,1,971,0.9329240986351091,0.34065903609159354,0,0,0
49.017531160342884,3,1541,0.7602478628088859,0.17070192415035523,1,0,0
329.30835022484433,3,651,0.2880031185013845,0.1173673497265939,1,0,0
87.98197269036778,2,2151,0.016432873018087157,0.8890236420547443,0,0,0
33.13856691510573,4,1883,0.7266611591781058,0.4344928831616839,1,0,0
54.33806959348565,2,1270,0.49634773831368195,0.9524846780863013,0,0,0
208.64203378386586,4,2196,0.9618559978025174,0.3252878223310631,0,0,0
155.51365918839446,4,819,0.02210514848748213,0.6126694232099945,0,0,0
70.88564188506173,0,670,0.5219048176834695,0.5674920718679366,0,0,0
62.3756882566348,4,1200,0.7888231263988573,0.16255536449655705,0,0,0
60.8396582970594,2,769,0.7897726977009202,0.4938059055877694,1,0,0
35.787183105855625,3,419,0.6720594743054715,0.48469204455741677,0,0,0
452.7661148843893,3,1946,0.3943724769451038,0.5063974451457036,0,0,0
65.21434961185787,2,533,0.0672426982649118,0.3019497764338275,0,1,0
304.03977170485837,0,908,0.3017590732410367,0.2429007273228676,0,1,0
412.12061111077503,1,228,0.6511523856667948,0.41049640879353444,0,1,0
244.27897153280554,5,1061,0.7710589121574848,0.9227559817177892,0,0,0
58.462158827288775,4,1627,0.8173801928736344,0.5693895913930028,1,0,0
134.79162808249754,2,1351,0.7740812404242103,0.4686201261744519,1,0,0
87.8652502365616,1,178,0.32379175881171596,0.1955011866786739,0,0,0
36.46300333459635,1,2014,0.6940890248029998,0.9261129445582659,0,0,0
124.50666912281355,3,468,0.9690787554223833,0.659683573977757,1,0,0
27.686923027163996,3,622,0.13650161214574497,0.9885810355485757,0,0,0
295.2077626031059,3,1896,0.7313613824999866,0.16879952406441912,0,0,0
56.56456350785966,5,2204,0.40998102257110314,0.3903597280176355,0,0,0
110.07474729351979,4,2308,0.22499364923915577,0.33268684270409066,0,0,0
119.49659431939284,3,2444,0.32004253571549157,0.33218429405253547,0,0,0
69.48389688972867,0,1603,0.16647201692426317,0.03289676362509131,0,0,0
161.8538554914449,7,2308,0.8153423730379632,0.538027285271577,0,0,0
55.985702373478524,3,271,0.3874614451092726,0.6088150800881589,0,0,0
215.14178963950465,4,412,0.9376193494037035,0.04716430759888712,0,1,0
23.430071865392225,4,393,0.9663860554480993,0.8798296679426482,0,1,1
102.14359113463976,4,2243,0.9657423543521814,0.20140309276740886,0,0,0
625.736276668546,1,2415,0.15571140468336087,0.14762525908680846,1,0,0
33.104481812073786,4,894,0.3463860579708957,0.18021217165527403,0,0,0
45.70716319431173,3,594,0.310384859370031,0.4216882579341553,0,0,0
150.4916874328052,4,1102,0.9226786478521308,0.08237623528787863,0,0,0
107.72501060420137,2,1831,0.08647521768708766,0.8238535545624509,1,0,0
127.82090433627202,5,308,0.5886154172356839,0.6799907706550377,1,0,0
146.81703183833852,3,582,0.48537248387308396,0.4721759941510868,0,0,0
169.8170139097694,1,560,0.9762695405513417,0.5006176745353502,0,0,0
273.062263867822,4,1907,0.9632996251962647,0.40601855078779114,0,0,0
135.6148193705789,6,1396,0.42399860064168193,0.7156134783525574,0,0,0
70.72098492798091,1,1138,0.441374033448399,0.9531906854155976,1,0,0
176.3681728375098,3,277,0.38453489846446154,0.5534941361912645,0,0,0
601.773985169127,2,462,0.7891721416798584,0.563400231430593,0,0,0
78.83572472780858,6,2039,0.10018109780342388,0.5223002889831072,0,1,0
33.969759260791776,1,2033,0.11614690094741942,0.9101192802466309,0,0,0
272.3480024446182,4,2063,0.7046927904833062,0.6358238162427057,0,0,0
79.80760782356016,2,42,0.01668676213802367,0.8744869977040121,0,1,0
10.250540685375872,5,20,0.6710297661324444,0.5844319049186201,0,0,0
210.06598111424336,2,1040,0.12869603034964228,0.6982164884278533,0,1,0
52.702970176581246,1,647,0.7861855790407698,0.6556459496697838,0,0,0
82.22560235136984,2,607,0.7396384484187235,0.4407082563669046,0,0,0
125.45916543036218,5,2141,0.18226029889026163,0.1372415058593882,1,0,0
108.90758513174109,2,2129,0.7569327078501717,0.4218984359925426,0,0,0
182.99371667433604,2,1938,0.7902305817590255,0.8720111796387982,1,0,1
58.236577076141366,3,1887,0.9255621151622418,0.655870739731806,0,0,0
150.37103374344892,4,1522,0.7244446610361353,0.9435423339316213,0,0,0
69.4393231066225,2,658,0.867601170062891,0.27871431547148484,1,0,0
188.44580913990796,4,2074,0.6374797381486631,0.4717881357135416,0,0,0
166.56197860237558,4,1733,0.6255163689108939,0.7433186027290593,0,0,0
35.32395331402559,3,1983,0.6753439716771873,0.13245890211601197,0,0,0
266.66204728673426,7,456,0.4063514073227942,0.09840834994811898,0,0,0
52.66950076401178,0,1101,0.22857376795535622,0.7527925194438116,0,0,0
201.9576048272583,4,314,0.4133146949434796,0.6652669515774008,0,0,0
129.96787615260857,5,352,0.5933902185725763,0.48089450652098265,0,0,0
565.7677604620139,3,2038,0.6900053403059859,0.06674744861792448,0,0,0
71.99048932827095,0,923,0.45670362210025217,0.62760258731378,0,0,0
63.47735346120362,5,1225,0.33011043261590123,0.6684823781008007,0,0,0
88.2858984242937,4,2351,0.2468910620208553,0.30051200143085355,0,0,0
66.47461976652316,1,327,0.18319900668311206,0.0898440384624406,0,0,0
200.32517113329664,0,123,0.4763699242063739,0.5041571494990172,0,0,0
17.880118398498638,3,2226,0.7063908535359913,0.4863024383983955,1,1,0
31.384607975054447,4,1326,0.8298481754805733,0.2950472641230558,0,1,0
30.94455573292546,4,1032,0.3453119840604303,0.5637964040499541,0,1,0
232.82977146336194,1,2,0.6111642680654866,0.6085609371779342,1,1,0
498.0066212315378,2,1170,0.4777080223583424,0.9225971904934162,0,0,0
81.08928093810476,1,1624,0.9662621764314803,0.7738413350275868,1,0,1
76.03382269971728,1,1066,0.8823928745662893,0.8091434265346391,0,1,1
96.5491459455198,0,1382,0.8822734500450857,0.1856617367464669,0,0,0
287.6885014507713,4,1675,0.5792010903151722,0.45815240160940585,1,1,0
35.61072533037485,3,1738,0.43683258962872906,0.2077653005236153,0,0,0
114.24770964869131,1,2269,0.6518571171880556,0.1870979752411397,0,1,0
238.69763603137173,5,2097,0.15965244074033202,0.5054459482854973,0,0,0
148.57563719305537,5,952,0.882972739138299,0.28009283391395745,0,0,0
108.8076469695665,3,360,0.27123276343842184,0.21458438478718067,0,0,0
244.94803660687123,7,752,0.82689908970097,0.7256549652378576,0,0,0
6.030124799749302,1,640,0.29850103855680477,0.033903270874210856,0,0,0
177.3056925651007,3,1866,0.5220195474686632,0.7521201217361391,0,0,0
46.80192417236693,5,2141,0.7722763290418929,0.8986597926277589,0,1,1
14.430833073109099,2,1508,0.39373890786328036,0.7047579103067623,1,0,0
150.08511995653257,2,98,0.3580037754043094,0.19311931382512337,0,0,0
355.54738985780693,2,1332,0.8878722035649079,0.7359250297145136,1,1,1
78.45706130363754,5,418,0.06890899280158935,0.5020144468562749,0,0,0
233.42820280740364,2,1952,0.8415342829944338,0.6379738132062331,1,0,0
451.3658725635343,1,300,0.9281984519069266,0.39269689464659707,0,1,0
335.26271675049327,3,1924,0.5631609564500886,0.19031166319038195,0,0,0
464.03711087933516,3,560,0.6959705911102609,0.02277387850126711,0,1,0
189.07192364805903,1,784,0.8614477945444319,0.7411789164707633,0,0,0
97.07012339327422,5,2158,0.4355278756694104,0.4266722487871064,0,0,0
18.138453511488457,2,1867,0.8787879204494924,0.24212336107882737,0,0,0
70.3819974110971,4,527,0.37226134387699905,0.6229055861021001,0,1,0
38.73538040280666,5,1126,0.30647141685382606,0.7925521319296385,1,0,0
789.1391892342772,4,1208,0.9832005413086502,0.5288337160176134,1,0,0
75.49860562698383,5,219,0.031147996649247167,0.761367749420701,0,0,0
101.81982266130875,4,2177,0.31956079687500916,0.3385774393964259,0,1,0
156.2543887216269,4,1689,0.458550062865162,0.6530419067999982,0,0,0
94.02892487497496,2,604,0.3108842737518578,0.6160681445334437,0,0,0
490.3164703232114,6,555,0.2821628911911608,0.17330015630239026,0,0,0
48.296091606559514,0,482,0.37068072722706946,0.7384223332022771,0,0,0
109.3558731400331,1,2296,0.39806099894524904,0.7602262329425974,1,0,0
42.8424491780753,0,944,0.07160407079629305,0.6566895180142439,0,0,0
24.046212236380892,2,1092,0.7752419695906055,0.37952330040538007,0,0,0
48.82443521187518,1,1744,0.16824684336660645,0.5461882225647441,0,0,0
86.74416921877348,2,1741,0.04102154739540265,0.4382324600649148,0,0,0
58.59783646346704,8,1681,0.5903791592952313,0.002964546831905057,0,0,0
45.04126277241534,5,92,0.668593636882433,0.011300355097774384,0,0,0
22.05815856327232,2,1674,0.7602791642019504,0.19691989314002334,0,1,0
82.83862410893674,1,1519,0.08778431925779362,0.9130140338022015,0,0,0
19.990949096889384,2,1416,0.17172498757672705,0.6313903522809773,1,0,0
192.49226357310414,5,514,0.18231741006872426,0.3898639366451585,1,0,0
97.75259569471046,5,440,0.593640275759852,0.6070972156689125,0,0,0
20.956492450601527,2,1786,0.8897214136154765,0.06389352683031357,0,1,0
66.07503055703727,4,833,0.706427049620257,0.10436018201478037,0,0,0
42.429488093419664,1,439,0.3147074261776277,0.0809226144344678,1,1,0
123.86280111433494,1,1221,0.8531601854914188,0.8170531870014422,0,1,1
343.93422958373804,1,1379,0.6697936091105217,0.9998929165589638,1,0,0
13.80219352134967,5,1131,0.6884470448246688,0.2235660806559474,0,1,0
100.99046224329086,2,629,0.9573601403755568,0.4826836537123881,0,0,0
76.69735359346944,4,142,0.9503646412908254,0.13263863410657462,1,0,0
176.15073484000874,4,1866,0.38567269006320304,0.8817695863533437,0,1,0
111.40772037044856,5,1558,0.6358349966306486,0.15583904699274453,0,0,0
42.437426283676444,4,705,0.20202029647581676,0.5249105848724568,0,1,0
65.42772277803606,3,924,0.41191225395518916,0.5813455860204351,0,0,0
40.60836757165696,3,1366,0.27341298087100174,0.4806167801303127,0,0,0
264.01532180400204,3,2336,0.3673649504050417,0.061024072626555736,1,0,0
91.95613305083488,5,2315,0.6754063636873805,0.6853825598067395,0,0,0
602.5620729812256,4,1946,0.21024517732048464,0.8857352411390201,0,0,0
84.71893972670432,3,1556,0.18032897920834512,0.09003688185745706,0,0,0
44.32696723720848,2,1876,0.37933840367539373,0.7280574932872573,1,1,0
19.8119562682516,4,2273,0.09813793523104741,0.821139382737603,0,1,0
14.833087446764226,5,965,0.8138937449085138,0.16321070995268128,0,0,0
18.464760117018752,1,2217,0.9584985922038283,0.9940889139269912,0,0,0
117.58090513871835,5,323,0.801336749750505,0.2980465727454632,0,0,0
149.71373288097269,5,1724,0.5314080613475887,0.3098010463346329,0,0,0
18.519223449527896,2,2018,0.6741366387676755,0.5673532468917667,1,0,0
220.31058793142776,2,95,0.8055783832625076,0.8190507057943054,0,0,0
55.53086255768996,2,362,0.06822839825260063,0.4586691396021816,0,0,0
104.25012002378614,2,1630,0.41812399885063256,0.5458488643326406,0,0,0
451.33986121823403,4,1590,0.14378043337383195,0.6169748780783755,0,0,0
220.7077252096475,3,1805,0.09074298336643616,0.7925773774763014,1,1,0
68.81827619929224,1,1825,0.7589730592860261,0.6467597197227192,0,0,0
36.92200720851665,5,670,0.8580708527609514,0.16913636981996727,1,0,0
10.466551475611322,2,2315,0.08379583339153718,0.6001454600767011,1,1,0
43.85315564458395,3,1813,0.1788018126788763,0.21285701574453209,1,0,0
72.88404555139718,0,800,0.2208211476953239,0.435961377738871,0,0,0
33.542740881844935,1,133,0.8569530976322053,0.8657634921430092,0,1,1
78.94433887264312,3,2397,0.9135689648198749,0.12377681679588559,0,0,0
97.20789018928369,2,547,0.7649750758086393,0.36190581169507663,0,0,0
71.89049210283488,2,763,0.7963767556346101,0.5615673242460184,1,0,0
46.99294195093575,3,1583,0.3426891533823788,0.8707265080372908,0,0,0
106.55429548170711,2,2316,0.4083147234591622,0.7789379638712236,0,0,0
140.04175800078593,3,1829,0.2804892678544859,0.42398418270110794,0,0,0
30.253168492857213,5,1006,0.9583801258607024,0.4993070523195262,0,1,0
369.0500898748344,3,1068,0.7276564187692252,0.8461795383348003,0,0,0
81.56594773595127,5,1302,0.3413457474382684,0.8770050922348601,0,0,0
91.73001315621877,4,1163,0.13567531054343962,0.5285618609150584,0,0,0
182.76742140585506,4,1879,0.1948097069279382,0.19913025363087422,0,0,0
113.660522313742,4,1335,0.20408361904210703,0.49814085243901185,0,0,0
233.48938925489736,2,266,0.6148111036289083,0.9268028573767177,1,0,0
119.95589879617683,2,2218,0.9029563414122791,0.6105975851612236,0,0,0
48.79181753609012,5,1240,0.8686777502419192,0.7732207296131802,0,0,0
129.21833915584472,5,117,0.06971752734968895,0.018704017191788824,0,0,0
28.682116000921386,1,1975,0.7090567739085937,0.6343621373337398,0,0,0
100.33952707064108,3,2482,0.16768614868410814,0.5984819772282427,0,1,0
87.07501681448663,8,1440,0.31035851717388363,0.47203958793656065,0,0,0
73.10400423320017,3,88,0.5438066912415166,0.6790702203452376,1,0,0
79.15931668011117,6,234,0.8409181976962038,0.8633561519173082,0,1,1
13.710349073768619,1,609,0.2367455113833391,0.9292351531984138,0,0,0
52.001631456828044,3,530,0.8738302773565361,0.25679724475382293,0,0,0
98.77503603743915,2,1877,0.7347411095052344,0.5048221639165631,0,1,0
105.6209130591265,1,1659,0.6742631616010902,0.3014637657303352,0,0,0
32.21154275843887,2,238,0.1329047715692605,0.41862401506769076,0,0,0
319.16488204422063,3,2412,0.47422590632298545,0.4988229319933414,1,1,0
37.85735012006257,4,409,0.2751289130581511,0.7852892169401323,0,0,0
237.33133446888542,2,1311,0.5881429282382776,0.91598987445208,0,0,0
137.99181362942184,2,1003,0.6735993918538866,0.587363212870797,1,0,0
47.17068835022994,3,2004,0.06536742922434147,0.9923154022018227,0,0,0
531.2915306952881,5,218,0.6441869781081224,0.5669120662848548,0,0,0
27.285711263881712,3,2451,0.4981152753431366,0.8063263111639638,0,0,0
225.68814875597408,3,2393,0.8386916423137765,0.13885115688880434,1,0,0
244.83446228622321,2,113,0.7932634860568906,0.0077013755031999365,0,0,0
46.033978687268906,1,1042,0.41297215443281143,0.02703650409962055,1,0,0
362.29735600341024,3,2267,0.9762046759348152,0.8920091714226659,0,0,0
70.10215149738725,4,161,0.5869082967575969,0.07473818769409502,0,0,0
120.14431308634022,2,1094,0.9636451336030015,0.6128970762042453,0,0,0
116.78350531125783,1,1031,0.7192639852943756,0.5762812446379934,0,1,0
78.70378580550341,5,1025,0.4075509483091485,0.7806653180609677,0,0,0
202.51384876270032,2,2147,0.23377841080900286,0.3134653455446482,0,0,0
199.03659863478146,2,1616,0.46540878822018095,0.35325999903467675,1,0,0
15.665612550408817,5,315,0.936048197699551,0.3533676170885949,0,1,0
331.7362557713571,1,1058,0.13022684473675716,0.1684241043445548,0,0,0
17.073166354577637,3,226,0.46031692942172886,0.2078949876336007,1,0,0
252.78673898285763,6,479,0.3468811193025536,0.19756400719774092,0,0,0
277.74547501936354,4,223,0.8672734788668137,0.14576268518031343,0,1,0
30.23600914200327,6,1716,0.8040581055742988,0.7709783196456402,1,0,1
59.69126603025941,0,1931,0.5521382970244306,0.6098717012444026,1,0,0
29.79365142882427,3,520,0.41506815778821915,0.5692789268853339,0,0,0
72.60828034829444,5,2291,0.6841801880257894,0.6765780473994508,0,0,0
66.15270064563232,3,88,0.9530823603015249,0.34486430685819924,0,0,0
196.30322542923162,4,983,0.10116160712151023,0.730121732876906,0,0,0
333.7221451876659,1,480,0.8988274412071782,0.2735243459442138,0,0,0
363.465292429328,7,309,0.29423049340880414,0.8176950713725412,0,0,0
51.30724516144049,2,540,0.004216812186843333,0.6154936000455471,1,0,0
73.02326772015795,4,1492,0.7410018818083285,0.8216492541461725,1,0,0
16.719267682085942,4,90,0.7884250225328766,0.05466500627774773,0,0,0
40.210571492491205,1,1010,0.3047587990996419,0.843238086611248,1,0,0
236.2408021925033,3,2361,0.7784472125303249,0.10142645285581942,1,0,0
452.85990789003193,3,180,0.7980183963016242,0.6686060004253195,0,0,0
26.19716314824299,6,549,0.6753039065930597,0.22793944944789668,1,0,0
49.77613940743147,4,2,0.03864048092931016,0.04669667058232263,1,0,0
87.67126924640323,3,1058,0.6674185884139977,0.25936111493954206,0,0,0
119.12354630805913,3,1338,0.932405827242686,0.403312510944536,0,0,0
40.06072708921596,3,2274,0.6203152100126529,0.14392937274682815,0,0,0
137.560118150338,3,364,0.3669234625984109,0.09963699655340963,0,0,0
56.0453202115577,4,1531,0.5634814918111947,0.9937533804373984,0,0,0
88.72553506563665,3,950,0.9931458921907533,0.07932835863129273,1,0,0
155.4437994561757,1,116,0.4725821357022424,0.19051736200833747,0,0,0
90.59710598885987,4,2162,0.8415506981927032,0.25283318201156213,0,1,0
58.18421566644713,5,1566,0.1385342329058098,0.317129018766516,0,0,0
80.671890695053,5,595,0.05648090389685856,0.13126635112459895,0,0,0
82.40425226936509,3,2155,0.39014783398204145,0.8397415618981243,0,0,0
62.1772371233821,3,2363,0.1377725812321361,0.9246582199130278,0,1,0
69.49146486510257,5,1912,0.3305275286753989,0.5489613338414536,1,0,0
445.25500834930233,3,1176,0.715427821301338,0.5670347960703908,0,0,0
157.7354792318707,2,1935,0.4454879553101987,0.993781467956743,0,0,0
66.98841419469002,3,2123,0.32121425344117815,0.8838012669309624,0,0,0
180.7209998092362,1,187,0.8915039210370552,0.40743279033206614,0,0,0
64.46874355135016,4,2387,0.009428825384547812,0.758895480646542,0,0,0
290.94220453094323,5,1847,0.8140283469208228,0.26527379412429253,0,0,0
130.27429539690723,3,1413,0.6212687913825388,0.0518698224610864,0,0,0
80.85826895011463,3,825,0.04645571042996566,0.022157568207734513,0,0,0
140.85301865741724,1,53,0.03415411232180787,0.5389428954738535,0,1,0
18.711229430438397,2,257,0.1719006046373014,0.499717725226988,0,1,0
29.172676388905902,2,1596,0.9774058728031854,0.15071448647931496,0,0,0
27.27784934664783,6,2094,0.0857089171333213,0.8531656243247902,0,1,0
103.84953729128948,5,15,0.7388557574916257,0.5829165583678395,0,0,0
509.0340954555899,4,12,0.40159215695728934,0.381525901081453,0,0,0
838.2363876399331,6,2049,0.23664565334869092,0.5058730839218922,0,0,0
170.3833846026817,4,2125,0.5750044949668779,0.09741197686033021,1,0,0
148.53854323129264,1,542,0.36818781045567084,0.8998738586361682,0,0,0
14.864001245243225,6,996,0.31018228298142614,0.29054699975723075,0,1,0
52.31725291200441,2,50,0.2396222721202096,0.17460407653627674,0,0,0
40.94444910386472,2,1666,0.45781734498442983,0.42595733020204096,1,0,0
48.38318818095553,3,1030,0.16960498556358616,0.28117328390915797,0,1,0
76.085383853075,5,2123,0.851947682605572,0.3076443133967107,0,0,0
56.14341629980552,3,346,0.5917427512909667,0.8244663778339926,0,0,0
12.43730208537224,3,2381,0.06288149021879041,0.5470149913444864,1,0,0
190.1684495794725,1,2316,0.4570435701024107,0.9317691820096397,0,1,0
30.79206337858444,2,1504,0.62959035189453,0.9503640901189849,0,0,0
114.348049622137,3,1332,0.8616105150929673,0.9915484431784731,0,0,0
716.2882500039825,1,1741,0.023479653647750398,0.13152814785502853,1,0,0
35.89562452046706,1,612,0.4562754276391019,0.8968512133037345,0,0,0
7.168615052118746,4,1246,0.7058408885499441,0.29460454908615896,1,1,0
67.62622003046832,2,2326,0.19612783030557945,0.6292518871897574,0,0,0
270.68604262884537,4,685,0.22134588108545172,0.8778303936024595,1,0,0
638.0058510455922,4,2366,0.489673762884691,0.09287534299188316,0,0,0
26.323192785698176,1,143,0.88449463128219,0.1518505682902841,1,0,0
147.924087996928,3,1950,0.3982712842185512,0.7331777345162612,0,0,0
56.5253688299888,3,154,0.4844864256478839,0.3467623007167252,0,0,0
80.96780817159173,1,378,0.6357582591855303,0.6550407262892587,0,0,0
1266.9191257849616,3,1631,0.3107845269187586,0.11400596503365756,0,0,0
20.02596480071595,2,534,0.8670859825306202,0.9723973811439838,0,0,0
116.01733986089779,5,2029,0.9618595563291791,0.501253928238431,1,0,0
143.69502500250226,5,693,0.6503073741757994,0.8705425130660581,0,0,0
266.6098423057914,6,1891,0.6384761871576711,0.6749583998178074,0,0,0
99.28387324395284,3,787,0.673550781325233,0.9517377044110643,0,1,0
122.49259014023204,2,2210,0.19389705023240467,0.570500712462317,0,1,0
60.84632557079805,1,466,0.7323724286430529,0.30638658430310317,0,0,0
117.81633646191642,2,2326,0.3469773317757251,0.613518186545752,0,0,0
63.867314765509214,1,141,0.9933526659667105,0.9968844392341123,0,1,1
167.59860922880262,3,1728,0.7521676602060792,0.8153505241030697,0,0,0
62.2021561513091,4,1992,0.5837665432962945,0.45496072137118604,1,0,0
131.24953963230445,4,810,0.9122356253644744,0.8165212704313441,0,1,1
87.42114493673431,1,1271,0.9700402181788779,0.7028314026639783,0,0,0
277.5636429269683,1,703,0.8180744968140589,0.9387200715803253,0,0,0
85.50768683560224,5,170,0.7565972553945595,0.3647956336401055,0,0,0
15.286460955858528,3,2267,0.060656763396677804,0.040384437165278175,0,0,0
317.95870018506395,0,2082,0.7060160135631834,0.08642554204413977,0,0,0
36.389042501206596,8,2333,0.335754720790716,0.7674140287452335,1,0,0
46.81640432876044,2,1434,0.9299128943039948,0.6912685901174219,1,0,0
49.61725746391321,5,1431,0.6117631673184973,0.7333775825660088,0,0,0
355.8246641775507,3,1060,0.3706534598266601,0.667708578406174,1,0,0
10.636864876406905,2,265,0.3389781377544022,0.4571085823011072,1,0,0
2075.0666106341578,7,853,0.5548313848429329,0.06808690792309513,0,1,0
258.8003225786934,0,1764,0.4914979413969953,0.83555154017396,1,0,0
112.53214499610027,3,7,0.39087503765993914,0.18078434278190036,1,0,0
85.20890945053004,4,23,0.20845369814034742,0.9898677754747076,1,0,1
119.76770497706123,4,1440,0.7964723378504099,0.20540513636730995,1,0,0
151.58134755150095,4,2117,0.43341092390819924,0.08372735237274576,0,0,0
171.60847705996403,8,13,0.0988957774163276,0.3755559557451069,1,0,0
156.89934200427368,4,1784,0.08540363326096279,0.32544404812888794,1,0,0
98.45313825896528,2,2306,0.2381163588320847,0.9766270290493716,0,0,0
73.89621285051972,1,948,0.5522294890596389,0.3945612437677467,0,0,0
77.37987364429866,2,1846,0.14797828731964935,0.04660763759988029,0,1,0
74.07600936673,0,1052,0.21501703764178015,0.9870911397603032,0,0,0
279.7146837009837,4,1868,0.5017032175063345,0.7864709859864136,1,0,0
162.96846605094763,3,414,0.21776039292877958,0.9979429550396689,1,0,0
4.756972161573139,1,1811,0.8580643471379371,0.3175377409982455,0,1,0
173.45197788140072,3,1128,0.5900085588456859,0.11773814705530339,0,0,0
109.36995246470667,6,440,0.08582651555578591,0.3976937919109842,0,0,0
88.34867871693497,4,1807,0.1398857881043557,0.13994565775687506,1,0,0
61.03707991227621,1,109,0.1951740418071115,0.14684358345164772,1,0,0
277.0263754778677,1,2478,0.6298943379923359,0.9026723425412639,1,0,0
232.18314123391616,3,1445,0.10565040186157215,0.9939039656886843,0,0,0
41.55934194189921,3,2394,0.04328971655363212,0.9944266373763386,1,0,0
135.240177067799,7,381,0.7284603831443262,0.4384532669648302,0,0,0
34.067480064279735,5,1528,0.47812667418549937,0.23929203913777686,0,0,0
22.65502847943643,7,1596,0.8487931141212482,0.1720343600958404,1,0,0
48.10002877815778,3,1567,0.7928578138913007,0.38210959374351605,0,0,0
213.2347075401876,2,2206,0.2735077052788033,0.5989448634547898,1,0,0
233.48668347011198,4,1383,0.1922592721778068,0.7435885017067974,0,0,0
150.3679695018974,2,623,0.516309522454816,0.5163629158062054,1,0,0
185.8789744343203,6,550,0.08010412840080583,0.8427398693039023,1,0,0
150.8337575742623,3,1427,0.6328617546429028,0.919666751105049,0,0,0
47.3950790014663,1,1952,0.012179412169297965,0.8856662930603179,0,0,0
138.64580903601637,2,134,0.8031052196020573,0.3692056836344213,0,1,0
200.41886975413775,6,701,0.8906972205024417,0.9505470939337056,0,0,0
191.38580836826506,4,1701,0.9962003946183561,0.9230727319789814,0,0,0
295.5722688184729,3,1276,0.34410731170014197,0.4116551819461347,1,0,0
182.78376592038916,4,1991,0.5619262709934544,0.421309317409457,0,0,0
127.92551846194151,3,206,0.8629613223033914,0.07804207794081208,1,1,1
262.4735298594428,4,2196,0.4621390044128243,0.9369945165101642,0,0,0
87.6611435988054,2,508,0.32925870727727924,0.08845997117319737,1,1,0
37.267638471746736,7,530,0.04882513319233628,0.491142234335994,1,0,0
76.47264047822412,3,2239,0.3940734149056453,0.7214144680581529,1,1,0
42.738380411318076,4,1981,0.07889133019523986,0.879664201892149,0,0,0
45.82463025330729,6,406,0.3629960518116312,0.5709999328757792,0,0,0
77.90431394161025,4,88,0.34303200637124887,0.6825783888591281,1,0,0
40.75506306652099,2,607,0.647180751544928,0.7101302746256631,0,1,0
66.15751373046562,6,1457,0.3660766710839849,0.01597092819724122,0,0,0
13.54998354652282,2,274,0.38417066254879073,0.9424858689051187,0,1,0
111.4185362605923,3,61,0.2863506642077279,0.3599216358946511,0,0,0
90.12571016590758,2,82,0.6079814378741495,0.17752192901187536,0,0,0
39.76198753849829,4,1102,0.38935013358120873,0.4733368605209409,0,0,0
174.03312739702866,6,1345,0.9485880270367146,0.7334852974229649,0,0,0
229.88292041108596,2,536,0.8919714306983055,0.8273392388681707,0,1,1
18.037269329466042,2,1290,0.23691696170887855,0.7196112996006953,1,0,0
41.983438598414516,6,899,0.4039722633042526,0.40013621349909767,0,0,0
41.714869593218,2,108,0.6345825629705679,0.6815496708799952,0,0,0
35.166604585004656,1,1605,0.016311630411703137,0.43187331877501,0,1,0
206.32959005047135,6,1022,0.22741189092839653,0.9868667784540852,0,0,0
74.15621348481591,4,2444,0.2850297971719993,0.9964650052346464,0,0,0
69.095192736207,4,1881,0.4023969656206098,0.249794435020255,1,0,0
12.135531481130563,2,529,0.8893122692683938,0.48332781084078535,1,0,0
169.9353431357605,1,2382,0.09632703424830136,0.5765166657090431,0,0,0
26.068862778437698,4,2275,0.06583306537978628,0.6362394533237635,0,0,0
95.57704061339327,5,1216,0.6644182523203077,0.4339220743759715,0,0,0
118.79234133319788,5,321,0.36449418296836045,0.5242941499687084,1,1,0
350.9552055614124,2,342,0.17772058298404814,0.5542653882280072,0,0,0
24.31709499831437,2,1052,0.7018058216472551,0.38794831881233827,0,0,0
4.395089276726479,3,2066,0.24294053819002026,0.32044071558868203,0,0,0
108.18573783658182,7,633,0.5656397764637721,0.634619355414422,0,0,0
544.8503563799408,3,1539,0.4087564808322297,0.44204004540411845,0,0,0
310.7368314860086,5,2318,0.36121613268792685,0.9721498721430996,0,1,0
111.01434367649604,4,999,0.7211416729362099,0.37568964914281955,0,0,0
55.05671382289053,2,2183,0.6134089623407624,0.19584278905771624,0,1,0
201.76882203198824,0,2449,0.5138419445449801,0.4266367211653924,1,0,0
34.003171521009165,4,1519,0.1280847623581436,0.6569253420560275,0,0,0
144.94549415267574,0,1107,0.585640584941013,0.4418058844735876,0,1,0
149.227227216446,1,1743,0.6927519620109742,0.2856838754505736,0,0,0
259.87738080912334,1,1703,0.814799411956579,0.49523339394145294,0,0,0
1421.7731074983656,6,645,0.2994050750179996,0.44699731201852433,0,0,0
133.27517385334497,2,79,0.2643111679899963,0.9441379592985292,0,0,0
54.11093950049054,7,1332,0.7487725543934971,0.018896526856514106,1,0,0
87.74419337642058,4,1050,0.4674536847281454,0.39495377030072953,0,0,0
15.34706261462811,6,2215,0.40585536315800586,0.3409893114853113,0,0,0
44.93813961929807,5,685,0.16062084749367633,0.22344622774397382,0,0,0
59.782774157126326,1,1567,0.43415435477666786,0.5462448784626207,1,0,0
53.29868195492644,4,461,0.7261271796018975,0.6140605842264427,0,0,0
104.8315600465115,3,1064,0.45055258282711264,0.010206330736768354,0,0,0
39.55056847221902,5,800,0.8727303796669225,0.6761597054636507,0,0,0
276.1738799928227,1,772,0.004209132090720269,0.3826672427844815,0,0,0
90.03577262036593,3,1364,0.1799664625797347,0.9230267471747852,0,0,0
89.18382409024936,5,2222,0.6146165746044218,0.7435144269890975,0,1,0
64.85183999729495,3,167,0.671981729507909,0.5138074795372247,0,1,0
105.12926454160798,0,2246,0.27570156404223567,0.9515055042472406,0,0,0
205.42854584079205,2,2488,0.9418914097647283,0.6874042495985638,1,0,0
37.8211997094713,2,559,0.3306431455364739,0.8080634385471672,0,0,0
46.61318825821183,3,1554,0.4111901999271679,0.956365223030448,0,1,0
66.43831819090069,4,514,0.9763783857771849,0.8903384236786439,1,0,1
23.432620182982852,4,1126,0.4791903790176899,0.07067246977751906,1,0,0
39.675828179278334,3,1206,0.6128669494187069,0.21021786348406568,0,0,0
55.91200560688431,0,2462,0.5401784241525558,0.629577263629821,0,0,0
215.8080123471198,2,1796,0.17750509308869244,0.16091689727933478,0,0,0
117.04533390236632,2,1593,0.9915011876413303,0.4647462618879076,0,0,0
109.24465533579756,9,2299,0.05907311364503942,0.48017751246353535,0,0,0
210.79750108637288,3,1757,0.9834956146281142,0.46308857595095865,0,0,0
78.4630812489754,5,245,0.4679957047086015,0.822501915410475,0,0,0
133.01539187761907,3,488,0.18960640804417084,0.4894454247028933,0,0,0
81.18887635385727,4,1767,0.1669307944045355,0.8687060760362387,0,0,0
117.37363985126312,2,1949,0.6555801567078648,0.7735802305996534,0,0,0
50.26159880974871,0,36,0.7108078841448556,0.642451961644155,0,1,0
7.855255841641934,1,369,0.8986945046497828,0.5779987401522443,0,0,0
78.70611384158549,0,959,0.2365191130391806,0.23223652187361954,0,0,0
373.4365595137819,2,258,0.4332114286081453,0.7680621825127302,1,1,0
227.2874241532827,5,501,0.9711918690367793,0.8044439487600082,0,0,0
236.36978978808935,3,654,0.42800263127771876,0.48938732330456713,0,0,0
309.86314176023643,3,1636,0.4595813633964617,0.22037644768708664,0,0,0
98.36229905548703,2,479,0.28853070730216,0.7601044469075393,0,1,0
109.6524378252967,1,240,0.8709511282199401,0.8001286588897455,0,0,0
48.538053792147196,3,2416,0.3656218836602262,0.5671227814719583,0,0,0
65.62305904209275,2,2197,0.6355408099089946,0.6971586590946589,0,0,0
166.62922754187065,2,732,0.18259933323831712,0.7736706861106583,0,0,0
300.03059031329065,3,401,0.6157426888631975,0.2915795655855531,0,0,0
78.30047930099862,1,594,0.9339650949710744,0.2827208626227824,1,0,0
57.38659475222465,0,288,0.7768315086563641,0.7079896599130866,0,1,0
90.06466919015814,3,1687,0.06769237891195501,0.5124078404548167,0,0,0
164.21996003681693,3,134,0.6339637225713902,0.5123191909369789,0,0,0
21.245501606738287,5,1821,0.5586732053091182,0.958720421728816,0,0,0
9.059546348237328,2,1855,0.33857456008969333,0.7993439945232688,0,0,0
51.90749284228978,3,1478,0.8427025297658868,0.2560337421123965,0,0,0
26.556846173388255,3,225,0.7917077096745411,0.40637715670732955,0,0,0
54.1555143159967,2,2032,0.6486060987315935,0.830023266078859,0,0,0
77.65063142036244,6,608,0.7441817664149576,0.07321895104692566,0,0,0
57.211309134047795,5,900,0.1931624388976525,0.3210438841337563,0,1,0
384.70143289956576,3,826,0.9203654381076587,0.3397115786292957,0,1,0
124.8040321867776,1,1951,0.6680322306257155,0.3902482040755183,0,0,0
121.56807082621985,3,411,0.4678173361651645,0.25913697842708283,0,0,0
167.7051107713033,4,374,0.1931082673814174,0.6418995476883206,0,0,0
28.82280408169583,2,2133,0.6827633601767715,0.3950537222524122,0,0,0
254.45189168640366,2,84,0.09671700742932521,0.5422543808046081,0,0,0
83.44900389306139,3,482,0.3197477017632683,0.27259257265982884,0,0,0
175.99940550874268,2,272,0.5737815914367328,0.8613118854148604,0,0,0
30.81935084726845,1,2054,0.6460951554338455,0.20577177669227265,0,0,0
19.034273717241316,1,519,0.017330179510332333,0.8773163667543324,0,0,0
203.9530169040383,3,2062,0.00880998697548152,0.17909054365365606,0,0,0
131.15889486637528,3,1761,0.11146156701250853,0.37012982381818693,0,0,0
36.52322814238768,3,817,0.7683290245985398,0.7791620012242321,1,0,1
37.725524911995116,0,487,0.5671025147491197,0.49265538942878273,0,0,0
277.3928644023189,4,797,0.6084138678121698,0.23719661023915362,1,0,0
27.401235596297564,3,1192,0.603429127687547,0.6634247130950232,1,0,0
465.29562359739555,5,937,0.036817272144727964,0.12767183955243888,0,0,0
36.575523700909656,8,2454,0.17227947941200195,0.21529834003444615,1,0,0
170.44146527500243,3,463,0.7278663279574255,0.2567331877666509,0,1,0
64.8049198606103,2,2180,0.6457180745006602,0.5844540388035631,1,0,0
164.54554991945716,5,506,0.44529014184883464,0.5522387532128542,0,0,0
52.24195971157409,3,2002,0.02039954104963282,0.519541171378822,0,0,0
76.49360127940432,0,2284,0.4168444374157534,0.09740721982064848,1,0,0
93.77695798877988,4,23,0.2479541727378035,0.7801114720837942,0,0,0
33.04309254221424,1,614,0.697269242312192,0.13178531909832925,1,1,0
188.82569586306474,1,452,0.8246769196397811,0.9387503251827516,1,1,1
53.88145919717813,2,274,0.5038065772683202,0.0652161176533016,1,0,0
71.62184209651326,1,1025,0.4035255935151436,0.8799629090926182,0,0,0
33.30310465060804,3,166,0.27304238050349994,0.2977757696977126,1,0,0
6.9425305540505,5,2458,0.09261075661003915,0.6998291484753404,0,0,0
74.36402109200266,4,297,0.37174831771427697,0.33321732731056697,0,0,0
1004.8719722808056,3,2027,0.6780320186789996,0.7200145435657512,0,0,0
197.27610345900828,3,1117,0.6660776292074788,0.48114807490910505,1,0,0
88.29995696750804,4,937,0.41277751642654825,0.5267752233049898,0,0,0
69.20749533112856,3,96,0.9659783810683514,0.7164344107278674,0,0,0
92.06233415776732,3,571,0.9400747669662612,0.13356942214986323,0,0,0
155.57362856884768,2,141,0.8756507722959933,0.266345756640224,1,0,0
27.637876936823954,3,1341,0.4357982034680047,0.8407456231701912,0,0,0
274.32723844407553,4,1955,0.7465321208539889,0.7898125164270182,0,0,0
184.08200090785226,2,767,0.9289998163880164,0.9902970516167178,0,0,0
184.59896691468393,8,1627,0.737636975621689,0.022956507283837024,0,0,0
139.55736547973214,2,833,0.31576062344414635,0.1421858323760561,0,0,0
91.80040025507323,1,1329,0.0680079922112351,0.3373153789179717,0,0,0
176.41889210990686,8,2225,0.9580124381332232,0.6933979485393672,0,0,0
162.68472636227548,2,615,0.992426175664933,0.3155438962923708,0,0,0
63.17819899669075,3,654,0.6936410659791679,0.3459658271454762,0,0,0
50.72395210289374,1,2469,0.3153529891415392,0.22743683757690258,0,0,0
99.66915941493359,3,30,0.8650287198320746,0.90959287413192,0,0,0
423.69766705603774,6,142,0.9534544469221254,0.5475545372947518,1,0,0
26.072807796358028,3,1739,0.5064429131892653,0.1596841695504858,0,0,0
20.74851617015197,2,2271,0.3116492732407927,0.582210042085616,1,0,0
106.14019782781894,2,1529,0.4063597440262978,0.15950704293421436,0,0,0
94.71645097631905,2,1947,0.07384807311029618,0.2718487018862067,0,0,0
107.05488687282178,4,511,0.5656680433989716,0.6961032593514712,0,0,0
114.88747808225573,3,1299,0.378853490527988,0.7581798563348546,1,0,0
72.00947772088324,1,2146,0.8845406406048937,0.43308564226507484,0,0,0
399.36006903380456,5,988,0.27555234040064425,0.16717295844399782,0,0,0
18.15772375671053,2,460,0.008370333522712547,0.21153195198709274,1,0,0
39.31094485810223,3,1191,0.7371625735789114,0.5396061276421076,0,1,0
81.18619657926011,3,266,0.007408351189298501,0.5889411891223602,0,1,0
17.405934109337675,5,384,0.5459711046906969,0.8686359926559921,1,0,0
75.50097692444807,4,2199,0.1812589560059905,0.26813863478816247,0,1,0
474.12460444666476,6,1272,0.6104791659657033,0.6119926750719344,1,0,0
91.91704525661277,4,571,0.1978842720510775,0.002651206293717734,0,0,0
113.37499969200356,1,2266,0.5018771156593652,0.47124506229207763,1,0,0
25.529515025851325,4,1126,0.3350688699598495,0.3981050306983137,0,0,0
48.60073197274016,2,300,0.1825548983026396,0.12014951026345233,0,0,0
61.85566082284116,2,1810,0.6064825340066244,0.8912380560477874,0,0,0
65.51537862454462,5,1072,0.0822186404755948,0.10805913270067224,0,1,0
324.2918218053485,2,2379,0.941136238833633,0.26545188694466004,0,0,0
157.22706914108426,2,762,0.7781295627692539,0.7339891700312091,0,0,0
29.622732103689394,1,1753,0.9158676246130739,0.18073332934882735,0,0,0
115.18099704310903,4,928,0.042467256344883575,0.07677213395979443,0,1,0
148.14947769471954,2,2145,0.0021397059311462074,0.9693529422661049,1,0,0
281.50467038878116,4,1984,0.35792834413702246,0.29353678535020333,0,0,0
437.26555442646446,0,1799,0.6166805383901969,0.06069224546791574,1,0,0
32.61935448853062,3,2138,0.24439555460030649,0.14103915403319167,0,0,0
40.01052277089516,6,152,0.5493257783023164,0.22245621500192092,0,0,0
25.595642984571782,3,1605,0.6060016287376013,0.9583901724616336,1,0,0
71.23470581600156,1,726,0.15162699476602293,0.016095596965781667,1,0,0
143.50334922097957,4,2156,0.7688724156796503,0.7927932603669441,0,0,0
241.61233412250064,0,164,0.9363591452507171,0.7809156897460919,1,0,1
83.43342232236114,2,451,0.6401277332749149,0.499632194069607,0,0,0
65.37582074644146,4,818,0.9478487808898063,0.9329002404126815,0,0,0
104.76900687770966,1,2296,0.24613379320452677,0.013433355884779119,1,0,0
39.05055537634051,3,955,0.036514540906252724,0.49520563363029435,0,0,0
727.445237788442,5,485,0.24743559017223982,0.2534608239701601,1,0,0
18.035444722007398,2,2490,0.6481112452580428,0.7619294994178737,0,1,0
108.28217798202539,1,2022,0.5976349208904361,0.17324505224788567,0,0,0
681.0299054641825,5,2327,0.26740567663351233,0.8750761558830443,1,0,0
90.63131962711566,1,524,0.4080472946143545,0.405476014533385,1,0,0
74.43758321246132,2,1210,0.36763522601860665,0.135866768377643,1,0,0
62.96346120027913,2,829,0.9504257479504892,0.03474963579332413,0,0,0
75.1591840443445,2,488,0.3143380611852209,0.6894521615588824,0,0,0
355.2594880368848,2,224,0.19311286485524892,0.9284567021337389,1,0,0
9.856568528999421,1,985,0.5656126470492884,0.9698703011639235,0,1,0
417.1449241280909,2,1570,0.12482385161508402,0.8743291103999106,0,0,0
21.67247121437048,3,101,0.5078698874461827,0.38953536602887084,0,0,0
68.94766032668349,3,1912,0.6869446732836675,0.9058593099484183,0,0,0
58.60122376351448,0,2041,0.9432630884721632,0.6436775981586061,0,0,0
162.15509759249636,5,2480,0.8922576964468946,0.06331700038259513,0,0,0
18.20826565979583,7,549,0.8412159083886258,0.170865073321666,0,0,0
142.90394140013467,3,1536,0.39387277624684636,0.38508507119472657,1,0,0
681.5091131813367,1,1833,0.8939743330785219,0.3062282525907445,0,1,0
23.03065133387327,3,2438,0.7166388967941845,0.3359510505679596,0,0,0
108.8211999160712,1,2259,0.4415270470659619,0.734971915588487,0,0,0
46.43334401698245,3,1920,0.5640784114180402,0.058879870118685784,1,0,0
137.8115546855468,3,1110,0.4361108640696437,0.6057873534312345,0,1,0
91.75736694738235,1,1529,0.19678768417425307,0.3366407425584784,0,1,0
47.39482715315242,5,763,0.45168741910011967,0.882407184170477,0,0,0
146.62411701187,4,2256,0.8074096792272604,0.05716840276206603,1,0,0
546.9449239014501,0,986,0.2665880568384845,0.9716712209526356,0,1,0
74.37324063607325,3,772,0.6403404940467233,0.0809268481856168,0,1,0
184.88942471675466,1,785,0.5532732088138175,0.4344736141281724,0,0,0
24.698117894534693,11,1782,0.9201088956140627,0.8570687907334745,1,0,1
34.589965418073774,0,2052,0.7461696147285581,0.3218983193760594,1,1,0
144.37387338914436,4,496,0.36139141814179976,0.8500866405361128,0,0,0
397.0713663097417,3,2427,0.561726400454657,0.9631670486653929,0,0,0
128.45945750891497,3,356,0.9112120009010423,0.12274619333791081,1,1,1
65.8211996437282,0,468,0.22648058688842798,0.4772356761420089,1,0,0
89.95336824322331,1,438,0.47448331810122635,0.23079429103953153,0,0,0
25.779826463010117,4,828,0.22168062266209843,0.7670329382127824,0,0,0
164.764194313693,7,701,0.4184244305141772,0.10798909680197677,1,0,0
217.52919302432116,1,46,0.05822323228980908,0.7747493457037438,0,0,0
57.27760256796544,0,609,0.8759704452966331,0.6754192512098534,0,0,0
56.25854002574243,2,49,0.9782457514883006,0.6313420985627031,0,1,0
117.43420621536937,4,2168,0.5678084383268304,0.43431077822880226,0,0,0
58.164794369096576,2,2321,0.5540739433535193,0.5015754882115576,1,0,0
84.25664052162546,3,1024,0.9558233903516754,0.10040817213015074,0,0,0
734.8907062426955,3,1888,0.39324168626203093,0.26988701796045333,0,1,0
70.3142372222213,1,184,0.6210908030828007,0.913389645033844,0,0,0
62.90715114721166,3,2393,0.8372611135516799,0.44197334563583324,1,0,0
47.10872341416447,2,820,0.5057441354275656,0.4028568391708034,0,1,0
189.46266213111872,4,1607,0.22149810363146039,0.04733513164777248,1,0,0
75.09664070282133,4,1556,0.8127015190454564,0.8843153211320398,0,0,0
47.0225353193537,2,1693,0.2711354461823753,0.7534081548564944,0,1,0
337.41176269820545,1,1363,0.8437759193165891,0.09164897942748673,0,1,0
372.26389744987307,3,459,0.9446130571801225,0.15018875125217135,0,0,0
49.38152835165102,2,2273,0.5460496809233409,0.1236623668880158,0,0,0
13.921856964615857,5,690,0.04929759561392533,0.6531949593768174,1,0,0
246.53739598765048,3,2423,0.9556178140410234,0.15890679203378966,0,0,0
45.39355679860349,3,2043,0.8313243075127992,0.9950996855295771,0,0,0
198.46754771161395,7,240,0.11735930159761199,0.5736591816274499,0,0,0
12.552202928034848,4,838,0.6293876324405989,0.8701364221226434,0,0,0
219.77347093439738,2,668,0.31561220054997596,0.730059141035106,0,0,0
26.811424144040753,4,1138,0.33033001524092864,0.024484565397843716,0,0,0
186.9355900088191,3,2162,0.5803075333964857,0.4211311772202677,0,0,0
91.31116486810966,3,1001,0.7118800082161346,0.3616214745712223,0,0,0
34.67644300943008,6,1965,0.01123382728231126,0.952188305527553,0,0,0
59.917204669230784,2,1456,0.15267278302585252,0.33835456132335673,0,0,0
178.80904647489868,0,1526,0.9028014876936417,0.6874336418609729,0,0,0
100.07245294719108,3,1395,0.4949920037661877,0.5894797847344906,0,0,0
161.4851164921372,3,1599,0.49187690435274756,0.7366397527902063,0,0,0
649.6544359466602,1,1562,0.8403148621868451,0.06127285154727358,0,0,0
18.835782556731406,3,1111,0.12937494711684816,0.9307883529859541,0,0,0
453.59855871327494,0,1470,0.7136643102738753,0.9930084197587609,1,0,0
99.91860829454465,2,605,0.5062256308818448,0.5543667517263947,0,0,0
36.642763195138876,4,200,0.7415888805844941,0.16432641395090164,0,0,0
23.800018887296726,6,1386,0.6792673235419533,0.8694374942770687,0,0,0
74.50599628718906,3,1923,0.6664844135466796,0.6473196608836057,0,0,0
226.25215602444868,3,84,0.8560378767029793,0.6239366224794654,0,1,0
79.23759571992304,0,1271,0.5507799456231363,0.8849124664574896,0,1,0
407.95420695406864,7,1908,0.40784964300354165,0.7314746817573063,0,1,0
21.090533909762165,3,2316,0.19849536342912433,0.9197660294922703,0,0,0
88.93547014069037,4,465,0.3439768507881369,0.957584143724915,0,1,0
25.728685984268896,5,2266,0.8699286201562189,0.34488107946936564,0,1,0
129.49365484780887,2,1258,0.33747301670143637,0.1979134140255192,0,0,0
218.52215168302234,0,2093,0.9854237418804318,0.38545386173431717,0,0,0
59.10043036226439,1,2208,0.6079881862887607,0.9675079921808956,0,0,0
6.657780317721291,1,1182,0.8149677855934889,0.19140451828985416,0,0,0
109.83158496775336,2,780,0.49326130555563485,0.5911070435525249,0,1,0
139.31513868557428,2,556,0.6545544360355002,0.08424985262169937,0,0,0
134.86776163957407,3,1274,0.9895301760313955,0.8324858315960876,0,0,0
309.7551639822165,2,1213,0.5002699102732,0.6682063508995996,0,0,0
30.844125793816538,3,1346,0.2633591915524439,0.5221102166030347,1,0,0
177.721213366603,3,1893,0.6498772608398616,0.6299914062241271,0,1,0
296.63650859755444,6,794,0.9196072635207505,0.11704992322130969,0,1,0
15.201778323766405,4,219,0.017198615597569633,0.8614410450190384,0,0,0
123.92193686123665,4,1063,0.992555604156499,0.34014102331225204,0,0,0
54.37041527064762,1,1825,0.5445483845537934,0.16912320369770384,1,0,0
82.96985316166256,0,701,0.799444387397889,0.0147948701570485,1,0,0
127.44392749835146,4,2190,0.1182218213045958,0.06070188592853287,1,0,0
55.299918562966134,2,2394,0.2915022525767841,0.6716442796727581,1,0,0
45.800358602499685,7,303,0.9771592033947163,0.7184672288046224,0,0,0
93.14453415939388,3,1154,0.28790465318333414,0.14887496017161173,0,0,0
30.348711476574994,1,346,0.412215086386154,0.6057174453640233,0,0,0
30.391861875648534,1,176,0.28070114869312746,0.4830150915074448,0,0,0
177.57148903470664,4,2242,0.46846758353642903,0.9371892061356076,0,0,0
28.53712767325059,3,2385,0.15905353160045654,0.6652033577525647,0,0,0
175.26734622619554,4,1203,0.5088477320458968,0.5203306134602863,1,0,0
142.9637773394195,3,1776,0.2984396876008919,0.28377651594873954,0,0,0
16.025693391153634,2,81,0.8151255537370186,0.4617946351083053,1,1,1
45.71540577033308,0,2209,0.3897637396366348,0.2471016811740563,0,1,0
297.1120686190801,1,407,0.7927202889142261,0.6783886077831683,0,0,0
33.74507459897115,3,1205,0.6417546228034735,0.5940835508768486,0,0,0
56.576615022676215,3,1293,0.9150942387764415,0.2962785348200633,0,0,0
142.8879695148076,3,1594,0.8106240113291964,0.012070802824734272,0,0,0
197.03679920386824,1,494,0.9011185841255376,0.9827852169833006,1,0,1
69.99761107419515,6,2239,0.525642089160788,0.052990715031492,0,0,0
49.52560483883676,2,1345,0.9134450311218549,0.5470122974688941,0,0,0
373.2953247371932,2,1384,0.1547395449363278,0.8520175886813068,0,0,0
512.2945045117714,5,554,0.08443951938395544,0.6210754166268484,0,0,0
239.57297094058063,4,1119,0.5260218396302854,0.5869301951676923,0,0,0
98.03437108765381,4,2404,0.8260481581858202,0.7150994671065418,0,0,0
40.11435612545821,2,1625,0.21217529022464987,0.30812547687829583,0,0,0
39.23446593147889,8,2418,0.9686149481563623,0.3896408930320424,0,0,0
151.7924466661091,5,2344,0.18524171377814425,0.08452391285905625,0,0,0
136.78334092221965,5,2069,0.7086996642487847,0.0046968455279673416,0,0,0
365.62148086179883,7,673,0.9151199924211069,0.2645568183351321,1,0,0
172.50911791213133,2,2415,0.9653598616735032,0.8142320622927387,0,0,0
20.023762599080143,2,549,0.6614119523806907,0.6116035216312187,0,0,0
257.73904452419646,3,1736,0.5742080151384541,0.13941735687543488,1,1,0
33.17973747833326,6,1409,0.09086106593121457,0.42646656287238927,0,0,0
61.31525855570097,2,1690,0.01980778700087149,0.019530155432994523,0,1,0
115.60742754015826,6,2087,0.9857591859249252,0.80226195576604,0,1,1
662.2661336871706,6,2095,0.2743671728491832,0.46105850907670587,0,0,0
2018.1137277798061,4,1336,0.07224011513012663,0.2768908651612172,0,0,0
165.12835145950712,5,1134,0.5384792583034556,0.7681325858105479,0,1,0
74.94866265892018,4,186,0.31259752768445903,0.9703500824841994,0,0,0
153.62362976241812,2,924,0.3575937575961341,0.40321347796626206,1,0,0
218.69004898079305,2,2007,0.35376341501462893,0.7654387428602022,0,0,0
65.32222786415623,6,2375,0.24868937163423288,0.32127038850286505,0,0,0
541.9703829334177,5,1752,0.9676798013248834,0.7580316284163917,0,0,0
113.30357933467545,2,2158,0.2652207935497365,0.9651080881261721,0,0,0
148.0785815227306,2,2221,0.557049704048523,0.6503514091969272,0,0,0
175.19931208769074,4,1345,0.23862444250684733,0.23894486532437564,1,0,0
137.22015551860986,3,1981,0.7618601655387834,0.690128141716541,0,1,0
208.2919081609956,3,61,0.2290181525107181,0.844609922802784,0,0,0
48.55741020410286,6,1195,0.6146550303203847,0.4037135638993711,0,1,0
51.50599692591977,3,1892,0.8339598381920376,0.6220064612516429,0,0,0
29.959478951574365,4,1153,0.2716321587279311,0.252547404073831,0,1,0
139.70055382181408,4,1075,0.8032420557715398,0.45456440694643196,0,1,0
196.16114768927605,4,1600,0.09248744606520265,0.165839181965459,0,0,0
142.27657380676482,4,1939,0.11640522759127436,0.835538257167381,0,0,0
480.33915789839295,5,1606,0.40058379212052875,0.0967097040217123,0,1,0
89.51480057581534,0,2009,0.40692634043235465,0.0558412174256413,0,0,0
175.69361524819567,3,1047,0.5164805090971145,0.5343972753503795,0,0,0
30.21381058114651,1,769,0.023688113803071564,0.5824763506073213,1,0,0
61.12373776531342,3,1085,0.11714023512417748,0.9182659421605621,1,0,0
180.46516321481778,10,207,0.010274976968252858,0.2032831590043077,0,0,0
210.41927980995536,3,793,0.954522200371823,0.7780035599968125,0,0,0
67.08986922568438,3,877,0.3133495298948613,0.6440691785150184,0,0,0
83.79729671039988,2,1900,0.688070045148714,0.7416715212328665,1,0,0
19.729722465658476,2,1025,0.6084406291312813,0.15745088386454065,1,0,0
62.98967343294277,1,2041,0.7247087233940407,0.44645864938040025,0,0,0
219.2873923878617,4,2325,0.8828522193438452,0.35608057265620363,0,0,0
160.00499221751866,4,759,0.233147950775752,0.6995549521356347,0,0,0
148.51199381038296,5,1963,0.42575201768795023,0.5935343064832865,0,0,0
94.6109942110603,6,1162,0.32844434013047685,0.9675355506815262,0,0,0
90.65518727079638,2,2370,0.0824649849695217,0.13873956660645637,0,0,0
46.51053567226809,2,1660,0.03192554339680842,0.4735763040802399,0,1,0
181.05999133722804,2,1627,0.7647892843868395,0.6938496743131515,0,0,0
137.13597397609632,2,2294,0.12922747982374105,0.3687839393601938,1,0,0
147.2333654388061,1,1001,0.015364009594234118,0.923193397479389,0,0,0
53.19503991563276,2,1520,0.43840987221991345,0.8525590216611222,0,0,0
10.45057582881686,4,476,0.3222671304300747,0.8729265535914751,0,0,0
269.65752063540907,4,126,0.06610737346883555,0.6090435408579532,0,0,0
55.7658984675501,3,2314,0.051591569822080796,0.47168339168239903,0,0,0
37.986249385246026,2,1972,0.9131561497329054,0.36790640869012026,0,1,0
180.09399551784432,2,2186,0.9396734767491687,0.11969504597513081,0,0,0
60.82417712915751,2,1262,0.48229054829559237,0.9482365690426255,0,0,0
259.8063079712477,1,1327,0.8482847433392654,0.26362599143182386,0,0,0
166.83510836427953,2,1070,0.800092871888581,0.8020792146288793,0,0,0
178.31815156636944,3,1397,0.5793530974852342,0.011899976584023753,1,1,0
22.9666758406567,2,1348,0.750803034720587,0.3814977344366578,0,0,0
302.45847199523854,3,644,0.9305413843371586,0.5711062360033486,1,0,0
116.89201164911101,5,1409,0.5663053501209313,0.3143795875613644,0,0,0
62.22288516376047,5,749,0.5116692070904275,0.19389616127158926,0,1,0
103.89579932865024,1,905,0.0035436153267764947,0.07145044990061888,0,0,0
15.237580336796025,3,1817,0.5421422505113185,0.9891085724980394,1,0,0
135.4568055784836,6,1618,0.8175009361305937,0.886409785680069,0,0,0
32.15694647280265,3,455,0.7621034548490295,0.31235245656875854,0,0,0
23.273833742090122,3,1774,0.6457964594974219,0.01579367687310107,0,0,0
19.641424164840778,1,824,0.02458474042124248,0.5405758191154351,0,0,0
273.8795400838531,2,1073,0.9253644713841277,0.3214898795792308,0,0,0
47.97771375448541,0,521,0.42910597869098854,0.11575198370149076,0,0,0
417.26758636264003,2,394,0.5715349308854133,0.7903070159658696,0,0,0
52.678032969350326,4,2443,0.3977286692333609,0.33817403820639735,0,0,0
16.324091820529915,5,96,0.34887946508772605,0.972851794927161,0,0,0
29.473028590113504,6,85,0.5105938553235869,0.7061826284813189,0,0,0
309.76427964854815,6,1060,0.49469879620322865,0.8397199347968404,0,0,0
77.02282619882088,6,416,0.35641457170448376,0.6217822494648296,0,0,0
52.02439293576703,3,595,0.8038541658357091,0.5617037172249079,1,0,0
105.63800748188729,3,1992,0.050615316559646906,0.4280353110729367,1,0,0
148.67797658876785,5,726,0.11702258662845955,0.08311642669551422,0,1,0
275.17267670535807,2,1924,0.08253966939702484,0.7374049408607416,0,0,0
383.17784547116327,4,221,0.5649928789546881,0.33984145310481084,0,0,0
62.81735282728416,4,1343,0.4125165453502496,0.1966823883748018,1,0,0
23.901765199217447,4,479,0.4520440886108261,0.11441332914804214,0,1,0
59.53324159863564,5,2440,0.5767476199712878,0.07834378699114897,0,0,0
116.77867849317404,4,2493,0.32396813863732854,0.47541733634666405,1,0,0
34.33760378071793,6,319,0.18312640146730108,0.8369853647677142,0,0,0
34.56525839880351,3,1341,0.3068321404203016,0.12871234727210734,0,0,0
126.94931109489738,0,293,0.9939881887131888,0.5147359771018956,0,0,0
85.74241680970964,2,516,0.9526887766437759,0.37910660499394333,0,0,0
93.01836952397625,5,1080,0.9566351815869101,0.539917807337556,0,0,0
42.16138122920244,1,570,0.02763051381676107,0.05803555774146485,0,0,0
71.49298162522156,2,762,0.08945111162632491,0.5351352339618698,0,0,0
35.722003938329415,7,144,0.04570948399793029,0.5499660013140616,1,0,0
219.2468822592117,2,309,0.8154714759167369,0.8700835312745293,0,0,0
253.47097887537402,5,18,0.9913683950591091,0.1995051568797327,0,0,0
14.208098767427092,4,1375,0.542988248283693,0.8147411762591064,1,1,0
35.53396998067185,2,1190,0.7008315601813913,0.7514189073730675,0,0,0
20.15536981420139,2,1568,0.3522230388686154,0.9144613426541942,0,0,0
46.99193849394253,1,1136,0.7654013841245781,0.9129328409779558,1,0,1
82.81109336123126,0,2273,0.6560832464793487,0.7661399916282177,0,0,0
21.122837059841956,2,852,0.8009606874579197,0.9252547270197011,1,0,1
35.8068847680823,3,1840,0.5000239694118214,0.258954502135612,1,0,0
32.984660759056865,3,154,0.19401771514887323,0.15562957495601593,0,1,0
110.74910519607691,2,110,0.4757233031013093,0.28037123762285077,1,1,0
96.48083012302676,3,338,0.3120927207191362,0.8398699429637939,0,0,0
43.73997513006089,2,1965,0.6941069316891013,0.31352367252600577,0,0,0
107.42800176267376,5,507,0.136849719972707,0.8186491554404796,0,0,0
52.10807438825714,2,2221,0.33191101338636375,0.37197325536933423,1,0,0
68.60359164304788,3,1807,0.006577149414236483,0.7995046014183155,0,1,0
479.83970024300817,1,799,0.8155254055468549,0.8471742444089362,0,0,0
343.9378772894535,4,2447,0.4066263107118726,0.6778724839157774,0,0,0
24.542805666171837,0,2150,0.7761872062191602,0.9795782002533477,0,0,0
206.3827424352047,1,989,0.09759895190265488,0.7303198900003603,0,0,0
202.63301892871553,6,2026,0.19379586422938366,0.24513790552919879,0,0,0
28.55227767124967,3,1273,0.850468277238774,0.9844118491837388,1,0,1
204.1342047067912,4,485,0.5954600787332895,0.6838122894555514,0,0,0
419.0255591470106,5,2043,0.005900276590760534,0.4357388425227464,0,1,0
29.296123214062348,8,2007,0.9051284105964255,0.4919285008149439,0,0,0
35.963235444531406,7,174,0.98349790277451,0.7661224744112297,0,0,0
249.05193944064615,3,1867,0.6611850411857302,0.7532380663522064,0,0,0
118.09569977648846,3,1382,0.727824937243665,0.8411057628104194,0,0,0
156.25296668800922,1,1463,0.13360084335277755,0.24071745094155184,0,0,0
126.54389150418656,7,1054,0.7662492975151852,0.9480648927404438,1,0,1
133.04613142850909,8,67,0.09899449681689565,0.26150981531612916,0,0,0
23.891622433379528,1,488,0.8897484387469836,0.48048293439185197,0,1,0
256.54849385926894,5,785,0.5048060105367397,0.21137270263325347,0,0,0
289.91564241139866,3,1562,0.1411785565521987,0.43428752377419766,0,0,0
71.56522387683853,5,1142,0.08871241241826355,0.6498865461339068,1,1,0
86.18731854383971,2,721,0.4401146620130406,0.49184346981851124,1,0,0
19.470344194873846,3,1381,0.005338724031611064,0.2485184312125518,1,1,0
150.5439030125749,4,248,0.961226712064965,0.387022224564624,1,0,0
159.5021563731111,6,1984,0.17068433980703612,0.594481593260136,0,1,0
84.58940167038045,1,1631,0.41951825087136774,0.8977613900854511,0,0,0
277.0930470944665,7,726,0.6066710407276236,0.42371285720958896,0,1,0
64.45212943964468,3,2424,0.6748161840995544,0.5748666399084967,0,0,0
158.31804073868292,4,894,0.5648094924965323,0.9108510885011782,1,0,0
32.47061937742827,6,2150,0.17859019277676647,0.841061610818227,0,0,0
87.92180581009715,2,1995,0.47179999784449156,0.1853471175458976,0,0,0
75.61432445062732,0,57,0.3225964599522566,0.3617426168293667,1,1,0
112.76521592407995,1,431,0.08937985520738712,0.7887465860858622,0,1,0
62.207344475995626,4,162,0.38752419836899343,0.7310316361312694,0,0,0
78.92731805215683,3,1965,0.6088331496048156,0.7672258847742431,0,0,0
205.62357089515072,3,2080,0.10205108550813757,0.15947296508299869,0,1,0
58.162206023680376,4,1196,0.16497741604258687,0.4600880879941748,0,0,0
18.055004415023987,5,1006,0.08627458883636596,0.6951980104421526,1,0,0
517.7973265474997,1,2145,0.001118231828470817,0.40588409083842214,0,0,0
358.3299029519518,7,139,0.936434680951204,0.5644871001045498,0,0,0
24.723082091498654,6,2340,0.8382823048448005,0.759666312400847,0,0,0
179.41612082257987,2,141,0.23154522833643565,0.5036351505352046,1,0,0
54.4359744015089,3,1337,0.5776330515057033,0.6102274963468212,1,0,0
117.15375476186581,4,1689,0.801602260373514,0.343130505848793,0,0,0
120.81061196243296,1,198,0.3665373560566775,0.365069059903532,1,0,0
71.20707629774117,4,1445,0.7390506953139756,0.18764745296452245,0,1,0
41.10929840232882,7,1882,0.8686583567645562,0.9918221126238486,0,0,0
45.12601672421402,1,2180,0.49865384879309615,0.6070392529213569,1,0,0
36.01041076329839,3,2413,0.8880427717407366,0.19442015618422792,0,0,0
39.1804458416755,1,538,0.20997193781687307,0.16439023781843587,0,0,0
84.1685814719785,4,1293,0.9014435983120674,0.2285633916920774,0,0,0
44.00221664255683,4,2120,0.8054883662532765,0.7177944894010619,0,0,0
178.04780216237683,2,303,0.8400654338748537,0.498814862062232,0,1,0
398.316197257909,6,2429,0.00449819690859421,0.5355555202832996,1,0,0
50.39776146076711,3,2027,0.6636247059182985,0.6960584188282778,0,0,0
114.3660764606027,4,1194,0.40065214880116173,0.7289692353194077,1,0,0
148.36643268508604,2,2335,0.6045641667726471,0.7466386398040858,1,0,0
144.3155571201762,5,168,0.0836581170328532,0.07975089370615818,1,0,0
97.12077119460966,3,215,0.23647525446498263,0.832411149275047,0,0,0
189.17687393504963,4,1140,0.35128292299810104,0.1743771420265139,0,0,0
145.80191481944303,3,144,0.71842936433371,0.6348320764974814,1,0,0
26.110501185259164,3,2378,0.5529142502778194,0.22548314717873563,0,0,0
214.68161377293825,6,2284,0.014628683882356164,0.8261643706783887,1,0,0
218.61033161335484,1,1888,0.33477565533434195,0.7651298662009076,1,0,0
41.95987883200274,4,469,0.9399606427938405,0.1752369552247416,0,1,0
93.49779334684138,1,2013,0.1798505370742095,0.5502745671301673,1,0,0
178.2753014448644,1,1328,0.23677722251197364,0.7216927614127104,1,0,0
73.01655384350634,4,1517,0.30738491591633677,0.16924964931025577,1,0,0
263.2168054129613,3,1744,0.2679879688130733,0.1463726264005084,0,0,0
957.0661340152601,1,968,0.12172514208032414,0.37575118456154477,0,0,0
41.01812193084082,2,1935,0.3126602110678357,0.9185854378421664,1,0,0
22.622735515093957,2,2197,0.5394311005229597,0.06777690940256864,0,0,0
121.9753037062934,2,135,0.6752796471448552,0.3588723386896593,0,0,0
185.22337055013574,3,820,0.6428561622132025,0.8063422621506321,1,0,0
71.45969797923348,4,19,0.16267586062838246,0.34424381443613494,0,0,0
385.00667173560834,7,893,0.6145241791223793,0.055097347410203,0,0,0
23.603480979281862,2,141,0.35832467440988325,0.6326037950794112,1,0,0
179.99311911697365,7,2010,0.8218358955765058,0.957892827395675,0,1,1
49.11375701892122,0,1324,0.36241137777528565,0.5796530784043182,1,0,0
502.39060071310735,3,406,0.9765687492885258,0.8144216978183336,0,0,0
660.18186703013,6,500,0.614821503423094,0.014190256495794973,0,0,0
41.818691816261264,2,35,0.42897906150020126,0.6605348296493635,0,0,0
51.958372237634705,1,1763,0.5031122347187529,0.15098842153509906,0,0,0
212.63729779121113,2,656,0.17595310991775515,0.698556003279308,0,0,0
61.12184617900981,6,1453,0.6801379022805026,0.5701036588693167,1,1,0
86.02077028778984,3,656,0.963067652466226,0.22165697894318137,0,0,0
92.33178242549907,2,2406,0.5149583017686375,0.5850282001067845,0,1,0
13.20145226745581,6,24,0.9923514990208852,0.6761619048270159,0,0,0
88.78007586253116,3,434,0.15046237246139038,0.9021366649167143,1,0,0
45.16273165992476,1,2263,0.6376838261555655,0.8888468411567261,0,0,0
54.97492529778894,3,364,0.6779144766686496,0.9364232997929132,0,0,0
381.31736350293374,4,825,0.31172255606236887,0.8412054948332661,1,0,0
25.623069696925597,5,2284,0.35156495030497514,0.5408330555519255,0,1,0
202.99983916442022,5,1147,0.945470275379368,0.8491487600478274,0,0,0
68.10407635051338,1,568,0.6119392187702294,0.7222246965548407,0,0,0
68.04980281906094,2,598,0.7815257486536443,0.737922258765336,0,0,0
198.417202263984,7,604,0.7259850153463043,0.15452761140823412,0,0,0
126.47583908737126,3,1357,0.6109821897297767,0.179632684972717,0,0,0
159.27193067560853,3,1272,0.047871585929404215,0.18028724286094622,0,0,0
237.0295129346903,2,1361,0.6626910630244656,0.20916855139227897,0,0,0
64.6308348661235,2,2121,0.34491289227692956,0.41802807431008726,0,0,0
48.80160811499329,2,744,0.46902343965575755,0.3154032862169911,0,0,0
30.412371213449198,4,1730,0.8514540440005085,0.049096562479385986,1,1,1
39.43246532471328,6,234,0.9687075306050552,0.7240544498903586,0,1,0
1718.3063858264259,10,1212,0.6942819570763782,0.4032365825298878,0,0,0
312.52347324414814,3,1301,0.23198049108442886,0.0779521719958669,0,0,0
23.311006564881886,3,2467,0.3176886416662176,0.7890611218365308,0,0,0
23.987720252379813,2,2001,0.13811058826195866,0.01954874035029186,0,0,0
145.7460992703088,2,423,0.5807025518201118,0.5598593055806989,0,1,0
155.59629452872178,6,2073,0.9299164438358165,0.7571812445880519,0,0,0
155.84841487392237,1,1452,0.8109350925839268,0.3725877191216763,0,1,0
69.75884386632792,4,1211,0.5436384586200838,0.5740720603134738,0,0,0
79.40376140556582,6,1767,0.9413992229972435,0.05068852692711601,0,0,0
124.94573513924246,2,2403,0.8967496381529622,0.23704916133842935,1,0,0
98.09074369345021,3,2160,0.36107560609583644,0.6635855410768651,1,0,0
9.783522834876573,1,1903,0.5497795289302029,0.7903600199829597,0,1,0
71.53596780402732,5,641,0.2959618768390977,0.11434455800324572,1,0,0
38.420591995261006,1,1442,0.008771771530295402,0.9662457765878882,1,0,0
107.25524048104319,3,577,0.45118841205746085,0.39451719708403776,0,0,0
1781.5855453325432,3,26,0.7501104229089814,0.9245896444018282,0,1,1
129.99313813353723,4,530,0.6341700015221902,0.5396971360509019,1,0,0
65.79016202318618,2,932,0.9268187900593003,0.644052000009694,0,0,0
226.2864109431552,2,1790,0.6857742003189932,0.17592259327088855,0,0,0
145.86592636159716,4,940,0.14125722064609347,0.8847332130165861,0,0,0
137.0155592369219,0,1576,0.2668182149464742,0.08746676966361477,1,0,0
165.14941229476648,3,1866,0.12534137845374027,0.987429060191916,0,0,0
703.8347263079091,3,1311,0.7947354701076591,0.39196699821740333,0,1,0
29.05270413982815,7,1466,0.9506956115027869,0.16439460230818692,0,0,0
144.55095524001857,3,2212,0.22626510547348433,0.6057401495322484,1,0,0
35.64535593310203,2,335,0.7655235118905177,0.8657002780857794,0,0,0
156.8849362212256,2,2462,0.43700250991439193,0.397095745633643,0,0,0
35.92069128992219,1,1584,0.3552145629518314,0.008592554090386062,1,0,0
59.30141612410903,1,590,0.9868848348058662,0.8722636676011501,0,0,0
67.01457183124974,3,1367,0.34587949909413773,0.5813216389338862,0,0,0
238.84545699886735,2,2331,0.6610297152855868,0.09286782781477398,1,0,0
225.53028330067906,3,2412,0.7127980885465253,0.9060351440202081,0,0,0
25.90102708093064,6,2302,0.7730291207749918,0.7732146660111254,0,0,0
95.1004889530097,2,1471,0.8620073316278526,0.532644826453798,0,0,0
44.27499829903999,3,922,0.5661866693314358,0.44676875311120245,0,0,0
25.571925494045512,2,171,0.6043968381136641,0.705902014370345,1,0,0
72.4562513142879,3,203,0.7111373622384597,0.36215693319990605,1,0,0
66.12303752942991,1,1665,0.14888742333988103,0.6548503644238051,1,0,0
1019.1421126409267,1,280,0.2000504225141212,0.1509064172413641,0,0,0
138.78969826988924,1,404,0.7643100058174797,0.14243159491149837,0,0,0
22.700398950521535,1,1032,0.13496534104846136,0.311060764802329,0,0,0
51.17371369578239,3,798,0.6884676550935291,0.8858081661621882,0,0,0
249.98059514492377,6,1406,0.032414074059918474,0.8503283810042204,0,0,0
726.6484317440242,5,2066,0.337547631877552,0.49211090400683144,0,0,0
18.43068037591844,3,1869,0.6622443977647576,0.5854755006443275,1,1,0
13.736762249175651,3,1146,0.7067139822708034,0.6275977355223163,0,0,0
584.6218192544586,4,1150,0.6301168668443154,0.3731928942041949,0,0,0
132.90228744819677,2,1903,0.4415396882954863,0.7013250057443791,0,1,0
37.777257500124854,3,1764,0.25467156501725596,0.6081476200864536,0,0,0
153.64259387143213,5,595,0.6132976987608473,0.35435873635572923,0,0,0
6.4511103351899495,6,1421,0.18497276777449267,0.2838727515127216,0,0,0
90.32149812820423,1,489,0.06026616551925057,0.9807571750398927,0,0,0
124.93844460384273,4,2480,0.019602612613371928,0.2842947173424568,0,0,0
226.8457201584825,3,2236,0.2677326837573508,0.174053047678554,1,0,0
32.65846371512715,4,1178,0.02996630308267212,0.8345987409690511,1,0,0
98.07055429312113,2,124,0.24920867217977394,0.8108366325048446,0,1,0
35.679467167015204,5,1929,0.2894055360597102,0.23875701085889922,0,1,0
116.20824018016333,1,607,0.34493329979497844,0.8486942613960482,0,0,0
36.76894774310259,4,122,0.7134802102972821,0.911661509483674,1,1,0
59.853455170553,5,1095,0.4413120334313241,0.3317467255764318,0,0,0
33.25431739736322,1,905,0.9853009469574264,0.32856715204143727,0,0,0
172.62752553848586,1,2152,0.9473568575700185,0.13094655584918602,1,0,0
212.395715359375,4,673,0.9815372863673664,0.6108242082100229,0,0,0
71.19192720536466,1,1185,0.4122295951654372,0.693985332016835,1,1,0
93.52586181120287,4,889,0.044202590239462936,0.07338897450976711,0,0,0
21.14510814515273,3,1716,0.8602976574490008,0.2089043724356704,0,0,0
66.70789768560816,4,1704,0.43488636594138197,0.2704181903953903,0,0,0
85.60942506262312,5,1078,0.6411615556689395,0.4460616791048073,0,1,0
1237.4314401758152,4,1890,0.8434273653698955,0.8236899099967472,0,0,0
29.607655931634977,3,561,0.6073064284771804,0.22423735560964897,0,1,0
389.23265075056787,5,1896,0.7369028900992327,0.8075880161142173,0,0,0
243.92450543568387,6,1157,0.24874829965842127,0.8898385315009724,1,1,0
119.18017271236116,4,979,0.1950548650485251,0.20053630990800209,0,0,0
522.4976489413868,2,146,0.5552692510512849,0.9928796351976527,0,0,0
130.5955930772025,1,1155,0.6379458224625151,0.5167540595958834,0,1,0
132.84183309297993,1,1089,0.8717816163448618,0.5518178090159964,0,0,0
85.36014852558654,1,1827,0.8213986431777697,0.6160761285778855,0,0,0
305.99503686292144,2,836,0.9890529697562371,0.8028023948664978,0,0,0
269.4732786377844,2,328,0.9663533912479969,0.6532546515953094,1,0,0
48.150075800661966,3,2476,0.6235097775605228,0.734857608127822,0,0,0
24.064862893570417,5,2382,0.5034711508099092,0.43970759975165663,0,0,0
73.48044839524317,4,1322,0.7606427082548155,0.5899601294805491,0,0,0
40.4457445642148,2,626,0.26137258345687964,0.2470970877430939,1,0,0
84.47667201199981,4,2445,0.3523760943168126,0.36324201730558536,0,0,0
310.26852576655773,3,534,0.7671259150592984,0.6315809370574522,0,0,0
56.979886942871794,1,57,0.9499707123076913,0.041010549903370164,0,1,0
86.24366627208101,2,694,0.8953572149062006,0.5786329809170816,0,0,0
95.39467266493658,1,118,0.07285719893248077,0.5507226662541481,0,0,0
210.27808777579358,3,1620,0.23191650714027745,0.18669732830663877,0,0,0
9.517294964239897,4,565,0.27329789538547444,0.9334785765740526,0,0,0
49.072544597345626,7,496,0.38318896118728785,0.08369112190694239,1,1,0
111.19480824468585,4,1886,0.07072576791131668,0.0515235801316678,0,0,0
298.8909994007575,2,801,0.23088301591055538,0.8612273734200611,0,0,0
55.04205627054335,2,1536,0.7161428863374448,0.840304861094886,0,0,0
13.783156372410234,3,641,0.2444512527018291,0.39624072784865716,0,0,0
167.28709129098033,3,163,0.9425418037903639,0.9753947375265535,0,0,0
47.6859884317667,1,251,0.42303391794772305,0.975466742041046,0,1,0
27.394255576172682,3,644,0.09968575745559916,0.12497834418760467,0,0,0
48.21424950679328,3,329,0.842672359642485,0.47947208026436705,0,0,0
74.84914158608908,3,2166,0.9155009426268542,0.05336728260566459,0,0,0
49.16860624879918,3,369,0.9281131087586235,0.35775726962677945,0,0,0
9.918819804523437,3,1139,0.4939291890957097,0.07166871677739606,0,0,0
220.75780528471256,5,195,0.9205109615475504,0.16078348946383525,1,0,0
322.104182476834,3,724,0.7091890208639275,0.8926775331030751,1,1,0
172.69412936825603,2,1663,0.19561574441293672,0.8443354940023856,0,0,0
28.855895713852625,4,138,0.533192419736345,0.8579330584482159,0,0,0
73.58994989361443,3,1684,0.43284356761896114,0.03265598117231405,0,0,0
89.43201116133945,1,1320,0.45105340465494626,0.5691872905749229,1,0,0
163.8242799311325,1,156,0.4133290740729969,0.7740794837587862,0,0,0
175.6231469254324,4,1059,0.17527419128887867,0.6916558666145495,0,1,0
43.19938250237946,3,519,0.3900327731321134,0.5006043145338479,0,0,0
97.70918397417118,2,182,0.5120013596846259,0.12174156049481255,0,1,0
142.2065253161087,5,2017,0.28567430578302544,0.7739612298446391,0,0,0
385.99419177892634,7,170,0.17685066237519764,0.8898914755217192,1,0,0
182.09099594051366,1,1318,0.19823541055944205,0.26838708860613003,0,1,0
198.15641377129674,4,1747,0.19297030850190788,0.5395950318581658,0,0,0
97.88826037859576,2,1388,0.44675034393232904,0.4904127501763259,1,0,0
368.8754839423326,3,1361,0.20907951023150262,0.7331576566233234,0,0,0
135.60724400694153,2,2050,0.7173270274147022,0.9260467077121297,1,1,0
38.05041876229219,0,423,0.3356277280229836,0.4531089757594218,0,0,0
366.26970836726764,3,146,0.9393842985210266,0.46249342214438305,0,0,0
180.8925615698588,4,2374,0.06272920024461293,0.22608815598955723,0,1,0
57.79810437565152,0,588,0.30995269022857164,0.17924344366389688,1,0,0
55.72935526443573,0,230,0.7383504068231059,0.038591821526557046,1,0,0
121.09502223615293,1,1942,0.6847833760259324,0.8175810333263456,0,1,0
143.04865187046076,3,1870,0.42063221381334326,0.4023801937857583,0,0,0
109.64986740771567,1,1293,0.8701977106465694,0.07323081788255448,0,0,0
122.89233826826374,2,585,0.07137203978058049,0.5511435581005537,0,0,0
492.72803790427946,5,1242,0.5090980375428872,0.3353501886111513,0,1,0
262.8393876374531,3,953,0.2004138034112054,0.9714692371501252,0,0,0
108.92238792938068,5,1385,0.3739434230983486,0.4478013086822643,1,0,0
230.74439454706427,3,1389,0.6990621327208146,0.10278653912874314,0,0,0
32.05573467802953,5,106,0.09897233040076059,0.6382445943674474,0,0,0
134.0116920095067,4,1657,0.043771667385835045,0.7934360070347508,0,1,0
549.6635422831575,7,1822,0.42083025703576116,0.5813082635651563,0,0,0
72.38174339984162,2,285,0.27142164850274686,0.7748224123179056,0,1,0
38.56580763649208,4,596,0.7205200032120906,0.2997118317481513,0,1,0
46.895002412562,2,526,0.06555059438342625,0.5312711113400872,0,1,0
30.276352511899052,3,877,0.9665054378614116,0.8270247559350462,1,0,1
41.06836396411713,2,2228,0.6207521858834973,0.07517355495372446,1,0,0
62.146338444483725,1,1063,0.501265705899525,0.2594345911561452,0,0,0
22.074718199662886,8,1207,0.41254966000227455,0.6268907447638986,1,0,0
91.43408534579945,2,552,0.7490052394655432,0.5060427997765388,0,0,0
221.91117158110097,1,1689,0.3563237857706043,0.7696283549694556,0,0,0
36.31546994800928,5,764,0.7769479124429537,0.17815564567292075,0,0,0
411.2839795211508,3,1017,0.710692514146895,0.8473321379664329,0,0,0
150.02352100863422,1,466,0.5513489605984564,0.6185519715804705,0,0,0
252.29034465796477,1,1954,0.8886724928688174,0.2033134624555658,1,1,1
46.62633201060004,3,1336,0.34598579033132815,0.05650012288259787,1,1,0
211.56350787769284,5,302,0.057850166375766454,0.9819621351101177,0,1,0
30.20677085066079,1,696,0.37620115410697663,0.4439648363681945,0,0,0
219.25764528963268,1,459,0.875334914799087,0.2675828430541336,1,0,0
106.89417643504487,4,1947,0.07731564614627529,0.18028888051959213,0,0,0
156.53055334777866,5,2138,0.7631529743412233,0.24420434114104506,1,1,1
27.782474114986897,5,2164,0.825258956955748,0.48973794482107325,1,0,0
36.77911503041363,6,2448,0.42795270602402524,0.8529051268852343,0,1,0
163.56790386109225,4,1524,0.19451935924864716,0.20848600704039355,0,0,0
34.87087647154196,0,1684,0.355515618102655,0.36819383980750175,0,0,0
143.05172699628434,2,1807,0.3984716555201313,0.7972791917706833,0,0,0
22.93954308192637,3,110,0.9322588739011503,0.6643964826753818,1,0,0
210.22412272191212,5,2248,0.28462247260816387,0.028704827555706358,0,0,0
26.245031245405695,1,792,0.9726126194051964,0.25030481809054794,0,0,0
156.3817194049182,4,987,0.10882044038096406,0.12739963540396249,0,0,0
168.280281856393,3,1244,0.9740294218014746,0.041294609377412805,0,1,0
44.845721203109754,3,73,0.22331927697937803,0.9471873519855915,0,0,0
161.100205709011,7,878,0.16775972801906225,0.6209942475750025,1,1,0
116.79756976060851,5,2483,0.12010043534723869,0.541778497054587,0,0,0
52.518114270306796,1,1696,0.31625875757328037,0.8600797412719182,0,0,0
32.83336801894,3,592,0.6165616118056024,0.5914739422169932,0,0,0
12.64642173457849,5,115,0.666330016644421,0.5776875393823575,0,0,0
127.69569457273596,5,25,0.3699551036889327,0.20189706801632146,0,0,0
18.825215640706237,6,2225,0.23075810056850843,0.6203885649895984,0,1,0
99.02221307301566,2,1303,0.9950288425352408,0.6680026245780745,0,0,0
69.16893073034943,4,2341,0.2705871436360401,0.8813693793386274,0,0,0
177.530562188601,6,1244,0.37829051973348005,0.4253414118168216,1,1,0
66.55006359980335,1,1027,0.48097952910982134,0.2039260790250479,0,0,0
64.75119873258976,1,315,0.7395880577547546,0.569272809900136,1,0,0
187.14256466657423,1,1431,0.15209473251778138,0.9725574470665842,0,0,0
125.84588571647991,3,1569,0.2661341615202889,0.0753059387818773,0,0,0
123.48947838589247,4,2111,0.9969056799510674,0.003472238061101307,1,0,0
143.92143923112272,2,1113,0.825159050293576,0.0359140934767711,1,1,1
19.383610255231986,2,103,0.4438733046995419,0.8313483728419079,0,0,0
191.86436306058408,3,1877,0.10868913774349787,0.0011216542938590202,0,1,0
166.07986614556583,5,1723,0.8667086663013114,0.22155154207741656,0,0,0
32.567565553034676,5,159,0.7830042151545673,0.9815303507554609,0,0,0
70.52163388243049,2,734,0.5806877057825985,0.7458256486845294,0,0,0
86.54744081926226,5,359,0.40445710720695927,0.2188025654173733,1,1,0
78.68898750632661,1,2029,0.9356147526392536,0.22189750447475742,0,0,0
125.69520475868975,1,765,0.2956608825478648,0.4583452926853002,0,0,0
376.66898648580525,4,192,0.3209141265433648,0.07598415806552516,0,0,0
265.5403290587189,3,244,0.875534482699329,0.6530615822448217,1,1,1
24.23458648829668,4,934,0.6263424539821029,0.4966012494525649,0,0,0
167.6821109658785,4,583,0.9509004354839797,0.4192628529721697,0,0,0
339.9958186802801,5,1101,0.6450112079730161,0.4902781256169487,0,0,0
132.5299318526429,0,733,0.03299088828925956,0.27186080365362786,0,1,0
267.9982431786877,6,1800,0.1767960943870257,0.2135472181060203,1,0,0
673.3534959107794,3,781,0.2818086015255946,0.06854474298274771,1,1,0
250.56278957631483,4,794,0.8672607981953736,0.6254840169663377,0,0,0
115.5043966697068,1,1003,0.8308554939049035,0.49407235941942385,0,0,0
255.97722459211244,1,91,0.7903270618385178,0.7110591160613744,1,0,0
104.05169397455572,3,2436,0.5535376204897232,0.8943825525157232,0,1,0
92.19473670324106,6,1642,0.13895994941357148,0.9930370163937596,0,0,0
63.3443530755304,6,1928,0.13120076616053888,0.22744751637974703,0,0,0
429.8401342869981,2,436,0.1260919501904877,0.16794886366806672,0,0,0
39.70874077277407,7,1829,0.8546119897795118,0.9121068403608966,0,0,0
416.70049431054645,1,1917,0.14155708814566792,0.4015886126077127,0,0,0
148.39299464760447,2,47,0.8085274142448501,0.8034381183993192,0,0,0
22.213358123595565,4,970,0.8447495625301813,0.13533008238371003,0,0,0
130.0149303869644,3,2355,0.10503414430558589,0.29483720328383667,0,0,0
11.022884185995027,7,114,0.9020031613327562,0.011070249482068029,0,0,0
168.25959865130875,2,1082,0.8975381605676906,0.989882737782307,0,0,0
218.16059873039532,1,44,0.6382117695249981,0.005642001315424694,1,0,0
49.781530629526486,1,2402,0.5130096127111646,0.17164914497087536,1,0,0
101.85474156221666,6,1803,0.6473055938467979,0.55751047654343,1,0,0
635.3381861576323,1,1036,0.4048161655968634,0.8503750144235958,0,0,0
54.285290428471754,1,394,0.5886602732587778,0.7940661138786262,1,0,0
31.22104582058415,1,1590,0.9695252660239071,0.25315977997474615,1,0,0
396.09869201449516,3,760,0.11328977206204416,0.8802392877759802,1,0,0
640.716569924508,4,1438,0.2337908534822427,0.06962974302737968,0,0,0
90.35042056302704,2,1935,0.5240902474158343,0.33183877884636537,0,0,0
247.51298255689042,3,1526,0.2586085504162484,0.2630274430059466,0,0,0
344.2871045491785,4,1672,0.9927694380274045,0.6558557270522489,0,0,0
42.84186451800115,3,230,0.7202703748344611,0.0382629922360217,0,1,0
55.40634759030825,3,356,0.43397642122876523,0.8543502956753468,1,1,0
308.23870935152735,2,2472,0.9027417768094919,0.9613591071131087,1,0,1
485.41989472862457,3,500,0.1444469335043319,0.23625876022448666,0,0,0
158.04516714397775,4,1797,0.28790498018110555,0.9019710699164462,0,0,0
37.34450005421402,3,1504,0.9559332619360846,0.9062438067233967,0,0,0
656.5908776779079,3,20,0.5569719406791797,0.6263719419078975,0,1,0
52.93311323927286,2,215,0.9206630666810792,0.5069881366509014,0,0,0
64.38381095541847,4,744,0.9842074545164395,0.7746911022035954,0,0,0
126.7653620191814,4,2166,0.3602260861268509,0.5180375143163162,0,0,0
425.8811942834876,2,1655,0.5764849789493092,0.7442686751041597,0,0,0
211.44733841815267,6,1474,0.8466946478513002,0.09279463764045504,0,0,0
136.30097613767487,1,1683,0.27274108908020234,0.28519239449581846,0,0,0
143.06349177067386,3,263,0.44675423960786775,0.39433649032659157,1,0,0
94.02067159172282,3,1977,0.15331968853738587,0.20505067817535905,1,0,0
157.29759402905773,4,336,0.6525370185796888,0.2303835647578475,1,0,0
7.173831722858909,4,522,0.004194405424455816,0.761680145641818,0,1,0
66.91295134043331,6,1157,0.449308285983839,0.1735697560281596,1,0,0
114.58557627867326,1,1017,0.9291449919855341,0.11214115045397832,0,0,0
28.473844139130428,4,2252,0.897302461658605,0.2803708845121542,0,0,0
132.4656435460312,2,984,0.8037697856768702,0.16005040724227515,0,1,0
73.37100123498031,4,1560,0.14115910649747854,0.20309678474827697,1,0,0
520.857086673429,5,2264,0.5202600554285168,0.7829710183614684,0,0,0
433.98923307723027,4,234,0.7191391085885814,0.4410634328944464,0,1,0
56.49738934952945,2,1591,0.10117358073127547,0.43409143032587116,0,0,0
77.41358549877792,5,402,0.14700395149379086,0.5248574027204211,0,0,0
83.60074523888119,2,1707,0.04006568413121658,0.08911232579868344,0,0,0
57.302286322469804,5,390,0.3230736204599095,0.9871773091620859,0,0,0
109.40154189886866,1,173,0.8773223351881069,0.84712124636684,0,1,1
42.17037376929213,2,507,0.5074757750340738,0.29276218833572354,0,0,0
29.060639528141987,4,2192,0.8532707104132575,0.05674948150988779,0,0,0
167.78966884975836,2,247,0.08365017181887546,0.6173235739235815,0,0,0
168.9376284238267,3,2368,0.056102730996486216,0.5921100349219653,1,0,0
40.27311965557572,1,685,0.8039010691355917,0.30994051765241015,0,0,0
220.3804631737869,4,2282,0.4977501586114532,0.3405914079229547,0,0,0
47.86680561847195,1,562,0.4709290444087251,0.5257696081354651,1,0,0
115.95071591652045,2,1443,0.4756492766858291,0.8791783870893137,0,0,0
204.45420472141564,0,62,0.3810712562162015,0.10921416324051436,0,0,0
87.0417105433084,1,1095,0.8864050984115892,0.5098225424581582,0,0,0
141.84585107389447,3,1919,0.5209971300257263,0.43700191101098773,0,0,0
53.708450606745096,4,1826,0.9738873706334018,0.4663920923238779,1,0,0
73.9606663865204,0,944,0.8465259477920226,0.9097557801887334,1,0,1
73.26921755002228,8,117,0.7375710166605555,0.5443454964405646,0,0,0
42.66682360384079,3,1544,0.6362079817117279,0.6949250581808403,0,0,0
75.43156617075806,3,1224,0.8351702218951172,0.9126682464127953,0,1,1
19.132370692178988,3,989,0.8817307083541098,0.30240685854509386,1,0,0
55.08328170893857,1,1716,0.1332408648013942,0.3586999378385515,0,0,0
67.70259476813331,4,2385,0.3597409814163096,0.22657577055943923,0,0,0
69.67351413631188,3,184,0.8054489576823233,0.6518545959966482,0,0,0
70.70402868750593,3,1454,0.2213056620961712,0.25378837449907543,0,0,0
84.6255135828499,3,2328,0.5861980648526112,0.2346773234754289,0,0,0
145.39315952517146,3,1737,0.7804505098288108,0.9867463296787019,0,0,0
215.83561453686963,2,1987,0.2239378831131642,0.6973451692768703,1,1,0
47.004097236337095,2,1324,0.4020140838692242,0.8143760514675207,1,0,0
27.02599402711849,3,516,0.9151156745207685,0.9688081542594961,0,0,0
31.75199594451203,3,2038,0.3560023591575109,0.9710574915182942,1,0,0
55.30133663245945,5,119,0.6047199312978948,0.3331039352735605,0,0,0
63.31224043033575,1,792,0.4338448618726728,0.5187569745278982,1,1,0
41.67927212173346,1,2482,0.877034023836245,0.923402059647134,1,1,1
24.627983467257266,3,2011,0.42414761305016335,0.025632372587340968,1,0,0
57.047210107440044,2,1426,0.35922760270690146,0.9161860444258529,0,0,0
107.92392924603364,4,668,0.17327253756561256,0.8580000123523955,0,0,0
163.2086536328872,3,1437,0.34924221614779194,0.46798531341887106,0,0,0
51.55127517867161,3,2377,0.669554390130933,0.5169223103518362,0,0,0
59.561070305244215,1,103,0.17581083160814814,0.047662676213758304,0,0,0
35.63405177235233,2,871,0.7053741953943503,0.5557753876081704,0,0,0
87.23109222937781,5,1365,0.01064703064560557,0.12310818950615421,0,0,0
38.53517134931154,2,1965,0.36695300540264175,0.2639307906220508,0,0,0
159.67297434283364,3,1927,0.4659348306067562,0.8040429237513461,1,1,0
15.091527717795891,2,1069,0.09612033808502796,0.5046743556727794,0,1,0
62.82608337104677,3,2393,0.684097399904855,0.7518854606608635,0,0,0
121.64504529180634,1,2458,0.10275690935705595,0.931800539583737,0,0,0
108.18411198688192,4,1606,0.08996179079054678,0.17115777126219422,0,0,0
1330.1322654533599,2,49,0.36793309656450224,0.2595102745969561,0,0,0
127.7148474603837,3,119,0.7382984048708169,0.586986053053499,0,0,0
32.98145398920525,1,852,0.9636749596433047,0.9495899275504078,0,0,0
81.82114879438429,1,1426,0.7760178332610957,0.7793005998589412,0,1,1
15.237411191936136,1,468,0.46600469056910787,0.639316597472597,0,0,0
83.04646336148386,3,1554,0.2725973559029019,0.6791736216652462,0,0,0
39.13213290830934,0,47,0.3014137328061679,0.43262581201062,0,0,0
224.8402782230986,2,1,0.2836986261651804,0.4037254195436182,0,0,0
51.95924833140034,2,161,0.2783227800912885,0.9868335251610028,0,0,0
80.09665430332336,3,1319,0.06909598772937542,0.8563872446710644,1,0,0
47.67666899314014,5,624,0.22044590806598774,0.7609020593356399,0,0,0
512.2697551660802,3,23,0.10792748307861,0.7197164386598031,0,1,0
65.28466920318496,5,1294,0.007373776513300068,0.5671115154434409,0,0,0
562.5933317799484,5,2005,0.2856016958055648,0.32909723245833067,0,1,0
203.19208478547645,1,1964,0.35219136738996903,0.4328534340392046,0,1,0
145.77534843578164,5,1317,0.9274334173419957,0.05885751096365843,0,0,0
130.15592402620203,3,1612,0.9948217000469205,0.08930883503343634,0,0,0
133.45939819562287,0,499,0.5794375538442479,0.38446204893110236,0,0,0
13.096269526121938,4,1701,0.9009835114772754,0.11570520458466382,1,0,0
68.10949330407942,2,487,0.618226034046068,0.39807578320994763,1,0,0
209.5909913209699,6,379,0.49757790856923845,0.2134163842294976,0,0,0
85.72142690018283,1,775,0.042683247884168884,0.35003113361523563,0,0,0
22.083045743916298,2,1645,0.044596122976795716,0.37924617269861516,0,0,0
85.42130557004386,1,889,0.030797449307940927,0.7943178891783395,0,0,0
494.7761886877014,2,692,0.15008031888936202,0.6856308882250284,1,0,0
313.21558253176323,4,14,0.07690201044243494,0.8149033388721117,0,1,0
84.60522201340369,5,2292,0.19467864345824681,0.3648868260812107,0,0,0
233.09574153881613,1,1847,0.5192098513893245,0.8258344154380446,0,0,0
62.39548890867806,6,2262,0.5032008640063159,0.9496531814990022,1,0,0
16.38110298031213,7,2097,0.34418279004113117,0.277437092796326,0,0,0
35.71368725728247,2,1105,0.6659750700618399,0.7186972344354391,0,0,0
429.6147034463115,2,1571,0.39192356038352383,0.05756348904325692,0,0,0
68.4433857521448,6,878,0.22024021091373192,0.521046318590539,0,0,0
70.57076890754485,4,181,0.6921530938415864,0.15633992537876462,0,0,0
66.69712201068815,5,672,0.980204047500108,0.8329596968630452,1,0,1
604.3397800852516,2,870,0.8107051694364992,0.4142870994398298,0,0,0
457.58328660089484,1,217,0.4140516018016156,0.6043080022257036,0,0,0
827.807163922712,5,1290,0.375668273735826,0.5821868047482622,0,0,0
76.78081387440943,6,625,0.03864871441225726,0.10428128756525146,0,1,0
120.9799087893806,3,2238,0.6570726511188171,0.1001429505561775,0,0,0
19.754028605655233,2,2050,0.22262395868471319,0.5715270272494303,1,1,0
394.2299727171634,2,1599,0.683518018277359,0.31498097987517937,1,0,0
28.000446283148662,4,460,0.7601693880835066,0.11141115954882153,0,0,0
111.80715576904728,5,632,0.8797960650736737,0.3100026104832089,0,0,0
30.045036492116257,4,757,0.5482500084894442,0.1906495458066646,0,1,0
49.95552818081991,7,131,0.8299776056301513,0.03966168055735397,0,0,0
38.96787422888096,2,530,0.7231853037014804,0.3798347154218068,0,0,0
49.014919890463766,3,1255,0.3529811712800992,0.6807429149472479,1,1,0
52.50336678875608,4,1834,0.10642884140941211,0.11324449921613722,0,0,0
52.02535547738602,2,232,0.24216994653425883,0.5851362521615533,1,1,0
207.1273687019995,2,2464,0.8445778526162946,0.1516484626809459,0,0,0
29.818744532887735,3,1148,0.5344217712125696,0.06838176458509182,0,0,0
112.22900003355024,1,562,0.665562527427574,0.09222417554877904,0,1,0
304.2832929896714,2,177,0.8060741742425072,0.2098066632975939,0,0,0
53.882386071758404,3,1096,0.6670428420461705,0.4656099028020676,0,0,0
43.907322655271685,3,2173,0.8560546023810903,0.4444989175518226,0,0,0
71.48412340902607,4,2431,0.08635957863596477,0.4764510644993979,1,0,0
292.86894092783103,6,2233,0.9036468776586895,0.3758801790415762,0,0,0
109.30122807665472,2,84,0.8126219002301475,0.8801800566309201,1,0,1
52.920231056932025,5,665,0.9030075324105126,0.8845840804116911,1,0,1
146.039429627378,2,1047,0.730858016045972,0.6579049322766107,0,0,0
29.89549649522188,2,984,0.27439356828328887,0.3240462803383848,0,0,0
177.92453690766348,3,906,0.11387934697968916,0.1850249775547762,0,0,0
135.45064192218751,4,1938,0.12963813795260726,0.697731855413076,1,0,0
66.16764047526367,3,1731,0.49890475733580575,0.9965402442835343,0,0,0
38.91633952177206,4,1121,0.39093640970699506,0.8193286486267741,1,0,0
37.08894985658279,4,1610,0.6542174271044078,0.3277912020699767,0,0,0
153.671519846639,5,539,0.5032776404188433,0.19182643045064807,0,0,0
307.6554544682852,3,2211,0.12531999739196586,0.8176426155464063,0,0,0
47.59331227638158,2,2110,0.0022455113686139505,0.4022387864084992,0,0,0
142.3639352989867,5,402,0.1283131460586251,0.5849696658994814,0,0,0
11.167111457649288,4,263,0.1467389434841636,0.04250475372277773,1,1,0
50.16824562825051,1,199,0.7199185247075357,0.8063829069566167,0,0,0
87.2642670689067,0,1238,0.2852810414844509,0.20225901390273315,0,0,0
36.245548835562005,3,1532,0.0936369381454435,0.7635138335068923,0,0,0
35.286259017993515,5,27,0.7553789994357893,0.6603067943719745,0,0,0
46.16493113602196,4,1005,0.9404860099555467,0.4124958138332634,0,0,0
120.56544630143527,9,972,0.10048228291188421,0.5335126772095526,1,1,1
74.63958388723057,1,1219,0.9630590734937815,0.5376304955119474,0,0,0
9.600054414886095,2,1463,0.9502647572786346,0.2252489666989983,0,0,0
10.79734043045724,3,2371,0.5231176310238427,0.12924392943085317,1,1,0
49.06445403148315,7,345,0.2957654748261157,0.810083783174874,0,0,0
142.26429869954256,4,1634,0.1380921740482709,0.6900912503625212,0,0,0
5.7689792431754165,6,1226,0.8238535349121435,0.6213612092270434,0,0,0
54.61288390378548,3,760,0.6047399355137356,0.2783590710910968,0,0,0
53.183709842162024,4,1372,0.6512986174403185,0.40210590620866016,0,0,0
360.8050476345167,2,2059,0.8608768247944083,0.14726572232920387,0,0,0
61.25087826161247,1,435,0.44394419609786007,0.7544145624373688,0,0,0
132.02469451403402,1,840,0.3681084085103732,0.015061734425114937,1,0,0
103.67459918856126,2,2196,0.7623046969186841,0.0028799481173851227,0,0,0
10.691334143461578,1,1918,0.2972201946313131,0.5209585023409659,1,1,0
194.06772898824158,3,2317,0.32792583914732243,0.34423330788366047,1,0,0
111.6530734508455,1,236,0.38109123592168126,0.1438437167904293,0,1,0
149.64542158453855,2,643,0.8563580035629643,0.7230447768207562,1,0,0
4565.291774028169,2,911,0.7791154337202731,0.9320746313684667,0,1,1
11.199700764641536,2,2300,0.2914178777238725,0.2806724321132261,1,0,0
505.06980616951336,5,892,0.14361236143728617,0.6026615310589409,0,1,0
67.52868567727107,2,761,0.3927931809413694,0.744854069362624,1,1,0
119.98046098540947,5,1226,0.6245517461014766,0.6158044686193278,0,0,0
86.01208027465997,5,2297,0.6762469616985352,0.38297100919707694,0,0,0
58.89543989965906,3,814,0.20043011904152186,0.5556233234207099,0,1,0
50.91548349814222,4,2421,0.24940190210389002,0.7246002290548825,1,0,0
125.14946407070505,2,176,0.9301012190753505,0.9431935313244935,0,0,0
19.743539093651716,0,1249,0.3850598149013412,0.7723483654668898,0,0,0
190.67667021953636,1,865,0.3141426353669178,0.31507376572504775,0,1,0
59.37098239355317,5,1687,0.6957102417434182,0.6718300471159877,0,1,0
29.076510850537616,5,2487,0.46787708872193035,0.9162239357983427,0,0,0
57.396719033928456,5,1335,0.24680194378304454,0.5189783044089413,0,0,0
316.4449259678556,2,2102,0.4092971550267326,0.09559018132237129,0,0,0
52.70260647135562,10,2369,0.1441952765727823,0.6411725053768321,0,0,0
128.82483561880358,0,1243,0.2795637005509921,0.6049728451066557,0,0,0
43.33860136172985,4,928,0.4184625484747526,0.13443254092272328,0,0,0
192.08190121928928,1,1493,0.5179938815668275,0.23956343635214172,0,0,0
178.66414147908054,3,404,0.7416573543002865,0.6719194553858489,0,0,0
571.6968299474312,3,347,0.3849435914942396,0.9736563573809192,1,0,0
75.522910042816,4,489,0.5457046569829552,0.1737803515293871,0,1,0
175.67835677369166,1,2407,0.9510062988413195,0.6140849772529883,0,0,0
99.29225177314716,0,1081,0.8183162917552258,0.4738505335957933,0,0,0
328.9388219199109,4,1111,0.237008825056352,0.3396798010959744,0,0,0
43.86723176808325,3,2426,0.21348333189961866,0.9142041973060456,0,0,0
189.61682263775273,5,931,0.6626964983478423,0.9372452773433528,0,0,0
74.09163988581072,4,2127,0.5953299348090615,0.16331818504104256,0,0,0
84.42063167814948,2,1387,0.5468729599022693,0.7063160405533403,0,0,0
98.66719145558125,4,970,0.1541707809717371,0.7740481469672584,0,0,0
115.8435294424761,0,308,0.36261764870612334,0.9232610242949975,0,0,0
80.13966755352682,1,1935,0.7593705361824697,0.07313646452764355,0,0,0
111.57680447859471,4,977,0.7235880734977674,0.9319176788256367,0,0,0
436.20750435978033,0,691,0.16517381106405937,0.24635825085508545,0,0,0
241.1573646164762,6,2271,0.4268598829986502,0.8582115912017766,0,0,0
214.6812977849402,4,164,0.4427135096316914,0.8282018634509479,0,0,0
57.08038137373059,6,1319,0.508581828836425,0.7936100447174389,0,0,0
36.99412705386633,4,651,0.46115846710376873,0.2937573636246966,1,1,0
233.9951896833754,4,2010,0.501715652275899,0.7597272652196712,1,0,0
216.16603490784033,0,2360,0.8131444582723781,0.26181806249523976,1,0,0
392.5526529037563,2,2218,0.389467664884557,0.30976165722630544,0,0,0
49.20618731522035,3,2095,0.5520252787906423,0.8171594931615865,0,1,0
71.55392381207845,1,6,0.6067669396678084,0.5843239747095872,1,0,0
17.470536570090534,2,1571,0.9423050470836999,0.3013703416346045,0,0,0
60.79629769472112,3,904,0.6547362545646372,0.6995668010775826,0,0,0
243.85420118723243,2,1202,0.13068321182030962,0.8576146430507293,0,1,0
56.45843031787734,3,1147,0.5824576617148417,0.5575904714676325,0,0,0
170.79769658048943,1,757,0.6619189297761922,0.21869326799645294,0,0,0
74.40304690332604,4,912,0.009501648425197073,0.5797486671842562,0,1,0
124.46904223300865,2,843,0.07530590170019003,0.5855810943653642,0,1,0
28.568611358661432,1,1852,0.018998095095383194,0.6309037148547754,0,1,0
98.02371602358504,4,563,0.04825294792292656,0.7807788874679424,0,0,0
4.521591479465223,1,1838,0.08966505353107745,0.9808212494736045,1,0,0
74.67189938929661,6,2375,0.9578154919363937,0.10992845030015164,0,0,0
17.62867356649882,3,1932,0.20672088895440088,0.1916279211578581,0,1,0
300.66434707807326,3,1029,0.20455773277571587,0.8149606454871928,0,0,0
195.86141694878447,5,43,0.8574194800820722,0.5289419950789618,0,0,0
143.54821645960746,3,1590,0.7527565471491703,0.7456220324959122,0,0,0
411.9929457180523,5,2179,0.6758153680433135,0.4159956072358558,0,0,0
34.85105743364898,2,1239,0.4217353458921259,0.8388545865766226,0,0,0
516.6487265911652,3,908,0.03117699812955299,0.421168648944488,0,0,0
228.6497974519324,6,577,0.8265397944633732,0.9466877566876525,0,0,0
71.05432410938342,6,260,0.8607962613893444,0.3910374230929955,0,0,0
280.2326489230462,3,2484,0.48179307219999423,0.2813976291386192,0,0,0
29.776112782425507,3,2431,0.644884092779277,0.10202585261505237,0,1,0
39.467827188848595,3,1442,0.4776543112691235,0.8485031700108817,0,0,0
48.97991307215003,1,1499,0.29615880211048395,0.9493629402220326,0,0,0
53.03872419428049,5,1133,0.5402954698545155,0.8942904151388099,0,0,0
31.294499811727466,3,528,0.688598839661634,0.7599509158498391,1,0,0
305.8464158892552,4,1678,0.15455649462293075,0.4322868041604657,0,0,0
69.48741101093043,1,870,0.5307154940648422,0.3079956360902075,0,0,0
128.0607765922873,3,2032,0.775959715647517,0.28456787656046767,0,0,0
50.88909380910438,5,586,0.47559078711499536,0.7595631290945939,0,1,0
14.576296754841039,3,1589,0.15689445897482657,0.34486619559900944,0,0,0
117.9260058126872,1,1142,0.8697250248380355,0.7851185806189195,1,0,1
13.299747160791776,3,575,0.6738588522397639,0.9822782000978795,1,0,0
84.04614169429546,3,141,0.6325278525313204,0.18884387287154702,0,0,0
22.912553798644456,4,2273,0.6516712977011623,0.1141121921691487,1,1,0
656.7319860313996,2,1207,0.24506029449608213,0.11945602327407245,0,0,0
223.93654314163885,6,2209,0.4923135729621698,0.05899782068165427,0,0,0
100.0583775614086,2,1086,0.32598743910269934,0.6909269418376096,0,0,0
318.5268196707482,4,397,0.833527491658502,0.5929830552666681,0,0,0
38.616668996178106,2,1865,0.5887638052004439,0.5644775811890766,1,0,0
155.0084107995715,7,1421,0.7172938077504075,0.581610826895166,0,0,0
109.92633215087541,7,2064,0.6603014028142171,0.06953997135852907,1,1,0
117.2161986504917,2,2277,0.4837204112073694,0.2912521977892848,0,1,0
321.2930066554748,5,438,0.8048552739678747,0.26584693001507875,0,1,0
187.25889091268843,3,2462,0.6153668164628777,0.47902561149280976,0,0,0
120.14792150018025,3,1856,0.22678546246468834,0.8789968323330961,0,0,0
17.203495050229545,1,652,0.2907479059628718,0.9721612683038864,1,0,0
34.465323572136285,2,2178,0.826967432447986,0.6120470617132053,0,0,0
79.6220501484065,4,655,0.9412313596959871,0.24679322335810805,0,0,0
98.82715095881267,5,849,0.5480036372473748,0.38068400249721623,0,1,0
29.072603647746917,2,1187,0.3855406604544852,0.3254114607738129,0,1,0
1003.929095331893,2,478,0.6250118795117672,0.20406768236453376,1,0,0
410.0971386830466,0,1659,0.48350667033442896,0.9785040824606123,1,0,0
164.36972651715595,5,1062,0.8416946582032566,0.13156011753933017,0,0,0
96.7409571395478,2,976,0.8329946128337928,0.566419647345339,0,1,0
72.80546565760821,2,1788,0.4561536123564788,0.7986739520913336,0,0,0
34.74659355382513,4,519,0.8045822197108571,0.9395804742823419,0,0,0
97.26901773724062,6,1192,0.1929563389901886,0.2009522198605891,0,0,0
116.48383874253467,1,65,0.37391403397710155,0.19227126730334032,0,0,0
26.00371531434704,2,853,0.07960179377679433,0.49720221344894755,0,0,0
125.73498738553879,1,170,0.8077942481082676,0.3843476904557812,0,0,0
77.07206946405275,2,738,0.9752431323358435,0.24933471317282374,0,0,0
13.359028416158626,2,2279,0.5767643196104983,0.0943950172311171,0,1,0
38.07717378052576,1,962,0.7664962948349388,0.36464463046825524,0,0,0
59.52488536718856,4,6,0.40159409888503195,0.28156930829750304,1,0,0
594.4803468738172,2,264,0.561552999511568,0.17202342882418908,0,0,0
157.04825652681419,2,931,0.3473557124560651,0.3681612243199839,0,0,0
23.67733901206285,0,53,0.696847367887686,0.08163290190103156,0,0,0
146.35516277460144,2,2067,0.24624492572535328,0.9171137736722039,0,1,0
19.157533088847487,4,2313,0.1532422509910374,0.5990023668390441,0,0,0
265.7858884167995,3,2208,0.8985590990881597,0.47924542472554543,0,1,0
56.19767287825706,1,2433,0.8642815183853374,0.12966617929350577,0,0,0
81.97085942683044,7,875,0.8349600825173407,0.7774407760357723,0,0,0
338.93103413096,2,2178,0.8215425954602283,0.0754082961529351,1,0,0
24.849470175645088,3,1280,0.7295049784996159,0.9850917940458618,0,0,0
22.262013931919583,3,250,0.8747597378633489,0.8427421437701357,0,0,0
50.21936321064849,5,618,0.2102143226487736,0.47097222641108893,0,0,0
254.26546296124084,1,2404,0.870402707564856,0.6718100349364837,0,1,0
19.700695201216863,3,2360,0.9177916435442124,0.08892259749457809,1,1,1
5.300729231219332,1,1507,0.7160037927801968,0.488533681544857,0,0,0
57.33098004584857,3,2080,0.5993514329292599,0.8195663407043189,1,0,0
156.2943049199273,3,93,0.23607030726729616,0.07819616337998347,0,0,0
298.94563967024135,5,891,0.8661606977983219,0.21703717507603537,0,0,0
56.64697782807564,5,1960,0.5768274083296525,0.7773010965053851,0,0,0
59.65472711218129,2,34,0.6106692951690255,0.45840962921582784,0,0,0
285.4025769490272,1,852,0.6065613254480533,0.6649560814261893,0,1,0
13.877353963983497,2,1368,0.8667794778137039,0.8181441145523157,0,0,0
61.03693817859621,1,609,0.13697716928137615,0.1454560960467366,0,0,0
108.89933135454376,4,508,0.061672332240509165,0.46855267803529965,0,0,0
141.06471000220736,5,2361,0.22398375578075036,0.5625956573536315,0,0,0
54.06533955152033,5,944,0.49175975698342345,0.6149862813289011,0,0,0
93.1714190125935,0,1228,0.46941585959068644,0.84776839881734,0,1,0
7.475811285666726,5,32,0.5120309958840543,0.4763661394212947,0,0,0
46.60703930012766,1,637,0.11433524874897572,0.31723148415117075,0,0,0
141.67117631401518,2,620,0.7928924019764925,0.8023922797332711,1,0,1
33.707014656591305,2,723,0.3021239436460116,0.8968744514696957,1,0,0
95.48643748996477,0,1000,0.9132299883557977,0.3586718623750007,1,0,0
140.73412904981325,3,2,0.8399633675993396,0.7263411578066069,1,0,1
63.90839942477255,1,1011,0.06346232485459735,0.21191084072849242,1,1,0
106.7472372270286,4,1486,0.053563917666471395,0.09008110704601369,1,0,0
34.37286464762351,3,1207,0.628978533894432,0.3765359749034103,1,0,0
73.21415087907924,3,1313,0.07727607721192775,0.40696049688265135,0,1,0
165.7061716373971,5,2144,0.5718379593608812,0.11401136221774744,1,1,0
105.31680109474458,3,1786,0.07916363378477764,0.10226318892095776,0,1,0
50.07233852860615,4,211,0.47934841923274085,0.7062173533801337,0,1,0
112.6421978397246,1,1988,0.4191066337521404,0.7188153126688872,0,0,0
183.94003185143322,1,1482,0.5909340143852236,0.07249672236645732,0,0,0
11.589027223407312,4,783,0.3561949920965337,0.5067527429119895,0,0,0
286.8828846213252,2,112,0.14004719063015136,0.5596732805691897,1,0,0
64.3119371217554,3,1389,0.8421160818102411,0.49859197609324224,0,0,0
137.75681675595564,1,2024,0.2993008225815408,0.9791896607086548,0,0,0
298.04572777574714,3,1147,0.06746291966787965,0.4577222179244953,1,1,0
22.835727446374033,4,303,0.5005948238879776,0.5452692984246189,0,0,0
44.28114641217381,2,697,0.8776750059915497,0.310170389578698,1,1,1
67.4543656044599,4,861,0.2807202249273185,0.2522678713787445,1,1,0
41.10979765567138,9,255,0.4507529371124146,0.8189526997620447,1,0,1
510.2682540849427,4,1253,0.4025678740870108,0.9279246081656295,0,0,0
38.2149922606363,2,1365,0.04838798894524321,0.32175039657738813,0,1,0
51.64809027384397,5,1589,0.8683469663943088,0.8477165091493233,1,1,1
110.43079460677583,0,342,0.7588813177994057,0.4217356527004402,0,0,0
27.054422187914586,2,258,0.09576889271224587,0.5245153898119563,0,0,0
60.60147836524151,2,982,0.13216588012491437,0.17812831860834266,0,0,0
123.6497857496976,4,2277,0.01058186203893452,0.5844208594765088,0,0,0
64.53060424043727,1,1364,0.9857182211583616,0.9526532351818938,0,0,0
81.99129975611841,3,432,0.4161801960829872,0.05055886634426743,0,0,0
53.019930368389275,7,118,0.9303898067549699,0.26128715396227453,0,1,0
19.796985741212694,1,1981,0.42014327093510406,0.6943811631540167,0,0,0
124.16275078339316,3,2074,0.10380036309567764,0.26869587039467235,0,0,0
520.57453239553,3,340,0.34332418029739253,0.3679692347281184,0,0,0
91.68892803295245,3,2219,0.41823162938464764,0.2900935375712994,1,1,0
112.76027637528337,1,1277,0.17661435638991585,0.9674688399832754,1,0,0
179.95786769248681,1,532,0.05350785669411384,0.4871226327951297,0,0,0
25.29658745547974,2,349,0.3165182580307694,0.1338502547142757,1,0,0
493.98969573266055,7,2425,0.5392932714841355,0.12228798636774751,0,0,0
110.20351540344933,5,1597,0.25532609164281184,0.3103464979522551,0,0,0
460.2900798436985,5,151,0.958683970712866,0.4009855192856623,0,1,0
43.24869261975423,2,1772,0.48142479110201297,0.2888655004388273,0,0,0
554.497291699639,8,829,0.13027172118950092,0.550543407413032,0,0,0
195.4208609283384,5,2278,0.4134933200637323,0.8717976094188538,0,0,0
156.4975078938339,4,2384,0.7077000849232195,0.788173419461667,0,0,0
113.7524338804257,3,275,0.4871484107200271,0.578987899493228,1,0,0
70.20864010840572,5,715,0.3312338926434405,0.7242491088587129,0,1,0
299.0263385998745,2,1228,0.1062999939053213,0.6624240383596152,1,0,0
103.5816167775394,4,1252,0.4595557331006339,0.06596379117200901,1,0,0
12.590345579552263,0,257,0.09738623289432424,0.6346990261103556,0,0,0
29.45352326109106,2,681,0.37088227008985086,0.872069071718799,0,0,0
74.75037640729784,3,1032,0.11622426673704622,0.8300348429565331,0,0,0
122.73149271959251,7,2384,0.6761602984044043,0.4700501849458133,0,0,0
85.06464621250873,5,1643,0.772603494496476,0.32589824635752074,0,0,0
304.5912731317263,5,980,0.2434852355291609,0.3778237626215212,0,1,0
12.79299986729152,3,1724,0.0747159102273316,0.565799719612366,0,0,0
103.91652540380979,1,1800,0.3470304408819733,0.4096129330113266,0,0,0
14.614596281541608,2,2378,0.5605276192644214,0.3484762819235231,0,0,0
192.4261214684422,2,243,0.7679380861997573,0.11861497574111746,0,0,0
81.90346400910002,5,2213,0.40289783661232736,0.10616480860200184,0,0,0
136.9491887537463,1,959,0.36594540206281645,0.029373333951511094,0,1,0
37.94421441588728,3,480,0.9083367263188777,0.9938918774726769,0,1,1
323.5860034614989,2,2331,0.4496863570491346,0.3626604290169281,0,1,0
255.11761243418246,2,1119,0.44721806258919183,0.07266240165452742,0,0,0
161.3448989219574,3,935,0.40999911134662026,0.5676486152884017,0,0,0
79.08179947275731,5,774,0.36321959542240423,0.6750488784557513,1,0,0
160.75111274386887,3,209,0.7284828100204951,0.6807766221472517,0,0,0
44.394137925321694,1,1546,0.28178260824453627,0.9694123773694976,0,0,0
211.7816220331292,3,481,0.37877578993844274,0.21323677192715118,0,1,0
468.47413606833686,1,1549,0.2822903524028233,0.8947294939877883,0,0,0
262.59437992395505,3,1004,0.5703188771920361,0.9061866496657628,0,1,0
43.39731314951597,2,364,0.9603912502347898,0.45776271946128166,0,0,0
129.20719999006974,5,2471,0.3902948956046768,0.9527992608569078,0,0,0
24.70136378905212,4,1959,0.9682036539571516,0.20175914342755896,0,0,0
159.5552586075819,5,1638,0.6566920369974609,0.339506924600268,0,1,0
141.26017641714796,1,2261,0.7954456235913082,0.7593987953247905,1,0,1
13.876318199204329,1,1193,0.3330032416404629,0.9451053631666453,0,0,0
28.168833059366722,1,1232,0.22442210582916422,0.07790446801992634,0,0,0
67.82026901254729,2,2018,0.5768102334497971,0.672726942042339,0,0,0
66.62902229752468,2,1883,0.9907511199048603,0.9431691117039657,0,1,1
26.85690787983266,1,1451,0.7101897435211819,0.102950452316242,0,0,0
132.81786177985722,1,1598,0.6816246585203704,0.18307034631252783,0,0,0
115.75473612090086,4,521,0.4501024194764638,0.6772783426184289,0,0,0
74.12337006132438,6,940,0.8794848084960494,0.6321409183394118,0,0,0
42.275532882142876,3,1698,0.6969678201217331,0.29843355545431227,0,0,0
256.90519516158537,1,19,0.6748831565545016,0.9365569695055177,1,0,1
471.258658980714,6,1510,0.29253258094373447,0.3866160762877462,0,1,0
55.503080080223974,2,1882,0.9577333986513609,0.3413654149710036,1,0,0
48.80501543303417,3,530,0.2503879164069134,0.8412475087315479,0,0,0
147.11398072539546,7,2285,0.523687050207192,0.5616637351086026,0,0,0
62.92670398372178,3,2152,0.3395556798693127,0.442041471523247,1,0,0
78.30432199270065,5,937,0.18077525442314502,0.5447505590574053,0,0,0
188.6046738535867,4,237,0.1440933772034917,0.7169296269529294,0,0,0
13.338357573666167,4,1662,0.29288992859473684,0.0833953866333248,0,0,0
336.40046986833215,4,1972,0.688979424589333,0.3336528574425558,1,0,0
96.80324576294616,6,1195,0.9747820701734983,0.8605145371241419,1,0,1
59.65075797103654,3,597,0.8532670175447791,0.7325150576474833,0,0,0
82.33249335802306,3,2086,0.21802734920971434,0.073729601957086,0,0,0
86.69787338207153,4,943,0.07841280505113235,0.4602754141948,0,0,0
15.939474358363546,7,391,0.6866806244195268,0.3079559991124621,0,0,0
401.39188822589205,2,1844,0.03003449511742995,0.7929187854544955,0,0,0
93.81508202542496,1,617,0.8591227553456192,0.1438131931754404,1,0,0
140.1904885723844,2,2465,0.8255477440253394,0.14489752002221712,0,0,0
233.11916732648785,3,985,0.7937003160784186,0.7415995334893435,0,0,0
32.42201094957001,2,1048,0.5524203678598674,0.9871458251748636,0,0,0
144.52780324372404,3,1311,0.9735340341151711,0.39000512556346445,0,0,0
68.87952121552566,4,1279,0.4583664027632324,0.8634973843299767,1,0,0
209.92929325090685,0,1559,0.9865324648043748,0.3981036676585269,0,0,0
10.72709281076177,5,2375,0.8818715000285638,0.6567776555781616,1,0,0
81.52467211390432,0,630,0.1265419738931226,0.48672544243330906,0,0,0
49.26329814246142,5,399,0.8948975445502203,0.7432401026825448,0,0,0
138.6930129295585,4,156,0.3048672924017267,0.05720811810007864,0,0,0
144.0332516806329,4,1883,0.7682504657985003,0.5495049593413919,0,0,0
44.36159444664021,4,1151,0.00020915966628498595,0.9983637714616744,1,0,0
44.16029736804316,2,277,0.2758473762808432,0.75158810289184,1,1,0
80.58678122765347,1,637,0.7584483750310829,0.23023245527471792,0,0,0
36.721329542630656,2,874,0.9723473156621543,0.30568905297226967,0,1,0
208.92674652933982,5,910,0.17096259111753698,0.6891732957098797,0,0,0
62.227237109787175,2,21,0.45941174108920113,0.14890728700712963,0,0,0
4.918540207464081,1,1550,0.5871696937323729,0.007089537482627528,0,0,0
61.878819196891854,5,1265,0.952562554030726,0.7728511632145912,0,1,1
31.86334148233301,3,2155,0.45326895612244644,0.5994810254761264,0,1,0
17.614530967162768,1,716,0.9335347299059317,0.6728972751336494,0,0,0
26.116658352257584,0,540,0.9781879674338683,0.022089978710221225,1,0,0
100.42472800805551,5,1245,0.9416319536701283,0.37865520271606445,1,0,0
339.89638740773813,3,1638,0.7487304643253678,0.5317588377317433,0,0,0
123.12307610967304,3,2115,0.1262306105249017,0.6978304152944059,1,0,0
49.08220825416771,2,1825,0.6024133661166147,0.8445785851334459,0,0,0
142.0109539573362,2,242,0.7535267830795132,0.2865423909923519,0,0,0
56.878060668850615,3,396,0.9549059310451629,0.9069785289431512,1,1,1
44.94320721617912,2,1227,0.7779599474946918,0.6721430059159307,0,0,0
28.37865652359699,5,220,0.5389349897665965,0.39853008912677457,0,1,0
15.614050676102769,3,419,0.20516366866225932,0.6618523665173077,0,0,0
60.95136758177658,4,1238,0.45705607351854705,0.6611001892575759,0,0,0
105.43066045051481,3,2407,0.6383008556670499,0.21361831348927773,0,1,0
81.7263384519186,5,501,0.3245991649236153,0.006166387023017417,0,0,0
59.38448945904259,1,1043,0.4564504533190158,0.12261175908840383,0,0,0
34.96172666515368,3,787,0.01736038256555128,0.9549476369716888,1,0,0
165.38005546696428,4,676,0.8790250389368848,0.8583181611043804,0,0,0
24.115820563791143,2,2262,0.03476589952715303,0.17238075566937283,0,1,0
195.59142434907935,1,222,0.40929022547728655,0.6594892013449497,0,0,0
33.04211569890918,1,1924,0.5109740018760683,0.9161721959539587,0,0,0
42.41765905370727,3,2317,0.9724180274278423,0.9160577471328771,1,1,1
20.763877314593636,3,1108,0.9351635073309763,0.5644186027027013,0,1,0
54.521649052453164,1,743,0.646360076634874,0.7234991385869886,0,0,0
238.72504694329746,6,1926,0.58405366067518,0.3940637494812218,0,0,0
150.75079186720654,2,2092,0.36655591103986995,0.07212588467112424,0,0,0
239.46855455942125,1,1612,0.04108737807161189,0.528753730093496,0,0,0
151.73605724270732,6,976,0.26770719932033427,0.31816014475506105,0,0,0
29.854338464436356,3,161,0.8477227589061538,0.4069724681654876,0,0,0
64.66439724774969,1,748,0.6482691803045668,0.17385508330114996,0,0,0
41.25617798429126,2,1401,0.8144261567400181,0.735103725778269,0,0,0
340.55440890861547,2,308,0.8369732802064479,0.9482615239944356,0,1,1
27.199847143820755,4,1895,0.06220737317959946,0.7007439222328326,0,1,0
220.0154320093025,3,117,0.3371429434723807,0.492284176925908,0,0,0
219.85184113756603,3,1626,0.6759873939582062,0.41933995520952483,0,1,0
560.9435080090195,5,2387,0.8530883507380905,0.5509836481982457,1,0,0
59.75861756077579,1,1805,0.8014330506719204,0.6512839708876442,1,0,0
183.51972585786382,3,888,0.4221461332649351,0.12673059071671067,0,0,0
881.5236551062465,5,1674,0.9321028493344446,0.7906555551962536,1,1,1
48.53854978081572,3,1954,0.3007170921701421,0.005403491081313994,1,0,0
19.393922668233216,3,1631,0.37577629025091597,0.8450825778190129,0,0,0
13.735585762785854,2,954,0.18142083233570705,0.5023013519238796,0,0,0
183.5912885105979,4,1731,0.2269205263682873,0.4345967408325081,0,0,0
13.69252128179932,4,940,0.008713122280119667,0.12089893539236118,0,1,0
62.03389610737172,4,1029,0.30849072209688155,0.5842066785115605,0,0,0
139.3952170885821,0,2119,0.3065701822335025,0.0890113628970084,0,1,0
108.32928641882143,4,2152,0.06727508472063481,0.8659633720978842,1,0,0
137.75060832616387,2,56,0.3404778862859883,0.3022827084085652,0,0,0
112.42539609017128,2,1019,0.3013832697000378,0.1725425257636093,0,0,0
323.3921952136831,5,1331,0.7990545937688205,0.25118134425244,1,0,0
34.73276991495866,3,496,0.1562466828881267,0.5331593585081909,0,0,0
45.74144874353102,2,1165,0.7250824854930812,0.5599576620850116,0,0,0
41.56841211721227,5,34,0.12998630926692756,0.33844180799266943,0,0,0
206.4775752064988,2,1380,0.4962338365453428,0.7883571518101652,0,0,0
221.49468382233417,1,1442,0.7363839387805174,0.37792559303268114,0,0,0
141.34805435592955,3,53,0.6064556863634988,0.4375320678339396,0,0,0
293.9746875577883,3,330,0.6458770821447191,0.13006579679923014,1,0,0
27.714593971346776,1,805,0.2063707372959106,0.13561305771810184,0,0,0
476.86055544250075,3,1670,0.8274027247217929,0.1012250208587655,0,0,0
412.91370389127275,1,149,0.9521144788133501,0.146543301588265,1,1,1
187.84590965319398,4,1325,0.15436944140175513,0.9001925578420774,0,1,0
534.7497651424212,3,133,0.8882671561009182,0.6849525350170027,1,1,1
17.173659615928585,4,2307,0.3976916055144728,0.6719608947161885,0,0,0
53.27951182451428,3,1300,0.6988352115597309,0.14590136971003353,0,0,0
43.15060935948117,6,2195,0.5067205687715085,0.519459665100315,0,0,0
185.20796405741507,1,842,0.7933392973884418,0.4886543304569797,0,1,0
31.49595926802648,3,825,0.045282551021172845,0.2875812246185375,0,1,0
191.99995724346783,5,1690,0.3236867813393146,0.2700710469494063,0,0,0
354.4389596554812,2,1862,0.04748668880205398,0.7624575622626856,0,0,0
180.4047432213231,3,496,0.9416997662614799,0.29816436361090304,0,1,0
119.55195223840907,2,602,0.1701510684563834,0.5924925563223478,0,0,0
33.51947653851689,5,944,0.4245649646673527,0.9194549382706376,1,1,0
38.59601504150089,0,1440,0.6414461478322556,0.5138920967074811,0,0,0
314.0709467017778,1,131,0.46150124857874153,0.6039713279751882,0,0,0
196.24208093118165,3,723,0.536542324266033,0.8752234651779923,1,1,0
86.57235000872134,3,1252,0.20401755882176542,0.7210146211585803,1,0,0
59.269240070676396,4,765,0.06702904949822786,0.013493273515845283,0,0,0
11.872112077712874,4,1118,0.2573883863862306,0.14485270917716697,0,0,0
30.850334137053988,4,572,0.3171565089630086,0.26904084852590293,0,0,0
608.7569475469002,5,98,0.41581388025543786,0.43040087164502827,0,0,0
25.01672069237241,3,1617,0.2959501700627055,0.2760692637707448,0,0,0
108.79657141778024,4,554,0.03581096780486659,0.4613613055288027,0,0,0
246.52020882746547,0,1687,0.09460796514950154,0.78380776122106,0,0,0
25.663694608265363,4,425,0.6738183594271665,0.9729586888505152,0,0,0
108.2789182919911,4,1617,0.06315334203494549,0.6293314567790491,0,0,0
229.962335659371,1,1769,0.04621360164736943,0.8701407057474003,0,1,0
91.14934561668099,5,2222,0.8117862379124127,0.34372334072893496,0,1,0
1585.100443610778,2,785,0.04124347067628009,0.13685807536866135,0,0,0
16.96921366024901,2,1649,0.06873336241061234,0.832978800498214,0,0,0
259.4926892816063,3,763,0.549512667789216,0.7716718896248079,0,1,0
75.73180841444602,4,1551,0.44284442189628304,0.23620062296322053,0,0,0
194.7896298308187,4,1910,0.9644518886999973,0.5385810246113374,1,1,1
139.9530699401734,2,953,0.9368466549600626,0.9938204139138311,0,1,1
43.24336464044523,1,1193,0.6602186636141277,0.9718641337534635,0,0,0
113.1819151061173,5,585,0.07186742775237664,0.45218541962572445,0,0,0
14.042641874583394,4,782,0.5031900836358992,0.28362866377540974,0,0,0
164.55543438344074,5,776,0.045066781773713815,0.2935919858259194,0,0,0
121.28685786190309,3,2027,0.9079371232467436,0.8781093501855705,0,0,0
170.4871911434385,3,430,0.65998301658398,0.6689905344835602,0,0,0
259.3343938991032,2,2180,0.5738963195250877,0.5993397273843406,0,0,0
130.01110114199187,3,953,0.42790385376933626,0.2679088923011851,1,0,0
104.38535833692458,1,1198,0.5097168645200127,0.4063953749052761,0,0,0
37.29770002941002,2,2435,0.4002946301106347,0.5577200852427562,1,1,0
44.15822632193462,4,1165,0.09961403294309346,0.5211251826959571,1,0,0
294.92899137958017,2,614,0.6609864515921954,0.052669574299500366,1,0,0
378.5451701706664,5,372,0.9964108406374215,0.48677416012924823,0,0,0
70.94390991920017,4,287,0.112493082810464,0.6105209406112829,0,0,0
94.2548936742367,2,1233,0.99418181071784,0.7876314366970855,0,0,0
36.429745500390254,4,1598,0.8996123502938953,0.1286111838915749,0,0,0
290.8352178984237,1,942,0.8941846235967309,0.8245861495262105,0,1,1
175.11043353927013,4,2200,0.8312494623850896,0.09292587193720625,0,0,0
627.1698746940635,2,577,0.9235534825866492,0.4993594665458534,0,0,0
37.40023256887468,7,2269,0.24642451450457237,0.08485900336949326,0,1,0
61.68199672042185,3,858,0.43715146483972855,0.8173796554354184,0,0,0
113.45949744446958,2,1324,0.4798149069732496,0.46375664821604123,0,1,0
171.8272372994534,6,1379,0.06798023857243163,0.6205807536748144,0,0,0
72.55409071083594,1,1587,0.980955083386067,0.4988878101758175,0,1,0
37.60131072690222,2,856,0.689442550341414,0.46111990523028923,0,0,0
217.3279556310668,4,1825,0.45156988724295977,0.18265446175078615,0,1,0
185.14427065632765,7,1216,0.9922614900768866,0.9434711601511173,0,0,0
36.007451366330386,5,1703,0.27219721251609075,0.7286550649612503,0,0,0
349.12946074281615,2,1268,0.3370205697613291,0.5667978423371616,0,1,0
290.09217264748713,4,767,0.19085507239975064,0.20586091037388232,0,0,0
102.95546306047677,5,2106,0.1865116378582895,0.4004490982552372,1,0,0
97.47518788396245,2,1050,0.188480177209722,0.3423099565982932,1,0,0
156.65685416982535,2,486,0.610836882613,0.7555036342642231,0,0,0
38.02701886162043,1,1141,0.29413435570255786,0.19290298822242613,0,0,0
92.7614810900355,1,2290,0.9517279110556325,0.6672767470889581,0,0,0
10.460606663639378,3,843,0.8167259791773109,0.9025313340326202,0,0,0
216.25443310360572,4,1117,0.16120577502749345,0.8384245851439073,0,0,0
18.887621823998835,2,221,0.8339807164223713,0.3394413434225766,0,0,0
404.8108125368882,1,713,0.3456576935512359,0.1517301972427041,0,0,0
64.7076806387314,1,227,0.22776816714767267,0.36259416512277354,0,0,0
72.84493603941293,5,1606,0.7820713445352693,0.39442711072583037,1,0,0
48.0511512196769,1,767,0.856998054665862,0.5373261820130882,0,0,0
67.48876408871931,2,776,0.9604490502940365,0.045232856211420036,0,0,0
371.86517104529867,2,1150,0.42021918005154724,0.5107756190640066,1,0,0
7.4796899714845955,1,2338,0.562111387880047,0.6050251066388663,0,1,0
322.77819549716355,4,1496,0.6149171963033175,0.9419058206488701,1,1,0
126.21962953797919,2,752,0.6277040993262323,0.7247220188068264,0,1,0
26.92293033057614,2,522,0.4021560690781498,0.028245268641557075,0,0,0
30.713048809743512,2,1748,0.15235026981344912,0.17517130445252505,0,0,0
481.25295565706426,4,908,0.07044586570708311,0.4754411321381128,0,0,0
34.970089837415394,8,1695,0.9059883873160147,0.9759257578687108,0,1,1
28.407394738874455,2,262,0.3665510331636811,0.6011688702407493,0,0,0
280.7078762709273,3,2158,0.180687333357049,0.8442581953754559,0,0,0
126.28646729224043,3,1799,0.9835720133597566,0.10395594965125465,0,0,0
35.23621621637218,0,501,0.8029078830916946,0.4371468377601534,0,0,0
111.79032018069987,3,2061,0.9811828874199306,0.022340594886859133,1,1,1
32.273527636047106,3,63,0.2788056477540395,0.2483140448221084,0,0,0
270.64862650334874,7,1377,0.4632477682704369,0.8113172933344144,1,0,0
260.1792885907259,3,2388,0.8086929754136667,0.6221910846019983,0,0,0
153.24013469640937,2,1043,0.5518909017738167,0.28207325606170297,0,0,0
129.2386973049379,0,742,0.3549634611719171,0.8419626380379117,1,0,0
523.8409589867007,5,2136,0.15842659422827932,0.7351613882231158,1,0,0
89.98889981979495,2,581,0.5617652078543813,0.5017174194778375,0,0,0
27.608560138417012,2,1174,0.5983873499909717,0.04423256015927923,0,0,0
141.10071311746833,3,1852,0.7207478866062935,0.906338123805663,1,1,0
724.9096667728853,2,1814,0.7905257342241478,0.6690818619627146,0,0,0
32.630273969447174,1,2140,0.11810868832888322,0.813461318657109,0,1,0
62.71102273012021,5,2193,0.6279531144750089,0.9358695517375788,1,0,0
136.51657531082932,2,1887,0.7814412572883024,0.13834248808837912,0,0,0
85.29323567938306,2,2223,0.3890057226475091,0.7528386710181165,0,0,0
33.70669288683156,4,1982,0.2755672757535511,0.15456346182047997,0,0,0
276.4024224733503,1,703,0.47965547450590396,0.5156344706119111,0,1,0
916.0223115980305,1,2183,0.3100866018959785,0.7270085910480634,0,0,0
109.52265896362461,3,541,0.5098548183359403,0.5203694601137206,0,0,0
36.44964468018204,1,237,0.3084930768253277,0.4725482437703967,0,1,0
19.125824214108547,2,1736,0.4227016124949168,0.2833549546598302,0,0,0
116.5098689250807,5,1654,0.9151383269573461,0.7680320827428763,1,0,1
271.47697884639103,3,1616,0.91660563313799,0.08939395306103526,0,0,0
144.77310829295945,2,1611,0.9921789257061947,0.2317234410859047,1,0,0
89.80100430843068,1,1723,0.4861233997510014,0.04518339218102241,1,0,0
49.93530902448248,4,1065,0.16803880918201874,0.17709178255335034,1,0,0
30.199832176079116,5,2294,0.8890266387284333,0.4076478397101134,1,0,0
207.42116221138653,3,828,0.5968432877626102,0.029781433877515306,0,0,0
224.47663395469334,6,965,0.7477200846374037,0.22686882322277158,0,0,0
19.187714670218874,5,2026,0.16259419264747488,0.04067964212564923,1,0,0
441.3503383895485,4,624,0.3196981694668196,0.8757401951543753,0,0,0
159.82368212703503,4,2252,0.2752180231968241,0.8899904876198934,1,0,0
364.88952814183045,2,1497,0.5597562255562535,0.6985268614404916,1,0,0
23.520496947204318,3,2106,0.9971752626658099,0.5945078398588447,0,0,0
22.969697438477937,6,2096,0.612348695618265,0.7958423645874939,0,0,0
77.55836038793687,3,1114,0.5728637264450799,0.2814496015331259,0,0,0
148.82698055480898,1,1547,0.7590826418849493,0.7420273486952433,0,0,0
542.5937181945403,5,1592,0.3288151811888419,0.33018547685682575,0,0,0
182.3775363016878,3,791,0.253191293473641,0.4429324040974013,1,0,0
70.62037659541139,1,180,0.838044169651214,0.9800616130476862,1,1,1
32.25363636322199,2,1140,0.9605515610466894,0.8458338454376995,0,1,1
307.969444757359,2,28,0.421407356656028,0.418659476485823,0,0,0
34.305118630546225,1,1139,0.041264494395628626,0.905035201283192,0,0,0
458.73309785275325,4,220,0.1791607219608271,0.09728252823500583,0,0,0
67.73583432157149,3,1779,0.8569813257215017,0.902892334659278,0,0,0
441.67842525551305,5,2442,0.12164475499066818,0.8892827965614397,1,0,0
177.49302104022914,2,2039,0.7630062184903054,0.6467917373666465,0,1,0
78.4926123805261,2,1801,0.6202449550106269,0.3246916741965742,0,0,0
53.54934836901495,1,1810,0.7267330525614711,0.8221934646644172,1,0,0
64.01337991324698,5,706,0.25659054821639804,0.2721682435046494,0,0,0
138.14677299264292,4,594,0.0183299379464541,0.14217716958103221,0,0,0
97.2375055118908,3,1704,0.03975443813990143,0.551195730590837,0,0,0
49.709128682042845,5,2114,0.7248496814138009,0.12881497931543362,0,0,0
76.27678173460885,2,272,0.6133974331886716,0.35738239339425837,1,0,0
97.37573280106949,4,1073,0.840453135291225,0.579761074992125,0,0,0
10.710942747744681,1,1378,0.39924733828898007,0.20755113571690353,0,0,0
142.33281954340544,0,2042,0.5555513489928294,0.4137752870065802,0,1,0
33.793848040373646,3,936,0.7835057165671079,0.30810395709899563,0,0,0
28.40790912731307,3,2360,0.49665059183484295,0.15436697433699786,0,0,0
16.654087018637416,6,1378,0.9933485226745459,0.6338424864147877,0,0,0
14.970887802722304,2,1968,0.7428917180831044,0.6001995608358435,0,0,0
23.209286920871843,4,1061,0.6833104403890765,0.5590081863465114,0,0,0
44.29975038430925,2,908,0.8015321881550225,0.9311829591510322,0,0,0
634.7677205261452,1,719,0.7771901997374908,0.9265264780815378,0,0,0
53.20329465869725,5,1759,0.21969524841986898,0.5723714457943992,0,0,0
107.52787392340619,4,2402,0.2103839433431851,0.7387117488555673,0,0,0
134.3544405349953,1,1568,0.6060742648134653,0.804943652639985,0,0,0
102.62331885650909,2,364,0.4360482064435983,0.10985332479677279,0,0,0
83.30899606116475,5,1687,0.8715766043092302,0.8449541071462027,0,0,0
27.24053813476909,1,586,0.29010231305542733,0.005119033155979391,0,0,0
384.10945394174047,3,1301,0.330859446537615,0.002035601901430928,0,0,0
548.5051361355935,5,203,0.16631374847470282,0.31030793738836593,1,0,0
16.73230540022659,2,1932,0.981741969715447,0.792972300413865,0,0,0
32.32921818522831,2,615,0.11604653297711054,0.9214136102632585,0,0,0
68.04638858199404,3,175,0.9828999922964949,0.3992145115792266,0,0,0
34.31086970843207,2,1235,0.7063926639728831,0.6310103939653421,1,0,0
149.3011718469694,3,1277,0.08915138798391709,0.47256369229732276,1,1,0
43.45508159570235,2,1378,0.15201538881694898,0.2796890188813498,0,0,0
784.5074493598611,4,1890,0.32697116892811684,0.867765151046701,0,0,0
296.0559907406606,3,1178,0.2603460656473381,0.5869386292792117,0,0,0
111.33837977839771,4,1320,0.9731283038766966,0.6893633522625495,1,0,0
251.38515958296557,5,952,0.6133420794532818,0.6171751476390236,0,0,0
272.0267547084257,3,1565,0.07438995006145233,0.08402809876520734,0,0,0
51.21602707863616,1,2413,0.5254046176912482,0.8295552640787399,0,0,0
39.79665069900745,1,934,0.8971397928773193,0.03849460858480713,0,0,0
97.33348413874573,2,1700,0.41618181980470625,0.6907749515759818,0,1,0
213.07327582316384,3,266,0.6661305566796172,0.1413089718906685,0,0,0
103.44710286764806,5,2223,0.773192580662278,0.5473899911407933,0,0,0
18.597060262209034,2,508,0.18502902485707684,0.1273861806784483,0,0,0
40.333224398008326,1,1652,0.8555007409983463,0.9694538741981265,0,0,0
83.5986303351513,7,1388,0.4488211603278853,0.43247591910496896,0,0,0
83.45723923149096,5,251,0.05668859733181686,0.7933020371773577,0,0,0
647.1267482543872,2,486,0.8789033868468696,0.796579369838768,0,1,1
22.51117961528718,2,197,0.5643532106519598,0.12136692388115122,0,1,0
149.24499865110124,2,1299,0.19832175118566953,0.5662498184191258,0,0,0
399.06052947471767,2,1390,0.31745002305805226,0.9991308758364061,0,0,0
872.5759905085813,1,1688,0.5693729643867034,0.3821296333963625,0,0,0
60.07552837357346,3,2303,0.37417403576494657,0.09555109884844515,1,0,0
147.14661235768693,2,1110,0.23338204637711857,0.7643855600734885,1,0,0
159.13618693180914,6,2229,0.4793103928150453,0.5941619195364676,1,1,0
109.45152219569965,6,2197,0.1850457277018831,0.7143899445061038,1,0,0
81.544982357889,2,1362,0.24537917384239327,0.5320509368143053,1,0,0
139.2088591925855,5,1073,0.8267340497478771,0.26907568413721783,0,0,0
7.154588612005101,1,1945,0.22854122072782723,0.4680671673625957,0,0,0
178.05090455662906,3,1063,0.695367451200712,0.5856357291894931,0,0,0
102.1229933126691,5,555,0.2504698132069927,0.23753855556264603,1,0,0
72.06187343315538,2,1230,0.21239836681217839,0.8540744130859778,1,0,0
697.0535211712308,2,226,0.25115555603981354,0.41145508395697605,0,0,0
45.83582456970321,0,2486,0.46829796729066386,0.7152139779805667,0,0,0
60.154966701177756,3,2080,0.1462796745206888,0.9440818583757814,0,0,0
659.5470438440368,5,1457,0.10661253859556374,0.41550222170619466,0,0,0
39.17107904935651,2,2,0.7567406575295275,0.46134922897332875,0,1,1
51.92937991833377,4,1535,0.02330167122277016,0.18361693657346045,0,0,0
77.7092716546263,1,303,0.3854841807630268,0.3761056303632574,0,0,0
208.66591540490995,4,487,0.3960344145352248,0.5291228381359574,0,0,0
110.80839153860073,3,1559,0.8930413433249044,0.2295896170464108,0,1,0
24.714117840729006,5,390,0.77449110109525,0.02613985664825136,0,0,0
52.869755034055125,5,1321,0.510676730727234,0.25778842562093973,0,0,0
49.04045485594762,0,2037,0.4798129869354979,0.6825739704682092,0,0,0
83.32752733416864,1,990,0.5656012996559333,0.8582572471935613,0,0,0
137.80555345882894,3,1249,0.357827825526843,0.13103479482499436,0,0,0
136.75701744966653,3,740,0.7007771887625509,0.6717447929162917,1,0,0
15.240985994257258,6,503,0.6860711712694103,0.3400100937226316,0,0,0
260.84881524610716,0,1586,0.5746546549402163,0.3010826838523659,0,1,0
115.8815844491356,4,2379,0.057692684744887535,0.4327008512870968,0,1,0
359.43453038275067,5,392,0.1268376566302275,0.8706865897971722,0,0,0
140.358284330645,1,1736,0.03927627621125862,0.580617055508799,0,0,0
270.78440689067725,5,2499,0.7185157335689182,0.6406760622369954,0,0,0
143.5301778146674,4,283,0.4775996801328235,0.1144988195691874,0,0,0
345.92630332584747,2,2413,0.9549811694970473,0.12066618817888708,1,0,0
151.75245929229013,7,189,0.9523283675559442,0.5023331824014585,1,1,1
81.62085077698768,2,125,0.7981708184602742,0.7183263345731695,0,0,0
873.4358794809091,2,1815,0.4430489159425893,0.1955360089369338,1,0,0
218.9924210806273,2,940,0.31635039944358245,0.5478023599239328,0,0,0
159.77146029887086,2,487,0.20097421801244886,0.9164342153381356,1,0,0
25.120784807824418,5,936,0.23249492000316319,0.5127395525784784,0,0,0
24.82105742302764,3,1823,0.9903184570247033,0.48071350327181794,0,0,0
120.62848882492854,0,1980,0.530348771956296,0.5852823697451799,0,0,0
104.11761751613064,0,408,0.012253482960895679,0.6924521367312323,0,0,0
48.70966327737201,1,1342,0.04429320337870124,0.30209159912067896,0,0,0
103.64615058617528,5,808,0.4587662161226951,0.33460345134631,0,1,0
440.8157237067481,5,358,0.4434817863476028,0.15654465379494853,1,0,0
180.440750994666,1,273,0.40555872506898205,0.9488246951725395,0,0,0
28.76017133517376,5,1036,0.8236034188483056,0.04751733869213304,0,0,0
80.51883827270233,3,1167,0.7031553532975799,0.4607530999241761,0,0,0
40.24692160786187,5,1191,0.10741714885551079,0.6835678290881373,1,0,0
61.08706145411635,5,269,0.36267889612024384,0.7107792247547741,0,0,0
59.524282251724365,2,2142,0.5966799354577991,0.6263101485938884,1,0,0
55.832403984011215,4,2154,0.38248887910362617,0.34056774861057804,0,1,0
25.658236419018863,1,1811,0.20830533115426808,0.077217235493929,0,0,0
79.22923175039884,2,1737,0.6280529576166575,0.9321132870105966,0,0,0
51.38736695427045,4,1337,0.6022491698084326,0.19045716827712644,0,1,0
4.809298877587092,5,1628,0.9746094408286368,0.908709691100072,0,0,0
701.3254358820692,1,236,0.5610703209655656,0.22547229175270977,0,0,0
267.4064148823017,1,60,0.8742975862461198,0.0705269074169016,0,0,0
61.78738856275601,1,696,0.9491961963639063,0.08359029565685017,0,1,0
91.72720871866123,1,1433,0.43478397476766284,0.3584050655375436,0,0,0
27.89216019324394,1,1384,0.05289370251956904,0.1519730505008211,0,0,0
490.6459939368053,2,948,0.14349439763520966,0.4824479762203454,0,1,0
600.2154624116289,2,2135,0.5039701975286494,0.45381399026717684,0,1,0
105.28739730315354,5,748,0.8929580036382149,0.8362411079261451,1,0,1
250.5179674212733,2,1478,0.6541320694824414,0.6957451209700325,0,0,0
107.26332354325737,5,377,0.20148171662775138,0.6983890760848734,0,0,0
23.6479057950282,4,387,0.701044349731796,0.590720954025267,0,0,0
59.6310630872325,6,1869,0.8942193248033983,0.047412480059619955,0,1,0
102.71189846750998,6,63,0.03022555951180117,0.7472520753082883,0,1,0
57.13702219529313,6,230,0.24281212220685666,0.35855094725971715,0,0,0
72.33779337726239,1,2423,0.1531808246007953,0.8361861179181849,0,0,0
82.1544031943252,2,2286,0.7841030011464557,0.24662054144389822,0,0,0
83.02331750477332,5,2295,0.8914774090720953,0.6701102594882595,0,0,0
94.84637624117109,5,386,0.5545574765511835,0.6037501854366496,0,0,0
31.16809369561441,2,1062,0.8482018678397498,0.11202968821699322,1,0,0
43.94697751919569,5,519,0.6569371629343872,0.13631023585855484,0,0,0
24.913647216175082,4,2408,0.6566995415565662,0.99988673212268,0,1,0
239.32334599564723,3,1101,0.5797081685461087,0.33550130369160236,0,0,0
10.961104567628645,2,1467,0.05001870083667148,0.40748134821150317,0,0,0
285.31400432200746,2,1793,0.9369781052107985,0.8554765514742674,1,0,1
360.08834253024264,2,37,0.3557714268385471,0.6310322396152528,1,0,0
66.54107412576523,2,409,0.8025777051649978,0.6791488638627574,1,0,0
6.664953068847858,3,844,0.8099845704732372,0.6364665809190768,0,0,0
62.72056837062305,6,1487,0.9657612344665172,0.32340241447997087,0,0,0
84.42097069686409,1,554,0.32669963910257693,0.8291912263319496,1,0,0
32.76634036426181,4,2097,0.9973994006167646,0.033741947387208926,0,0,0
53.773544386267545,1,1838,0.30057448109186424,0.36745445132029175,0,0,0
415.7961844036258,2,246,0.4513701649045748,0.9545313669544843,0,0,0
175.02470971051056,4,2,0.7062500328671306,0.3785530548177707,0,1,0
35.71018297906383,2,1015,0.15498862796816748,0.0167848716589708,0,0,0
18.217830829930413,2,1924,0.2663731844634748,0.1920175097514012,0,0,0
64.90876590028613,6,2110,0.7281135073641878,0.9441425860021525,0,0,0
72.71467496612262,4,880,0.9743841547967507,0.8492502753829263,1,0,1
147.85013913650064,1,1872,0.7327987789501219,0.1953976712846187,0,0,0
52.703574861584215,1,342,0.8622987785159838,0.9774997001130997,0,0,0
150.12969822964243,3,2115,0.03748675242208499,0.15887985000554472,0,0,0
623.3786007452985,3,1402,0.577025909420771,0.9923144853068856,0,0,0
203.46642884319004,3,726,0.9140918660793929,0.8445530519582546,0,0,0
85.79077580971452,4,1972,0.6823970414648326,0.9126468591979237,0,0,0
74.95212144466046,0,57,0.6764622913564607,0.13971015973511458,0,0,0
63.01210594697916,3,1310,0.203040205035384,0.30174343269590853,1,1,0
293.13724504013123,3,1480,0.8611411665777489,0.702026717106503,0,1,0
48.07135906111742,2,1747,0.8650453541185853,0.5052547551494462,0,0,0
94.18139991930745,5,193,0.6140070379965981,0.2915971995422848,0,0,0
94.74583657925795,2,1936,0.42661820600273137,0.6954124275365319,0,0,0
54.50082325701805,4,1146,0.8242734646665772,0.7796626476036559,1,0,1
22.817652118094124,3,1896,0.46499568287687676,0.2854209585772244,0,0,0
124.33437433617524,1,2151,0.8226146366911571,0.08582670725961206,0,0,0
84.68987272890446,1,667,0.4849157471599743,0.5743637571826798,0,1,0
148.44885222270574,3,586,0.5797939486402113,0.3965186827236574,1,1,0
52.794113278589435,1,354,0.7480220353927209,0.8777822836703864,1,1,0
305.155443870408,3,2223,0.2649935859246434,0.0450106946264045,0,1,0
37.45822150780726,7,2062,0.24684522763789696,0.6379093427927587,0,0,0
498.717739805516,2,898,0.6678412859851909,0.047481868882464084,0,0,0
15.679646815889503,4,44,0.9539132794088786,0.11325515894283533,0,0,0
139.04116836356394,2,1605,0.44603396524071315,0.3687259348377919,0,0,0
144.81117936439333,2,2086,0.8982023388855779,0.22862199261537952,0,0,0
40.62740878490882,2,524,0.5181871071770481,0.16178636896430276,1,0,0
137.60591862826558,1,1129,0.97393122673762,0.7931241036729945,0,1,1
323.6033928265222,2,1388,0.7920474654495844,0.23225116120967038,0,0,0
9.807831121935923,4,658,0.8595575334077067,0.3646710568737367,1,0,0
148.8210842352889,2,1795,0.6796040275276786,0.9078856779321501,0,0,0
7.4389460559948715,2,2387,0.8684925756669323,0.7855243567178305,0,0,0
34.272222844515426,0,1350,0.5927982783333989,0.5240355458120823,0,0,0
459.0533181682651,1,2024,0.5673367655481328,0.09389531801596718,1,1,0
50.31070948189098,3,1863,0.8737114711523654,0.9454544935356144,0,0,0
27.830151953696173,4,777,0.015066170782723542,0.7091090021909335,1,0,0
73.85193947696827,3,1730,0.4787789030540466,0.03510905126791486,0,1,0
711.8778503262301,4,1664,0.8700739141970102,0.9488122798062977,0,0,0
14.415698015756934,3,756,0.19614952770232064,0.0717301814123803,0,1,0
31.459156591687915,7,559,0.9580093214805603,0.6029952003613295,1,0,0
402.39398995706654,1,320,0.7406017489584513,0.39389328361816756,0,0,0
576.9192700942139,3,303,0.7624224831028694,0.9808887503045668,0,0,0
81.17187139077873,0,1099,0.6654761808140828,0.9230670155374854,0,0,0
26.07422549499633,3,1405,0.4474744082629776,0.5988191096188622,0,0,0
732.0461085567484,4,1322,0.4609564237998338,0.7012126831590033,0,0,0
443.38674012927345,2,305,0.8391081204074896,0.8216332986188951,1,0,1
177.49580729481875,1,2078,0.1391393434292627,0.8203137258298939,0,0,0
39.94876072429132,3,8,0.5220674511643983,0.5991304512659958,0,0,0
85.71009893092503,5,1445,0.30994705867507044,0.2516639579075042,0,0,0
76.67992337967425,6,8,0.9843164085848927,0.3127091435598619,1,0,1
125.31759870778471,4,1775,0.0036929871012066906,0.6656486771457024,1,0,0
384.13783678108064,0,1215,0.0636743402432648,0.6878495198558047,0,0,0
216.89579723548013,4,256,0.9673878667599085,0.3714664875183167,0,0,0
30.64973213957257,2,2281,0.543791746685792,0.8877643991820183,0,1,0
356.5578326142813,2,2425,0.13853511401569685,0.4000645782208718,1,1,0
123.11663277345549,2,698,0.4486402908274818,0.6984996198082063,1,0,0
178.942727377645,3,839,0.3226575429188878,0.20939661853965164,0,1,0
390.15373715388074,3,1924,0.9112081489038877,0.3530822308672853,0,0,0
29.619109684958868,4,1637,0.6875793126323068,0.5460720762587526,1,0,0
86.84929900229685,1,430,0.13051885746507552,0.037634375884522564,0,0,0
52.90751814136654,1,1046,0.5364456180285438,0.0419079039859912,0,0,0
18.767761323670886,2,1735,0.13446017235515506,0.2698261533410784,0,0,0
127.32081169190906,3,1293,0.6652306365047368,0.8277701064406471,0,0,0
1109.3799688137153,3,1706,0.7272272850684108,0.21650126821720272,0,0,0
14.295177683951277,5,2061,0.5621600717286163,0.8858798974964764,0,1,0
87.1577233124024,3,994,0.9659558101159786,0.7160614529442344,0,1,0
170.80848106598435,0,1221,0.9443344509903397,0.6889212567803727,1,0,0
101.80693256559009,5,1631,0.20591561991494467,0.6741184094095828,1,0,0
80.3885656256342,1,267,0.00032938550579053594,0.9763102725994259,1,1,0
24.55176231905093,2,1855,0.6627488177467113,0.6336827645847216,0,0,0
113.61172828917783,5,1212,0.4756415572962799,0.6492762286958549,0,0,0
42.234440888518684,4,303,0.334658524223597,0.45339921214703705,0,1,0
10.075213463187486,1,2052,0.9168897562438991,0.8723068468037862,0,0,0
297.25555415114843,4,1799,0.9785077669834835,0.05740413397824906,0,0,0
234.7182408851987,10,2079,0.9305772691468253,0.3443043761274718,0,0,1
94.78972116483136,3,1654,0.500195258050751,0.28666276077783404,0,0,0
113.1907771155596,3,1745,0.7033566627405918,0.3979581658744583,0,0,0
263.56974311561424,7,2250,0.17157361255489334,0.47991052849206195,0,0,0
112.65608212640093,4,542,0.9508565916598374,0.9560878618188265,0,0,0
222.29771783349034,2,2205,0.28367668851931227,0.924485883492399,1,0,0
66.85444537719982,5,1745,0.19273934187728903,0.6112656079252813,0,0,0
334.28159566956936,3,1067,0.060158566290676396,0.019871828030181615,0,0,0
124.06253164229032,2,2454,0.5503713200367569,0.5556341492804987,1,1,0
109.29514155065925,5,688,0.9484637905039759,0.06848711134597218,1,0,0
25.278112716446664,3,1384,0.1355882507011794,0.3597310741503713,1,0,0
119.9357106098698,5,2480,0.12083030227828206,0.30447951901819825,0,1,0
39.17524657854723,4,1904,0.27259763222623157,0.6480811225612062,0,0,0
47.54693238598449,2,2198,0.665393892983078,0.017878802330998034,0,0,0
39.830158304264266,3,319,0.5478135063785179,0.7887040045253503,0,0,0
30.993114536868745,2,487,0.09620696028024611,0.8264212718774478,1,0,0
753.5319377369696,4,977,0.44230024148031266,0.032348792490752065,1,1,0
340.81474572392875,3,2051,0.0669322863831544,0.0818125906105499,0,1,0
614.2288030546184,2,1361,0.8519034785911834,0.9206816307957012,1,0,1
26.49894657842312,3,936,0.10711177922842285,0.6159828827730218,1,0,0
96.66522785189457,2,2387,0.47129831178308756,0.9603486196737527,0,0,0
24.692322733074082,3,764,0.510463581618413,0.45759817411299486,1,1,0
44.89404342480121,2,1909,0.5301262722627971,0.19063476562504045,0,1,0
35.94079554889955,3,911,0.6091549145884159,0.3701759756881048,0,0,0
310.9350371013813,4,2355,0.7015824208841358,0.9289918956112903,1,1,0
60.56821932301442,2,1690,0.004358006633203626,0.11530767612429449,0,0,0
262.0091256013461,0,901,0.030914367390173392,0.8922049710287508,0,0,0
164.69921807294708,0,1198,0.6115513959505868,0.5297432319695299,1,0,0
901.120286569921,1,24,0.18214204363962405,0.07005348580936521,0,0,0
20.502683435290777,2,1026,0.831845114102642,0.39975937371280634,0,0,0
317.1050921095808,1,1188,0.6275116489447843,0.2432491637805182,0,0,0
283.2814341361309,1,1581,0.9804007286875784,0.5752808915870917,0,0,0
34.00886282507281,4,1008,0.7280042903923111,0.15244969740680714,0,0,0
246.44364249065268,0,1375,0.09071441239125932,0.9412712073703574,0,0,0
125.98274624684387,3,1118,0.1709759425423144,0.21127842698051436,0,1,0
71.70236559704418,3,204,0.046548897257781996,0.6329254427939296,0,0,0
39.49067282566737,1,37,0.7411758656168012,0.8312502240247974,0,0,0
43.85507942794418,2,853,0.12682328497574546,0.5958967124088339,1,0,0
699.11279523264,2,634,0.663767493511971,0.6555637713652582,1,1,0
90.07861769392056,0,1253,0.5553977442655624,0.409321511798737,0,0,0
196.78858925935677,3,419,0.6332976406184917,0.10184053808980476,0,1,0
40.817079880462074,3,1517,0.5086698980929099,0.1313273583830893,1,0,0
41.27046263986554,3,1764,0.013028710900172324,0.702159628431564,1,1,0
265.59824482741874,3,885,0.2532180757312127,0.7972435834871915,0,0,0
23.34595623138037,1,328,0.8849818367288179,0.8422936488339888,0,0,0
59.42923233077946,3,1179,0.9292685681600968,0.36273614277158117,0,0,0
93.13289122276406,4,1031,0.09720978834524474,0.968854471290267,1,0,0
100.62216906626864,2,2052,0.9526286984462449,0.6416166124708796,1,0,0
75.25683386474466,2,728,0.6705260517735092,0.15356328824938725,0,0,0
133.72959068134264,7,776,0.9225575736694808,0.0673378872334911,1,0,0
179.98180380675646,1,2093,0.40116393808125406,0.544900533373521,0,0,0
187.66107540699446,10,2253,0.1017450425623776,0.7410740436698791,0,1,0
33.58891800653762,1,1225,0.30245326393389715,0.018063815375064074,1,0,0
67.75138498075293,0,2298,0.6896815171974493,0.022566495633022043,0,0,0
297.30628257218996,3,1236,0.7952214988989144,0.5782934995680952,0,0,0
220.22443547111638,3,686,0.050122282917060335,0.9898789658405199,0,0,0
22.808665932812094,3,2339,0.48695167008826723,0.7375334074310262,0,0,0
127.92957284541858,3,1985,0.06436670219341911,0.15156368094596673,0,1,0
12.450673908283584,4,2026,0.8636133042274214,0.08720386206145381,0,0,0
94.34279478882583,1,1553,0.4763388247760757,0.8143341511631191,1,0,0
600.5026273289238,3,2380,0.9148218262530924,0.8097772527999778,0,1,1
34.886756341390836,5,430,0.07857881289668367,0.45683716640594796,0,0,0
39.08258434165318,2,1195,0.3304699847762844,0.03574306591394094,0,1,0
193.25871463234247,3,378,0.676538433113228,0.7662564391807831,0,1,0
19.243983853389132,2,847,0.29358608101999517,0.4119488586536739,0,0,0
47.810485153334476,1,206,0.8415585403609813,0.8163938812429258,1,0,1
163.43921337700377,2,1627,0.9868336982692311,0.14410500800086945,1,1,1
47.73735200247287,5,1161,0.28121959931021756,0.4632531506397112,0,0,0
71.09592437898276,3,1749,0.36107786454376267,0.5263884483182639,0,0,0
189.4614758740726,1,2051,0.9673455396527073,0.36962305176242405,0,0,0
137.21459449936518,1,514,0.3580611065980617,0.9899370944376974,0,0,0
117.54466585594008,5,1391,0.5559865133236718,0.76289209982308,1,1,0
64.12778419089315,2,797,0.7692416662343887,0.8301476182117954,0,0,0
130.32888173772966,3,900,0.43834475436575493,0.24106612492330637,0,1,0
79.54057906290822,5,1779,0.37260794912590933,0.3846673228725954,1,0,0
142.2812325550008,0,1407,0.4955883460675484,0.11077460413201878,0,0,0
54.765913000747524,5,2022,0.779519883038184,0.9983099563941763,0,0,0
74.99571852852242,3,2312,0.312162277216244,0.2576027330268573,1,0,0
33.44967957976157,1,554,0.3508074971185079,0.1005836083926892,0,0,0
86.92036807269244,2,1417,0.18913930380410493,0.2052205694187038,0,1,0
40.00478757677704,3,494,0.7016175000827763,0.5715564656701823,0,0,0
29.546153017315827,4,2493,0.8994504690301148,0.3356683724402585,0,0,0
116.58972495404329,4,852,0.1857399208999585,0.16395995125413754,1,0,0
111.35683511265427,3,2042,0.034589537063794196,0.4683212695789757,1,0,0
196.93500194855156,2,809,0.38127065826725703,0.6704679658272268,0,0,0
58.49108973558474,1,460,0.41015476497902414,0.6647762758764215,0,1,0
135.3755606588355,6,1590,0.6458635267811959,0.014745514460629106,0,0,0
156.14695331595823,5,672,0.08559099898817846,0.7554116114616857,1,1,0
140.4390810382713,0,1579,0.8214984056997537,0.24116196770088083,0,1,0
39.42287837503853,1,581,0.5739868071366728,0.9221739949143545,0,0,0
104.51843656168792,3,1124,0.5459709187588837,0.1384793089652835,0,0,0
129.55950789986318,5,716,0.3163630337149902,0.3994463878814558,1,0,0
90.6656411671912,1,208,0.3652675131337638,0.3122106271300763,1,0,0
11.173247909986193,3,1296,0.0554272505342468,0.4913667306122531,0,0,0
105.68781677917009,5,1941,0.7537547775628731,0.3135825218563897,0,0,0
822.6501666397711,1,2209,0.6047365634255444,0.7712381156349736,0,0,0
62.80035530888982,3,666,0.9764285075354048,0.38197552610384367,1,0,0
43.46356070702814,2,899,0.35356177260529964,0.3501322320330831,1,0,0
130.75803571912445,5,89,0.66624371555632,0.9712398236229182,0,0,0
123.02384648788791,4,340,0.9195452971418061,0.4034532645884652,0,0,0
296.70404645768974,1,1780,0.7116808890859052,0.1300309176192459,0,0,0
25.588213724744985,6,1785,0.04031052469545604,0.2680039479156756,0,0,0
187.05080277932834,2,1700,0.6322368025455855,0.7234204242928864,1,1,0
162.45841498764344,2,2219,0.5453910142844713,0.26185532099328857,1,0,0
78.08933275385523,4,417,0.4993133382968047,0.6804915609699731,0,1,0
126.30344659281647,1,436,0.5530439676251472,0.9148270247442535,0,0,0
252.00715541149262,3,2248,0.4605658268385673,0.3741032510102609,1,0,0
215.36093328010688,3,1899,0.691832232643723,0.19264761426681243,0,0,0
28.702398420322773,3,2482,0.014912902800988559,0.7167997064858668,0,0,0
204.41621537342257,3,379,0.18855971253790316,0.43778709630635393,0,0,0
84.37839580558065,4,830,0.3653856287669277,0.046148370315939435,0,0,0
96.82198613782535,4,1773,0.45266727027802556,0.5784542389724903,0,0,0
96.85325432592481,3,1172,0.1304863480022852,0.5804708493856463,0,0,0
77.45963881378037,3,1824,0.8201459775572799,0.6817061138907085,0,0,0
296.3992897331245,4,816,0.9293913714280669,0.735265734178962,0,0,0
82.78791032398898,3,1243,0.751215489361119,0.6456223027724882,0,0,0
29.384104698301208,2,2225,0.928818048328722,0.3383050701447038,0,0,0
60.73196368290221,3,1490,0.7432213725850382,0.8353809048927355,1,0,0
107.6294938748034,3,794,0.44105601880441614,0.9352775268886337,0,0,0
307.7275409883459,2,890,0.3931329733617922,0.3021004849365577,0,0,0
164.53028966359165,3,1308,0.16639938189634784,0.2818324401529899,0,0,0
38.45407688895797,3,1857,0.08644704102927125,0.5130043943900414,0,0,0
1080.5116054231978,4,887,0.2196182820450555,0.9857673452535337,0,0,0
117.30475723533084,7,2458,0.5321357322342294,0.16336216956159721,1,1,0
322.2703333853868,3,2054,0.1349471511130188,0.49494928351478196,0,0,0
77.34574504741066,4,2490,0.9511635460355795,0.19421406066796543,1,0,0
153.4476159640323,3,2094,0.2185024570514542,0.4098905134622306,0,0,0
208.40191617161707,4,217,0.8336313953259302,0.3788689810674819,1,1,1
304.354978237153,4,1233,0.8188189628567579,0.5708831682419766,0,0,0
259.139960915876,2,346,0.14120383088838317,0.03463572594915343,0,1,0
215.33544037136923,3,1429,0.7107428476207258,0.8072534649981493,0,0,0
65.68780348803396,3,2073,0.8241138369017904,0.7093387234269121,0,0,0
50.818169504287894,1,1376,0.8842873617776824,0.999841805418544,0,0,0
125.53787555914181,1,1149,0.9539796041816507,0.2557418891020542,0,0,0
228.8640301345545,2,1087,0.9301034644560212,0.8677991857774149,0,0,0
72.04416251333411,2,339,0.3111370575201575,0.6103516181170933,0,0,0
261.1701121532142,4,322,0.26765594662790737,0.23098821461208086,1,0,0
384.7588388737029,2,163,0.39753041629399055,0.2957171478225058,0,0,0
36.00576559058256,2,336,0.4650062681694699,0.020399481204735892,1,0,0
38.981192889057795,3,1267,0.23388501692302288,0.34354116642063603,0,0,0
78.22778889140827,2,1330,0.0860831960242705,0.899418141071708,1,0,0
122.43896588983837,1,1176,0.6565864228867218,0.07523530326584404,0,0,0
53.2731784655674,3,1119,0.17424078418516764,0.928084061911629,0,0,0
348.0000692842559,2,2026,0.9148996820600946,0.37960531515987284,0,0,0
137.5609183473507,2,407,0.2876848031080289,0.7408658295749664,0,0,0
93.63900794732737,2,2385,0.19768624090296982,0.6585456940734743,1,0,0
21.414975695362305,5,97,0.19415815241276424,0.6724809574891139,0,0,0
24.147580375115982,2,2404,0.2894684938299962,0.5483433834959343,0,0,0
119.22461682309233,2,2488,0.6121657893283152,0.46430515226543667,1,1,0
10.66966185738927,3,2367,0.9783169891345941,0.9282739608318842,0,0,0
247.8038261728083,3,917,0.486268544486377,0.6800363782565412,0,0,0
76.84928419500396,4,2131,0.5996779840935992,0.6146099910789216,0,0,0
2305.5924937843697,3,1736,0.8425993873431928,0.41824425341360805,1,0,0
904.9830829172637,4,1434,0.33403744464768104,0.22507928523273235,0,0,0
75.07975366548997,3,2153,0.17987667252187922,0.0018201576980445555,1,0,0
80.93634629068544,1,179,0.43362698607768524,0.9807191576730977,0,0,0
243.61314943619578,3,1596,0.3186926721780923,0.7563737426840272,1,1,0
494.3148240840962,3,2386,0.8661297081274232,0.9939909986211762,0,1,1
17.495976541195507,1,206,0.9779398462651449,0.7701925422608521,0,0,0
15.083848485739933,3,2258,0.6883167908272814,0.04552622729191047,0,0,0
48.325781390215155,2,741,0.6537607598576437,0.4440875873831013,0,0,0
161.21479127849793,0,860,0.7142211706120548,0.11678281666035517,1,0,0
147.94988336534695,0,634,0.46766584098217234,0.8012696394074816,0,0,0
262.37412808814474,2,1660,0.6287945159136064,0.18598189897051298,0,1,0
27.120840965253407,4,353,0.07126100090509868,0.6576623735834077,0,0,0
8.880484683867065,2,1414,0.4934488829933976,0.6585453100122807,1,1,0
212.3029354059733,4,647,0.332366620364676,0.6388849567785164,0,0,0
39.322769474166364,1,1724,0.05318034407789263,0.8783545072314064,0,0,0
11.959334888077539,3,1469,0.5447763078255985,0.7257498218146665,1,0,0
104.0699996159415,3,1669,0.36025647704304053,0.3274892802897742,0,0,0
198.97430349455698,0,1126,0.5906138548140859,0.3147928154515879,0,0,0
79.67396483528849,1,161,0.5131800682783431,0.022293375955976802,0,0,0
56.9487427813673,4,1381,0.27621965639861645,0.9082856781172965,0,0,0
76.75647654468195,3,1829,0.5399834549454068,0.10347700280307714,0,0,0
62.14169853524983,1,143,0.3787741116179151,0.4791213014775967,1,0,0
23.38168183102001,1,1437,0.9211160759038471,0.5085002873606475,0,0,0
44.04973440693676,4,1283,0.3756333024616627,0.4478421154450042,1,0,0
151.60521995158607,3,1640,0.0401499118785954,0.5742825986493862,0,0,0
124.17334604758476,6,813,0.763572752843797,0.7292534462319044,0,1,0
106.49092880339076,5,99,0.9636833892328491,0.196235032686933,0,0,0
33.27650252879493,3,216,0.16938382010014985,0.07369846457348228,0,0,0
75.07569249461383,3,1779,0.9727833706774782,0.8574202117664125,1,0,1
10.20558330686888,2,2486,0.6171938571917664,0.4947812608622332,1,0,0
107.6060275073865,2,2451,0.8473858214424838,0.12735711089738244,1,1,1
375.72508077840746,1,2061,0.4728953357555342,0.6720730018620997,0,0,0
20.611885345902266,0,2361,0.6225215814321868,0.2230777421837724,0,1,0
50.10257112740318,6,235,0.8410578614904983,0.08182637527165926,0,0,0
125.09916949353851,1,1865,0.9828000446653082,0.2825716301495371,0,0,0
315.0850600969924,4,243,0.18479728353182978,0.2968950020534672,0,0,0
57.499450066681206,4,1760,0.8987466204921969,0.8684368676226657,0,1,1
45.04894974716553,1,2389,0.6672718993531391,0.3073504963796617,0,1,0
12.5670317562322,5,1248,0.9468611402096775,0.7802628243179293,0,0,0
99.82694424645268,2,2233,0.3181068064158763,0.5772327240599737,0,0,0
693.7252856541264,4,686,0.24259394053333128,0.09469645096576851,0,0,0
118.7901465469452,1,1121,0.36552346141416014,0.15646607349385977,0,1,0
88.03381665362137,3,321,0.8844993054390824,0.0801156469184221,0,1,0
124.22349356716829,8,1841,0.45963269955759667,0.4014881011407764,0,0,0
89.02417802595942,4,127,0.9514756795289776,0.9698888252946599,0,0,0
39.92431863134311,0,900,0.24234009458340333,0.18079714340483033,0,0,0
205.05534445996588,4,2263,0.22054217818953858,0.3420970761507992,0,0,0
112.81637794947109,6,1074,0.6784056801579683,0.8200142494000602,0,0,0
91.61667090806925,2,2316,0.29166335583660785,0.8757893355458805,0,0,0
33.941347883121836,4,83,0.12915484011103096,0.7353771763427658,0,0,0
331.460262927223,1,2292,0.3759383302212811,0.46708466392748405,1,0,0
174.98543560277483,1,225,0.26616577114693674,0.6488747359975874,0,1,0
51.78389339702302,2,2159,0.4129813748843786,0.45003523440955895,0,1,0
245.13886690889117,2,390,0.18651099590856213,0.8486150012122804,1,0,0
54.73093898105399,4,2372,0.9569829005282904,0.409871428979229,0,0,0
41.18180396603407,3,23,0.8016489524888096,0.8177940773285501,1,0,1
42.11049017781778,1,156,0.840901264225482,0.5856755329866922,0,0,0
15.316511766604572,5,98,0.29779129111871916,0.521238210104053,1,0,0
144.24920302527866,6,304,0.8567586991614494,0.6564839254003796,0,0,0
14.423446644825974,3,2210,0.5907839253217934,0.2921190343756469,0,0,0
26.352316102013877,3,2020,0.056731336833330204,0.39216249904054734,0,0,0
11.295585559289803,3,604,0.15326143831443062,0.80504404542318,0,0,0
82.59344402413582,5,1466,0.44596258529273247,0.3839796124709831,0,0,0
77.45363813385976,2,674,0.3937849733990898,0.6535945173349046,0,1,0
64.92961173880097,3,1081,0.7952785332421647,0.6635485742079565,0,0,0
31.73506767721254,4,541,0.8736694109307435,0.8697375145470738,0,0,0
27.876003985908337,3,1741,0.8649304735853669,0.443673192025833,1,1,1
143.2182747776566,3,2484,0.3752891175125075,0.9025294329520773,1,1,0
51.90670996812752,3,2402,0.6357745531108542,0.9930688433455097,0,0,0
123.51447078303339,0,1491,0.49709124529944515,0.16919886593002664,0,1,0
37.14210805013196,0,1544,0.8889192502134443,0.715418873175051,0,1,0
107.88466531748577,3,1628,0.888971914878614,0.6983614774573123,0,0,0
331.3840707548854,6,670,0.05387224922108569,0.45614395150903975,0,0,0
161.76841903779484,6,343,0.5721401494425818,0.3038198580047856,0,0,0
59.595864363140365,2,84,0.5034662971479918,0.02724243115507341,0,0,0
116.41937465308585,5,849,0.7703921536557653,0.6362208719472954,0,0,0
70.76289811851711,2,2458,0.19580806075244428,0.315708463936345,0,0,0
90.7292851877076,3,1977,0.6949982998510907,0.5521910103734762,1,1,0
65.00010906722235,0,2081,0.738609701068762,0.12213546420725618,0,0,0
76.37571614292764,2,1870,0.026746015535549228,0.04427226180624988,1,1,0
111.28487477824636,4,1744,0.43126830304929675,0.8023855585696075,0,0,0
33.336113552540084,3,789,0.9789465501714981,0.12293865138930615,0,0,0
32.59377023449883,6,2019,0.3006045131810072,0.1373715950083889,0,0,0
22.45374569040458,4,384,0.8845321965119314,0.5705898057511117,0,0,0
18.16921894460048,4,1926,0.5868900136284286,0.731108249410294,1,0,0
26.648085457292243,5,215,0.29654428922701526,0.007991533945599039,0,0,0
105.57931873760414,5,858,0.8359870846897018,0.44212473571186184,0,0,0
36.86315285417439,0,1225,0.9906617083586978,0.6312510489729758,1,0,0
150.44754184085792,4,2445,0.7420058250690906,0.7380844735817883,0,0,0
93.19683377587003,2,684,0.06129392175991111,0.9479021945217475,0,0,0
12.572297552923104,3,2255,0.05241060128352648,0.01611973898154584,0,0,0
173.29157565853828,5,1312,0.49155553939166263,0.8986285115105218,0,0,0
202.51189905622118,2,571,0.006066926527528271,0.9666844835828537,0,1,0
33.31931720910788,3,1617,0.675948439724658,0.8657660532215287,0,0,0
137.02885757700324,2,2477,0.016302323901458138,0.9488844002895259,0,0,0
38.225459114657326,6,1975,0.9730650610326811,0.11853633313662215,0,0,0
99.25282441540506,1,2013,0.8806324822894233,0.9922476026415158,0,1,1
25.41911863483208,2,1853,0.8153783611422729,0.7652161072577774,0,0,0
14.982660225438016,3,552,0.812412162934613,0.06948562437431527,0,0,0
61.386062261529325,4,82,0.8343750873565378,0.6788902173718401,0,0,0
79.54087605405896,1,113,0.4342559810400465,0.7031254266423537,0,0,0
60.48045810834885,2,601,0.7918566588939288,0.6293514544638996,0,0,0
27.549088280304368,2,1548,0.36715031265860953,0.8746761749922699,0,0,0
60.346378524796066,2,2046,0.848386363422485,0.7487641523135667,0,0,0
117.83610903768148,3,1940,0.6179662107936346,0.1617269127369182,1,0,0
86.06535675341784,3,1113,0.3583450249803857,0.2501982738172671,1,0,0
108.03994616095864,0,1391,0.745473165746034,0.46342163585899765,0,0,0
46.05723211452634,5,216,0.24282428472094308,0.39481419818926966,0,0,0
290.5332172111939,4,1585,0.964663938775337,0.6629846226368886,0,0,0
27.766400189594133,4,270,0.6647451562547616,0.13642507369832457,1,0,0
146.57837921365868,0,825,0.4012020783489809,0.35430517471823897,0,0,0
293.5039486851085,3,572,0.5507281840389623,0.24280700208102057,0,0,0
145.60654588434718,4,1480,0.7375681506411857,0.2936361679322813,0,0,0
73.51399328553947,2,2385,0.7973221484639634,0.7108399175678712,0,1,0
53.074837895806795,1,299,0.9749586973623253,0.08047551365622296,0,0,0
253.6835568255793,2,1238,0.20895744014307993,0.8873457173733841,0,0,0
21.693768962740076,4,2112,0.5044386771057122,0.641042001456385,0,0,0
34.11972762102069,3,770,0.09145770313675883,0.41165504558227295,1,0,0
60.48783282666072,2,1513,0.0822741247495945,0.4857716204532778,0,0,0
310.33543395668636,2,328,0.10433262641843233,0.6981905763977807,0,0,0
131.6000812169228,3,1410,0.2595037521011545,0.7307552193639375,0,0,0
34.190719291265985,2,614,0.696334564390822,0.8047061157505149,0,0,0
66.00247851738938,3,2012,0.8611346423084097,0.26365671144463865,0,0,0
48.699894117313455,1,418,0.43599561802837294,0.8578581090575471,0,0,0
44.26573970546881,5,2360,0.5552032375636657,0.8305981498595132,0,1,0
239.58051947075927,1,1484,0.2063670016389776,0.8550845343645931,1,1,0
22.83414197043353,3,370,0.79108120904473,0.08082862019686854,0,0,0
449.79002184155644,3,2053,0.8883541130921724,0.14361947386470209,0,1,0
206.07283828156542,2,109,0.48559681795676923,0.624761399380201,0,1,0
267.9664190489384,2,1916,0.16087427405049182,0.9529949936684794,0,0,0
56.65954635762659,3,183,0.005101654235748709,0.10991872622553656,0,1,0
77.48305605603345,4,1655,0.5364111560134608,0.7388546133600419,0,0,0
21.474113478865686,3,1719,0.4976358331878987,0.13611562893756912,0,0,0
53.268096803667376,0,1109,0.9258086430089058,0.9504672596362653,0,0,0
147.47443631535015,2,1198,0.03648430154369087,0.8001159955290442,1,0,0
329.001747328912,1,564,0.1489515272559142,0.288366056626852,0,0,0
29.750418026312687,1,1982,0.19768658670942818,0.047598370809305846,0,0,0
62.457983271600284,3,644,0.5471246276201549,0.4366462251310922,0,0,0
77.37786670111878,2,184,0.2847362203061231,0.5250727952342371,0,0,0
22.291619436458696,2,1291,0.20567901933653399,0.5270734938079544,1,0,0
162.60911311459483,3,2226,0.5144154655729241,0.8519002857293334,1,1,0
43.64154956575589,2,1687,0.04065319508463805,0.980900047940369,1,0,0
74.04030808979397,3,286,0.9752423824163379,0.43191805465585,1,0,0
57.28567704066686,3,123,0.8610186169354409,0.16379436146991733,0,0,0
40.88084002660432,2,2045,0.2719613318730726,0.3769693851459637,0,0,0
89.38519053795228,4,88,0.3361701799561827,0.712129301679043,1,1,0
72.5583032495958,2,537,0.24589817927279733,0.5836680789838569,0,1,0
62.06251091778418,3,542,0.9283990550923642,0.08678941332769852,0,0,0
43.44685114523419,2,679,0.6531971720052421,0.20994287742418383,0,0,0
123.90618055226805,2,892,0.5211788083227265,0.6935246549872146,0,0,0
470.41593361531045,2,1931,0.5085996135422003,0.6980761060301379,0,0,0
103.53267183951229,3,1609,0.16592063543050417,0.6090237964785313,0,0,0
243.74393192736832,3,420,0.9626464818870185,0.2940369466666751,0,0,0
22.41606915911297,3,1747,0.9145974382688958,0.16325515514967803,0,0,0
105.39987385593335,2,692,0.9524210530745862,0.22881564556753287,0,0,0
30.043059853982037,3,517,0.290932207175958,0.8075567370416568,0,0,0
20.554400874022438,1,714,0.476648527416226,0.4885662504015833,1,0,0
42.9754315258329,4,1280,0.5189261669733725,0.35120053757427117,1,0,0
296.4561556288434,4,654,0.4896746770185735,0.13591111673060818,0,0,0
232.76185018893602,2,916,0.01918949452981289,0.3925766980759502,0,0,0
114.77856174377986,1,1964,0.8331492970987455,0.4177954375037076,0,0,0
19.439351513368432,3,2039,0.7465455108557425,0.8860289523165497,1,0,0
73.97441932262934,3,100,0.47479820447414567,0.9401137373299499,0,0,0
121.71716199410312,2,1305,0.26740193268440937,0.8394478168194807,0,0,0
107.29008378600632,4,2217,0.634976913152788,0.3881775413402043,0,0,0
14.24215767347545,4,325,0.13829209719592062,0.5591729149545808,0,0,0
36.95430509522645,2,1257,0.9972777119976494,0.84118222148587,0,0,0
84.4299533245654,4,1115,0.12534003520558434,0.050453112625053254,0,0,0
153.89813300000023,3,908,0.058454410994079775,0.5328325066918068,0,1,0
10.012879145565494,1,28,0.612408734617057,0.39863195614161895,0,0,0
76.54478730746709,4,2092,0.4634115723733473,0.38103252418123146,1,0,0
103.86051218298714,0,1621,0.7190004955274898,0.3500901224846148,0,0,0
210.5265952803173,5,811,0.12796724806440563,0.6404638016261329,0,0,0
179.98213288931962,1,2359,0.36374571628269536,0.4173258099047934,0,0,0
161.18798923176217,4,1916,0.5010333621320863,0.3221682388109741,0,0,0
40.449710775183725,2,1397,0.4469912871134172,0.566300376317086,0,0,0
13.356429279360471,1,2345,0.5830335647490293,0.3731305337423523,0,0,0
60.76094574958237,5,1068,0.10175016655989477,0.03469218498477766,0,0,0
245.09155269428862,3,11,0.503724625954098,0.41763030016635894,0,0,0
362.65592782199553,2,787,0.5547668564471911,0.19608966655108584,0,1,0
183.19462316948608,2,381,0.8810221469771565,0.09991366518359457,0,0,0
138.28832577807202,7,1852,0.5710761853351406,0.8725983829574887,1,0,0
131.58323910895317,4,923,0.547295515030715,0.6918242388671466,1,0,0
51.618557703084306,2,505,0.8120778181658336,0.38088845632374524,0,1,0
79.03886602178953,0,199,0.06499750417711836,0.9852737054142118,0,0,0
477.7413732056556,2,1493,0.6479621592517304,0.3671958075449472,0,0,0
35.07336442843754,1,1145,0.8118044405706597,0.24445897777021508,0,0,0
452.49593999358063,2,1432,0.09459571089711694,0.4735075250300854,0,1,0
65.2334155126437,3,732,0.8115724647444749,0.9455624586211774,0,0,0
338.8075032553449,3,1782,0.7871559270620959,0.6639849439544718,0,0,0
22.047186348372644,3,1922,0.0009431290653613145,0.7305931415886754,1,0,0
161.726106078998,4,2143,0.24615711990030809,0.1652919762185563,0,0,0
43.08736781677503,1,268,0.15125821769655157,0.04014600973807325,0,1,0
21.861624812038993,4,193,0.5113378386940656,0.5371289176449957,0,0,0
112.00393923424858,4,2492,0.9140066077768623,0.3303283376026498,0,0,0
247.0206134962003,2,1082,0.6027064388734482,0.042657906720581784,0,0,0
38.669785605889146,4,989,0.6018029971040488,0.8961562423126118,0,0,0
20.1053116136773,6,94,0.12284863608136731,0.02510267584954251,0,0,0
82.11783563391795,6,298,0.666379310336091,0.01265495852029952,0,0,0
82.48072842650073,2,513,0.8883205791460275,0.29916917000958265,0,1,0
155.7605087893997,2,909,0.4293476284549782,0.4972541800821906,0,0,0
232.66381820897564,0,2254,0.6817679133510413,0.45079590758110066,0,0,0
84.82453414723221,3,2026,0.29493111365723,0.3599776654864024,0,1,0
575.6520019268586,1,1217,0.2688992128147025,0.8637782567577894,0,0,0
112.64426374411845,5,224,0.18509304266299964,0.29758533532229914,0,0,0
63.66108682165568,5,2086,0.2415027343535362,0.6527897507983714,1,0,0
17.965129713727098,3,448,0.3427584571348776,0.39860792044162585,0,0,0
69.22350549177348,2,820,0.5667280897321203,0.3886747302935323,1,0,0
64.30343521286163,3,1007,0.7806546460709404,0.9328090984939429,0,1,1
235.16909210744407,4,111,0.28956314386766824,0.6974472801239913,0,0,0
142.94838543154336,2,2041,0.1681116167259663,0.5382062486372204,1,1,0
27.67780638098977,3,2300,0.4497627468874644,0.17462098096383538,0,0,0
106.93855170967208,2,364,0.7895146921434164,0.1375924958251198,0,0,0
176.1843996302452,2,667,0.38933237092504314,0.19364766461129956,0,0,0
414.8974409250266,1,2146,0.9132744823610466,0.6269365664954317,0,0,0
218.65692903101757,1,1725,0.2479146835476813,0.05601867749477585,0,0,0
192.6445255888362,5,1021,0.7583138803151575,0.46409934239193495,0,0,0
95.59169984806383,2,259,0.46775844328907423,0.4597496265170642,0,1,0
132.7293384468366,5,2129,0.10712590954438828,0.9178048836993432,0,0,0
314.03514321302833,2,859,0.2810723180750422,0.36992286837399724,0,0,0
23.741453249142445,1,2407,0.8582233287922856,0.8965946635824124,0,0,0
63.46957598783862,5,2414,0.005888231791022935,0.6150816437323074,0,0,0
41.57218239828114,4,1119,0.7563416871141964,0.3900980442327494,1,0,0
131.51923553147063,3,1513,0.8114065259846774,0.5265824322520068,1,0,0
308.03769925159077,1,1757,0.11983749881476835,0.09422402652102935,1,0,0
49.55215311829899,6,704,0.9621894680894134,0.8896195839528449,0,0,0
8.245731170317493,2,1594,0.8722907416525317,0.6314971682257399,0,0,0
59.60737183776024,3,2091,0.17853129986939797,0.43561121595654073,0,0,0
224.40977471085702,0,1182,0.2414570119821008,0.7757378713126748,0,0,0
154.10433961323182,3,2283,0.8184579119209288,0.4044912351341414,0,1,0
138.1287536722672,4,1875,0.5463732219994227,0.4609859077823657,1,1,0
68.0339399877632,4,895,0.9225679835627042,0.42202499704429564,1,0,0
25.05239079212827,4,957,0.9791410223743526,0.9965518238014319,0,0,0
150.7004846507764,0,1436,0.34344114128056724,0.7701814443885253,0,0,0
39.084195963105316,4,394,0.09697202380226488,0.9287896048629495,0,0,0
799.5881106394604,5,1168,0.7035148870119956,0.379646537960614,0,0,0
159.25508237003092,3,927,0.9231207033316555,0.4901687191028684,1,0,0
50.36778063026488,2,2058,0.16487792882166852,0.20135774669434225,0,0,0
48.843179752040676,3,2378,0.9853854757063916,0.010132470411118533,0,0,0
82.02760142633296,5,1180,0.19586982510302298,0.1947756126610024,0,0,0
70.84526113246343,0,530,0.08627559730870926,0.9289262613751649,0,0,0
275.01723695261245,4,960,0.4956979790668712,0.4563718285243852,0,0,0
108.46376670019981,1,2318,0.805572610792453,0.13084567440421957,1,0,0
43.3093376160757,6,264,0.35437517345556435,0.4525729706791154,0,0,0
596.1192227048494,3,478,0.3318410888204324,0.7927361443890442,0,0,0
94.56697669203137,4,356,0.19711131648760982,0.5007955755922623,0,0,0
194.1905077576785,1,2250,0.9860792012600816,0.9368243524869729,0,0,0
48.99770658145888,4,2185,0.3418653604698775,0.8983616762113596,0,0,0
129.42682036980426,6,1071,0.6664706352388459,0.47324917536335465,0,0,0
122.86792416128812,2,63,0.132381033989442,0.08295795576839815,0,0,0
13.603820982861917,6,936,0.44975673968673446,0.7044469678677029,1,0,0
675.3797399985717,4,77,0.7958249281502978,0.3563790634334648,0,0,0
327.223839415076,4,854,0.9703417245089575,0.785728059207456,0,0,0
60.50976057570271,3,633,0.17733560109057678,0.30886818905486746,1,0,0
29.896166442286635,3,1944,0.09465019834099886,0.3306225678702053,0,0,0
127.4292888889825,2,2061,0.9875034297231288,0.5423205654980151,1,1,1
98.16970840706048,3,2438,0.5541828040094264,0.024897799964953116,0,0,0
128.46660002473848,3,1715,0.3454208905048969,0.16965666299129045,0,0,0
109.02501989327673,3,1852,0.9602784088101879,0.8514143047331374,1,1,1
149.34230040603197,2,669,0.3901890992939081,0.9565725172950833,0,0,0
382.7207838379979,2,1782,0.2320038353316356,0.19208658596051364,0,0,0
158.87269245573097,5,468,0.8035036056911306,0.772466890707746,1,0,1
31.51124609769929,1,341,0.31396448790196363,0.11186255452454497,0,1,0
351.624151143967,2,2359,0.3219778093184752,0.4726907811972283,0,0,0
464.33884889228847,6,2236,0.4449897247739727,0.5084681496558192,0,0,0
2104.970505779376,4,681,0.6929589988211822,0.5637274481059165,1,0,0
29.268327737248846,1,1744,0.8417635882588401,0.3614390343656123,0,1,0
114.76447825635367,3,1545,0.22617204882820108,0.8561183548188198,1,0,0
11.222282343261403,3,1437,0.36248759271889763,0.30345702908940175,0,0,0
156.51457809038152,2,280,0.49616864619671075,0.4852284856702195,0,0,0
52.02891916763508,1,2099,0.025610750554395656,0.19383566135185049,0,0,0
616.122492252766,4,785,0.697105562210958,0.572850511877117,0,1,0
41.4872034872139,5,1252,0.5659676698736575,0.1971715413870505,0,0,0
16.62349343580174,2,347,0.13356041511458971,0.24150466792583802,0,0,0
56.189856950183966,1,117,0.13032793528522335,0.4373618574791731,0,0,0
12.484804050101024,4,2123,0.8951821761685647,0.27776011217388885,0,0,0
190.7759026219238,3,1397,0.6833114636934625,0.040129553773105675,0,0,0
11.4148707117245,5,1931,0.388060612418784,0.7964317985012744,1,0,0
92.61559881426453,2,171,0.3380813217755205,0.8201401786080039,0,1,0
11.27049422391447,1,1913,0.3168532422643324,0.900713909685019,0,1,0
65.34638986466204,2,1928,0.654659645242955,0.9798868692874079,0,0,0
465.62386698242784,1,1019,0.1787484251895889,0.11324278661272802,0,0,0
129.10782286859626,7,2288,0.987434932711651,0.2745048827350749,0,0,0
37.95899108570301,2,808,0.6870553707388678,0.6306182374246662,1,1,0
87.25165340127955,6,1801,0.12712007943106363,0.8763690737434171,1,0,0
91.65365670253448,3,1176,0.13803015138183472,0.16231203947442463,0,0,0
144.40622657338986,1,76,0.6482932857306267,0.4835460063837368,0,0,0
22.94595427652019,4,736,0.38317427937404525,0.9787867402332079,0,0,0
162.8072969049268,7,1275,0.6599577358721496,0.3310273888780507,0,0,0
6.023137894162056,0,2308,0.7225168810025078,0.49110291561753916,1,1,0
47.947921235469686,5,2365,0.537920057116491,0.6938022067395878,0,0,0
55.24214495600978,3,1150,0.2565537267747663,0.4217262782232326,0,0,0
169.58034495920364,5,704,0.5511611196863248,0.7175396183594437,0,0,0
92.07752200062309,3,548,0.42186538485579017,0.14765426187810748,1,1,0
22.074805733210013,2,1383,0.8903370601626001,0.23059705478547088,0,1,0
33.616159006756774,3,166,0.7402113244067854,0.3868913892868586,0,0,0
109.8021389766571,2,2386,0.6189841355260745,0.9839057440196909,0,0,0
83.1738219368483,5,1679,0.03972292477808392,0.34877470408917655,0,0,0
50.44460938085217,3,816,0.9901696133010136,0.9155414654178541,0,0,0
55.65468218541374,4,414,0.5662714006063478,0.874874383912515,0,0,0
180.5789353540129,2,703,0.25897761998189417,0.7558050558484318,0,0,0
53.64066346209946,1,1049,0.5915256590056057,0.3703451839154903,0,0,0
82.4266457974882,5,772,0.8178959520653184,0.3304422147666668,0,0,0
788.3456123691255,4,632,0.5385570166183424,0.6396930465868197,1,1,0
21.678421461757726,5,1526,0.7768889224043177,0.23256488465219693,1,1,1
14.127980567849843,5,449,0.4130377377262864,0.3605171212324033,0,0,0
197.07604407707365,3,1506,0.5899627863875021,0.8151346119567534,0,0,0
45.66613244038674,5,329,0.42225024711055037,0.21071498822020018,0,1,0
65.48116029980119,2,2415,0.5277964017563372,0.8281213461656236,0,1,0
41.21670444462644,1,1563,0.16750986568665638,0.552011540573016,1,0,0
69.42172502504829,3,1112,0.5986420661071672,0.5115661608737071,0,1,0
445.2064521945473,6,2457,0.9789511671939688,0.6136199812516853,0,1,0
200.76367270318292,4,50,0.7648165291808471,0.6314163853966814,0,0,0
213.1984691432115,1,183,0.32004847461686103,0.5583343387984856,1,0,0
21.840650696034558,6,394,0.86386031768414,0.7014292073791931,0,0,0
28.469867960921235,3,1769,0.8957250236745882,0.35801588143197194,0,0,0
5.26415869352357,2,186,0.17680627945165905,0.8107251943517226,0,0,0
40.069649560098995,0,89,0.053133860791479304,0.22120493288559107,0,1,0
234.3236282076126,4,86,0.5724759414498852,0.7143402532065306,0,0,0
150.94967690629,1,120,0.47588288625729724,0.3854166783581944,1,0,0
72.13120389814125,4,88,0.714686206932798,0.6948613012790273,1,0,0
88.03194115412984,2,1179,0.2930586884429106,0.03242338963529312,0,0,0
45.200785157324994,6,912,0.38021193425920485,0.39029317311977074,0,0,0
110.47164507819818,2,361,0.2638522670384531,0.9631217115959587,0,0,0
193.61628334268622,2,696,0.2921374829568544,0.5728672656001615,1,0,0
17.887697974703777,6,1743,0.009287354246638624,0.4993144277359619,1,0,0
121.46761546103961,5,735,0.5107555164530382,0.24744156936171735,0,0,0
228.70543624666993,1,53,0.4731545884071723,0.4914906706533466,0,0,0
59.435976679845965,4,1738,0.3558747422945431,0.8234083051006083,1,0,0
181.39928790473164,1,1736,0.540190333920143,0.3384347464806572,1,0,0
1502.1526292013655,4,1731,0.3917603106741171,0.5648824984713243,0,0,0
81.0979113687157,3,403,0.4325611855772524,0.6735555751577037,0,1,0
133.393985999842,3,1965,0.001984448458571042,0.40087401266931566,0,1,0
43.03195229335989,3,873,0.0663070479618948,0.2830391797540479,0,1,0
107.90499484307165,1,1268,0.15070252613583934,0.15557205385998651,1,0,0
142.63253319504702,3,638,0.18402048314481134,0.10119142636995193,0,0,0
109.38156221476432,2,877,0.4521925799452975,0.2410992345614753,1,0,0
32.46961342020862,3,713,0.874910844191378,0.01954023715396347,0,1,0
110.6488608451255,3,52,0.40603384577293955,0.760166277565917,1,0,0
388.4622275578671,1,1267,0.6271924480649126,0.11176880760670227,0,0,0
140.98249933939144,3,2032,0.025802902396400706,0.8989817948903895,0,1,0
235.56507189589453,4,402,0.8548454698113783,0.5107079517154784,0,0,0
71.0218822305338,3,1747,0.11313449433304856,0.45695784316524235,0,0,0
190.54725840610988,4,619,0.28428891685802626,0.06478170086170643,0,0,0
119.01717830726709,4,664,0.8167358205701405,0.13333088306285423,0,0,0
34.781626399053074,2,902,0.2648775249068134,0.8567577609958478,1,0,0
123.78188252091758,2,2271,0.25799978354650943,0.6727712668658936,0,0,0
33.39156544684761,0,667,0.6029860824635868,0.09453770958581953,0,1,0
47.80449750410264,2,2018,0.903245084835412,0.6811691708367382,0,0,0
108.78008847054451,4,174,0.21364929880420946,0.13095503688715415,1,1,0
121.17602897989818,3,1371,0.6208182978421162,0.7326136919573142,0,0,0
27.406152580557936,2,2395,0.6001880987158644,0.9445657425573942,1,0,0
258.26489194639737,6,2233,0.659522951335854,0.7583487422335161,0,1,0
159.49399590706344,1,396,0.9467691207206723,0.8238111448139419,0,0,0
44.49031675084874,2,2361,0.1658818111949445,0.6206160331520877,1,0,0
19.34463661529408,6,1222,0.654357326123324,0.00371347559670987,0,0,0
77.87425581533364,1,1591,0.18238006205569535,0.785196437407171,0,0,0
57.63075038726523,2,710,0.3143012057334261,0.40410350838685627,0,1,0
100.80021182293059,5,1522,0.3899615335463211,0.8730462743486733,1,0,0
62.607391038509775,3,1557,0.8353908654115475,0.5727980826348216,1,0,0
12.091988661793733,7,462,0.053710029954194605,0.19156457304200958,0,1,0
61.04754957190596,2,872,0.7336524582046086,0.054868926089992276,0,0,0
66.31266396167095,2,115,0.9125920335870502,0.5550903994891073,0,0,0
169.63702796167814,1,864,0.0792418398138599,0.566860511085983,0,0,0
44.7817336562557,0,2431,0.7907300161680821,0.8600676933004142,0,0,0
482.35225825029437,2,1219,0.10764224864439087,0.038752234796271656,0,0,0
13.307921365815618,2,1231,0.9628536481962564,0.8212582799603818,1,0,1
334.00885272917805,4,1886,0.815364712898262,0.40563356971889364,0,0,0
71.92910845062771,1,2031,0.6949843401854772,0.5283378655022036,0,1,0
212.63665676807227,6,1486,0.5500594703289352,0.533390727649823,0,0,0
97.49503796662565,3,2159,0.9208174882313094,0.38232597415193537,0,0,0
281.33764623385605,6,1464,0.11907129991288734,0.1860016553421724,0,0,0
61.10770942871122,5,1193,0.12178421351676527,0.07882304096514747,0,0,0
30.00546629274642,1,2480,0.8224895130287051,0.20699031095983889,0,0,0
372.5995637242475,3,1692,0.4823198782458865,0.7142645762340863,1,0,0
80.3602261471098,5,2039,0.8450563883413655,0.6822610774532164,0,0,0
112.34320022122965,1,1772,0.39066172253605114,0.6754210361580787,1,0,0
309.4361944621622,4,352,0.4518602191386907,0.9076895495664157,0,0,0
32.07396872205818,3,2171,0.33207866964717325,0.4568713102840597,1,0,0
163.28398067412087,1,701,0.9507382618808773,0.7591372711709572,0,0,0
49.90420379196672,2,962,0.4649500446880841,0.6682157127197883,0,1,0
78.87234381033488,3,337,0.7550970724694107,0.9370378718676753,0,1,1
96.76438135739706,2,2032,0.695908815896188,0.6698006777816837,0,0,0
20.081081211197038,3,2327,0.23508694365208727,0.18022327398613247,0,1,0
41.31241074723538,3,1979,0.9139823837511264,0.7442479883351576,0,0,0
347.6071255330462,3,869,0.5446820902856337,0.35797551818460804,1,0,0
218.37006917668327,3,1692,0.8558060473459381,0.25499006114757594,1,0,0
84.55146672931916,2,109,0.8321878831620961,0.27815440936927116,0,1,0
114.79219095283833,1,1897,0.058669964884084824,0.8250789823386754,1,0,0
67.07138462426691,1,1150,0.6197727947691185,0.45285098729085926,0,0,0
349.52789965538216,4,2375,0.788984467212852,0.4691002738025001,0,1,0
73.67381336921576,2,1291,0.9064982724858351,0.010685071042197292,0,0,0
113.50445555417109,1,62,0.5062956831636769,0.27015449904708266,0,0,0
283.1651069034994,2,171,0.7507126440635347,0.8833775594970907,0,0,0
41.3730008685758,4,121,0.9696304301359729,0.49806876450765425,0,0,0
427.8570671275724,1,1734,0.8278424273265931,0.416383456701909,0,0,0
19.48292790899792,4,263,0.8544231662340676,0.07397782579362788,0,0,0
459.2717721888892,3,2186,0.4072828199733133,0.29340904885975383,1,0,0
62.01178304171804,3,1192,0.09168867141877868,0.13120469028617887,0,0,0
70.61914279665416,2,2249,0.9660285510568468,0.16440602720270514,0,0,0
13.598912534100293,1,2150,0.6958185608188195,0.338818253330749,0,1,0
57.12291117161937,3,2067,0.1711639910222006,0.06709369201830229,1,0,0
31.823132707938626,0,2414,0.9738321944312899,0.7782807696437336,0,0,0
49.026141440013106,2,1446,0.7157860828753873,0.6218584863861594,0,0,0
78.46785372354188,4,881,0.09036832716597598,0.7997421440466643,0,0,0
234.57881147518498,1,2197,0.17081346350280913,0.3478445286166961,0,0,0
110.78632558517401,0,497,0.8654103888376157,0.22216413279758362,0,1,0
122.44680042366225,0,750,0.9538324892884055,0.5899965553124953,1,1,1
30.098658755811734,4,7,0.36482731101946575,0.021945421094128115,0,0,0
37.30942256372488,1,2006,0.4132618876439045,0.08902281943250612,0,1,0
543.8780333681896,3,2381,0.3954545475314273,0.7414615213121531,1,0,0
43.15502932664326,4,1047,0.83535619527629,0.8873886260985157,0,0,0
471.63635392977204,1,1980,0.45325613637595286,0.20547706571097202,0,0,0
70.59355145188815,3,2138,0.3752572177037382,0.7909932845727572,1,0,0
90.22332053271313,2,1909,0.6218686272357694,0.3836598858548156,0,0,0
262.52994723517173,3,1090,0.49053296032599036,0.41592838923097075,0,0,0
321.1448996116254,2,2101,0.5334234450132974,0.8840193742763941,0,0,0
80.57492039350338,2,403,0.407013166148658,0.6210403328996639,1,0,0
61.05389181256498,2,704,0.4605141924877385,0.811925373038017,0,0,0
85.12149181635723,2,142,0.035975332526948955,0.7757664409267361,0,0,0
126.21130526572034,4,1049,0.9257823214361101,0.5740920000818251,0,0,0
219.48934448946062,3,762,0.03057275861715958,0.7478580879466146,1,0,0
90.39869748966387,2,33,0.7728124007118454,0.7082082251915852,1,0,0
167.14911162636102,3,1402,0.2982687322638198,0.48028350521682583,0,0,0
463.29302268427506,4,1392,0.11225428732664744,0.1518379051980846,0,0,0
131.80316194581027,4,1157,0.6096942030275467,0.26637685800229316,0,0,0
122.93464294793492,3,2197,0.7069516333079084,0.3763749838732777,0,0,0
19.709271802772093,5,827,0.6302016365639864,0.5866889924021793,0,0,0
6.483560784161598,0,526,0.5760837521252425,0.2977768819741574,0,1,0
132.7377967350401,1,566,0.5361865445451629,0.2053652058105695,1,0,0
81.87353238443265,2,1789,0.5410587214310428,0.03554886211172881,1,0,0
53.79697964074795,4,2000,0.8654210954003517,0.21252468175547978,0,1,0
114.83889167686931,3,946,0.09015365235127115,0.5390787497558122,0,0,0
84.74072246282019,4,2043,0.1573687478703778,0.13962135774734685,0,0,0
278.0442435905283,2,641,0.8126509838068339,0.02935556570916409,0,0,0
98.11211626373363,0,508,0.3030399337487757,0.07469223410808334,0,0,0
42.65210871044289,1,130,0.7715601320405954,0.9521055368624197,1,0,1
242.29748279152432,4,1096,0.3526959449706687,0.03547225583836833,0,0,0
72.44798999588347,2,653,0.9254101168420369,0.4723342698067945,0,0,0
152.4042734198856,3,403,0.2813336710983433,0.6882739655912853,1,0,0
55.845519238859616,6,1150,0.4268963714709777,0.22311587636576935,0,0,0
47.00119911654408,3,1787,0.1588414784513592,0.9641848397424861,0,0,0
97.92170494125362,2,1529,0.6666845313608809,0.022703275268021184,0,1,0
91.1793680115802,2,514,0.40288110422071033,0.8800925386560132,1,0,0
145.44922190648805,2,1034,0.9412041817606206,0.3914985308062997,0,0,0
68.8103552996918,5,1477,0.015748005182420033,0.38383543134332665,1,0,0
14.348425518626339,3,471,0.3876513800068272,0.47220975471711524,1,0,0
58.394757467445494,1,736,0.023629615108971436,0.9714027486266502,1,0,0
199.10224109687974,5,2157,0.32904152696054856,0.6280854716883446,0,0,0
66.86154045642978,3,2348,0.3802452401990358,0.8785733809202013,0,1,0
70.35941443950507,3,1066,0.25813639587155335,0.0278256739082271,1,0,0
241.38097776385322,2,2462,0.25553111427868236,0.8969400254487888,0,0,0
44.169158442865864,2,28,0.2600595222427531,0.21346099778319083,0,0,0
19.243951080272605,4,213,0.26625654398590604,0.31495840404508657,0,1,0
76.65914298601446,3,154,0.28228616393121087,0.0736078247289853,0,0,0
55.469096660883736,6,158,0.8512979355488869,0.9150751110730119,1,0,1
34.25229878433524,0,2342,0.03905405342407042,0.526104012708362,0,0,0
75.53692005654605,3,1385,0.9889097979020842,0.09007510428258303,1,0,0
147.15782455130233,4,622,0.2815231660788282,0.39743706485582886,0,0,0
89.18487285990932,2,2282,0.027946155621202062,0.3811687405323174,1,0,0
122.36165840569505,2,823,0.17515917015631932,0.050826618810542956,0,0,0
551.922533471811,2,2225,0.9418662727698908,0.34762499963701865,0,1,0
63.88733480937386,2,639,0.9975234774570381,0.2928973302630966,0,1,0
118.90782755735421,1,52,0.24675306798542662,0.9194652474201127,0,1,0
54.097427689925205,5,817,0.22544926840641522,0.8067831258575893,0,0,0
38.614979846520114,2,1472,0.8360902613672144,0.16008813161220226,0,0,0
50.15370282023237,2,330,0.914211914696477,0.9315572403183691,0,0,0
55.770297705340454,1,785,0.6503611476478323,0.7431627489246425,0,0,0
128.95658502822113,6,296,0.9358203150838535,0.49084732146764565,1,0,0
943.0089623780528,2,346,0.950012478872986,0.43266101105880506,0,0,0
43.989746106444436,2,2202,0.7596882551351146,0.9268439038324809,0,0,0
59.34540490496162,3,2280,0.34870833435980386,0.3055118551929421,0,1,0
84.51060140338771,5,2380,0.14945967249697112,0.3705898180428715,0,0,0
133.72679143120487,1,1506,0.5176725993368307,0.6911657400566418,1,0,0
117.16120558204642,6,379,0.28961009319850417,0.7592868309616306,1,0,0
325.08796067702707,5,1995,0.11850183144072968,0.3271677364807939,1,1,0
7.953466962092682,6,568,0.3939964509492564,0.9220079137583439,0,1,0
8.273603368551482,5,30,0.4797657439682662,0.2561053495214476,0,0,0
54.823658650738395,3,694,0.6619861519207394,0.34749886602027913,1,1,0
269.6972915238474,3,2043,0.22113937359524194,0.19657319596274103,0,0,0
18.80931015743239,2,1215,0.8684936853782285,0.5370871450308451,1,0,0
4.447613500529209,3,671,0.1854417842192927,0.9992729515421009,0,0,0
159.3621692841067,6,1504,0.9972297617468353,0.7180543698999586,1,0,0
114.85347938379267,5,178,0.5568791519562394,0.4713174205124686,0,0,0
30.258937433925503,2,2460,0.1468423620289011,0.9829266044751487,1,0,0
33.59779363805716,1,1387,0.83439365708186,0.0491743404664462,1,0,0
34.132714038361485,7,1745,0.25373117439006665,0.2859015272739953,0,1,0
100.53795495772319,4,994,0.18831302254477023,0.8381173979669703,0,0,0
48.119366394201414,2,803,0.13479277112120025,0.5243606906560275,0,0,0
147.53477622032523,3,1721,0.5508947864543245,0.004696544497747812,0,0,0
5.182944531250525,5,2493,0.8793264855926733,0.45675278015392506,0,0,0
38.211943922572274,2,2389,0.8971101049321221,0.02181708482533673,0,1,0
29.193498754433286,2,800,0.7856185843313035,0.5734860821408575,0,0,0
69.66230276706193,3,1762,0.5814472586061933,0.6327417809799828,0,1,0
52.559835347307,5,1250,0.5298836905273464,0.20140833364373356,0,0,0
199.90530509443758,3,1032,0.3737717432166462,0.9864973213454409,0,0,0
14.02250064418788,3,2000,0.0440663986650911,0.8338041388325792,0,0,0
94.20671620471475,2,1955,0.8365888578167819,0.46383275579414884,0,0,0
157.32857034239393,4,535,0.9994722414793521,0.30955314823373425,1,0,0
576.3109948250525,7,735,0.9208470022619192,0.012338790628256602,0,0,0
55.602826089160466,1,1373,0.9330385527463596,0.6932629103187826,0,0,0
124.51903606690577,3,950,0.3332230335055778,0.2628831530723087,0,0,0
14.822365276512217,3,1837,0.09930583882276045,0.394655734403054,0,0,0
8.232121811083061,3,548,0.8715831841433895,0.4286219798463823,1,0,0
209.51060859847533,2,312,0.7638098750840859,0.8538156827143331,0,0,0
89.51799856539,1,969,0.39037406061659097,0.8514059553005885,1,1,0
292.5140471017947,4,1856,0.8335775573678874,0.7762187406021996,0,0,0
22.796274216044,4,2275,0.13873567519619834,0.7667990623700743,0,0,0
151.39648733749576,6,1083,0.6510841899113946,0.4947425863527469,0,0,0
583.3677873558586,3,1121,0.9533838856691712,0.7911191245565713,0,0,0
136.96228669829588,3,721,0.9104183315713674,0.8581423303678446,0,0,0
118.697887630679,3,249,0.7608497491634367,0.4984391381773249,0,0,0
90.79062948926193,3,2010,0.26658278680585035,0.9003911802515361,0,1,0
18.711130166555304,6,2309,0.10256369164752932,0.9903808263737414,0,1,0
349.1748975236168,5,1427,0.3247361126712198,0.17528204382185764,1,1,0
48.86895658351106,5,58,0.6173534387824275,0.979032498524587,1,1,0
149.0800270985661,3,73,0.31650590618454055,0.24574285458166134,0,0,0
18.858536826733967,4,53,0.41311435830546206,0.9340310797082731,1,0,0
27.675300466269903,2,894,0.4036062764310232,0.8511086980947488,1,0,0
378.0730380171775,1,103,0.3358267268880747,0.9160565441946891,0,0,0
63.605357933945626,1,1136,0.9234515766059574,0.4610308909875077,0,0,0
385.01237477445517,3,819,0.31995257262928556,0.15106183834941167,1,1,0
83.24344116411926,0,1797,0.993527277216497,0.22262113180714393,0,0,0
14.26918371589475,4,918,0.2093341352701078,0.30469419258298835,1,1,0
219.65707928200607,2,1531,0.8726250121749303,0.24971868484673276,1,1,1
49.90432549386035,6,370,0.7323371383291847,0.9673822084299191,1,0,0
181.03471591631234,4,1050,0.6688050704271076,0.15607080821054997,1,1,0
92.31539009561585,2,25,0.4453482350878616,0.6857928516067555,0,0,0
19.237890003715624,5,837,0.8165871206784439,0.51159952337469,1,0,0
106.09073996965672,1,928,0.49221890117975897,0.03420680900824635,0,0,0
809.3432709082136,7,1846,0.13554032382917458,0.21158518014975447,0,0,0
147.37589893968084,2,707,0.2804972824434193,0.9335699722751704,0,0,0
84.98563540676926,1,1196,0.18242941510896082,0.8168244710530753,0,0,0
263.8401433035765,5,1961,0.5696134087577611,0.5859563058887105,1,1,0
111.12641922744753,3,1194,0.655405490973888,0.07673209185274821,0,0,0
111.00044721440197,1,1419,0.3359346629945591,0.13853710254393403,0,0,0
30.216097973446125,6,683,0.039515804963128676,0.7306021072046958,1,1,0
113.73236647219996,5,1928,0.6587376113443273,0.7570587297725567,0,0,0
253.52017772627272,4,686,0.06195976646329626,0.9580976584630154,0,1,0
39.01467462918049,4,2338,0.9656734983031435,0.20559358346994816,0,0,0
374.0897796875249,3,2015,0.8872777424770201,0.6490644064935835,1,1,1
82.12922946839527,4,1682,0.830881609679057,0.43083981006522976,0,0,0
37.04859719201003,2,139,0.36754295961959194,0.11385135798975032,0,0,0
244.113206050374,3,1243,0.7449929004881826,0.3361537277786839,0,0,0
67.57281547741545,0,498,0.04585265221938373,0.3674449250335985,1,0,0
192.388138762197,3,1049,0.0896346910116056,0.4534464480538253,1,1,0
67.23818852507989,3,406,0.4945461524808633,0.2930332358573765,0,1,0
84.78968162722104,2,1276,0.5867653582038251,0.5526653342778202,0,0,0
147.46047950719475,3,1751,0.7669507117108789,0.6064550312647708,0,0,0
120.40933433753659,3,2494,0.29771424968501603,0.4127961511891265,0,1,0
12.237049811357245,1,1617,0.5426049540044277,0.37339261770614074,0,0,0
29.334264214905268,1,1101,0.06254257587307921,0.6555087031590959,1,1,0
228.0146736028544,1,480,0.4708677461550399,0.0542036069707188,0,0,0
78.87492824248199,2,284,0.6712604479506442,0.86640958903393,0,1,0
53.317718055103285,2,1710,0.9896415926237841,0.9746322881222925,0,0,0
23.136836121602254,1,1167,0.7679603881146965,0.0553089924754776,0,1,0
30.57747658818619,3,1361,0.9954817240445097,0.709179895674747,0,0,0
11.919805686521933,3,97,0.49791562908148235,0.25223800781242245,0,0,0
81.34661978520718,0,453,0.43295230782693694,0.43001824910134057,0,0,0
49.479696782277145,2,393,0.8342063614492913,0.2706427877760039,0,0,0
34.24060118233443,2,1914,0.46238509662500915,0.21424659068459617,0,0,0
84.0890683709778,6,1370,0.7561381168614808,0.4409838063123913,0,1,0
129.53752802445698,4,2434,0.9945030608029629,0.3716084544506735,1,1,1
730.111989178523,2,2213,0.7245959108651986,0.42579102576602457,0,0,0
19.848264655935008,5,1534,0.014302855644534485,0.8080837584525994,0,0,0
286.97096497303585,2,531,0.18028334497772003,0.9786485772215215,0,0,0
238.19783336501425,5,1944,0.2762680460527186,0.1433315354330864,1,0,0
41.301848656478924,3,2498,0.8221354731354222,0.7440970445036063,1,0,0
110.30353278099535,2,1552,0.9321332869746292,0.5491008385552327,1,0,0
56.960995872207214,2,405,0.6496976269913322,0.3730180755064405,0,0,0
108.38487832401646,4,522,0.08803717053758653,0.6605731973307689,0,0,0
407.12937653916765,3,954,0.49952439829788065,0.8815259519140123,1,1,0
164.94403468398002,4,618,0.8590423849911283,0.6415083979622448,1,0,0
149.69626979311175,7,2065,0.3621856474720867,0.7036339540167177,1,1,0
58.53885255592158,4,204,0.06527370225728957,0.1482423754341221,0,0,0
20.408333759980632,5,1737,0.7795806758924585,0.7129181452940373,0,0,0
73.07832341420259,1,1582,0.6571196949747469,0.9861252959746832,0,0,0
300.84890286148465,2,1535,0.46697134575171784,0.9595997374999224,0,0,0
19.547201754218467,4,1034,0.849806129102639,0.40919407818105014,0,0,0
31.340482479736632,0,784,0.8497122880061645,0.8822597075903154,0,0,0
102.13216769590208,3,1793,0.7009594688429334,0.5913659363389828,1,0,0
33.62753465490987,1,2061,0.9423183023744852,0.11829255719503573,0,1,0
40.75084407155675,2,2237,0.4539440402055288,0.9782008978226113,1,1,0
58.93301254453764,2,2192,0.7289288994327127,0.6131879439286562,0,0,0
22.974446942533845,3,2334,0.8306817739879783,0.1058748506081193,0,1,0
33.98360334664559,3,1741,0.6355944119304434,0.5722511405533733,0,0,0
181.89469428416282,3,328,0.553110315962022,0.7214491112572081,0,0,0
24.35239538446759,3,695,0.7319982736983541,0.2372591428021833,0,0,0
18.21285868021258,2,2484,0.35450528495936684,0.6824434316058777,0,0,0
47.94118851731851,3,991,0.3664302804520764,0.9659328739922112,1,0,0
187.1584346960998,1,1515,0.9766133195768152,0.23164701649107822,1,0,0
73.92700533630682,3,331,0.11883771735991733,0.49084633442420467,0,0,0
56.56661226722589,3,1072,0.8419972632914597,0.314008954703867,0,0,0
94.10007066200065,5,775,0.7887459191335721,0.3879023781984531,0,1,0
15.70992325483943,6,1281,0.05416028761194458,0.8371100220651249,1,1,0
147.62948480601148,1,1111,0.7035023762414865,0.8235382869907164,0,0,0
132.083596824031,2,1056,0.09388343603123062,0.008347680508422162,1,0,0
59.781217674119944,5,2366,0.21050132582099434,0.1220779196503845,0,0,0
246.1459153204134,3,1116,0.9582141976978277,0.34900744679074436,0,0,0
29.151428042479278,3,189,0.3621505481403684,0.3030368217493167,1,0,0
278.08004203917585,3,1102,0.056801817256480924,0.09358641621776509,0,1,0
105.05601305594753,0,845,0.5211981147572867,0.6876576656989674,0,0,0
64.29278458674014,0,2488,0.20641342034568355,0.6426965542441451,1,0,0
88.2458231220625,1,2082,0.4263291953214944,0.24812391919086063,1,0,0
80.86129134260575,3,118,0.10165796913013803,0.3616674731682227,0,1,0
304.9911916693369,4,2072,0.09596888961990524,0.4879646794606596,0,1,0
30.671100901092654,3,779,0.5041429999663001,0.04529078358813998,1,1,0
41.99206873690396,2,1779,0.33587727686834634,0.15479751033928346,0,0,0
253.73816581152278,3,1750,0.15527032016975717,0.6468181353218047,0,0,0
49.62352744010965,1,1438,0.5803710313703139,0.48565594986954985,1,0,0
221.5244744100153,1,2048,0.06219212331715074,0.6004736386142012,0,0,0
492.47120062237616,1,1745,0.7527388363893366,0.9733038968595065,1,0,1
60.23207230919456,3,1238,0.05133812838319862,0.7555053964985289,1,1,0
177.9250379674146,3,2177,0.9703710488428245,0.9682324092314154,0,1,1
28.39768758134803,3,212,0.7356247192968999,0.5909510682663237,0,0,0
191.47041351489227,5,161,0.897212682624159,0.0014660758017456255,0,0,0
109.88385957637814,5,1601,0.43994908326053295,0.09377572446266536,1,0,0
144.46514713468378,5,1452,0.05808103976039847,0.6969811778164254,1,0,0
47.201606496948806,3,1033,0.22944010621606326,0.3050679751871167,0,0,0
17.097232091843303,1,32,0.9710949652650105,0.41377282766671675,0,1,0
148.8965939603224,2,1846,0.6188915822336543,0.6754179157795862,0,1,0
11.43406259764836,2,1306,0.22787166282460136,0.3334349530017432,0,0,0
65.5392701825281,0,1854,0.4828175860484182,0.8736558962819605,0,0,0
230.71469634421112,2,621,0.3174413613165429,0.38742612915688457,0,0,0
109.05995052768189,2,902,0.48971774458274486,0.04432374207964318,1,1,0
631.6545488525499,1,245,0.836624154489657,0.9842085477683887,1,0,1
250.91372440699135,2,1910,0.22255549082808046,0.48972275610692506,0,0,0
46.81022264585551,2,2304,0.39908803307029783,0.35054195102376073,1,0,0
92.5096885256646,4,744,0.4460899843930457,0.8991621146764924,0,0,0
85.85237894608231,1,2151,0.5870534310999546,0.8608714910453751,0,0,0
18.50097136003768,7,537,0.07772850756988536,0.03781689783918574,0,0,0
35.14917276358733,5,27,0.207011586202971,0.8084394146887404,0,1,0
51.37949140928429,2,651,0.3978326854501498,0.4899690645631726,1,0,0
11.7491335464563,1,134,0.8093407157289249,0.6734487526091242,0,0,0
94.39550620442193,2,1615,0.18684209487281633,0.14595483762822503,0,0,0
70.17051126628996,4,2341,0.8815237905292566,0.667469194541961,0,0,0
16.896493221115474,1,1248,0.3391640095169326,0.23009630942528259,0,0,0
134.85671781333616,3,728,0.25383934780081174,0.11734997898245048,0,0,0
184.1724864192371,8,715,0.409382298076006,0.13466097620599315,0,0,0
112.9600796503784,2,2154,0.553707741656947,0.2999367230360348,1,1,0
65.10047364175354,3,477,0.7339741540229049,0.9916503309286282,0,0,0
162.62422182809428,2,1773,0.4769420281443044,0.05428377707247123,0,0,0
177.7219695766384,2,2194,0.8180029699645148,0.3309142479976067,0,0,0
122.41336676592475,4,735,0.8187429128811946,0.5250559078354751,1,1,1
39.46395602267686,9,490,0.0017399492874923261,0.20690002743575642,0,0,0
118.70017376452998,3,724,0.7915830963308,0.9616059200585171,0,1,1
297.51976234369664,5,48,0.4427535685706373,0.46056630461987635,0,0,0
49.569262867647204,3,1825,0.9670872231831554,0.692717387688749,0,1,0
733.5819670059557,1,1209,0.8202264835314972,0.3599669865505093,0,0,0
53.21653019386725,2,2151,0.38400714439413997,0.19419916095159484,1,0,0
92.98210110002358,2,1248,0.634632841910313,0.30361103369775877,0,0,0
45.94818754681708,5,1401,0.194243774809854,0.2796773579593863,0,1,0
112.53573728106078,5,111,0.2903494516105628,0.8475507724727389,0,1,0
15.764779518048595,2,322,0.20210543106683365,0.01476072473073542,0,0,0
52.14134484757046,2,763,0.7511563132643632,0.8936432008582105,0,0,0
30.201113653705402,6,1815,0.008216019004522623,0.3928936525527429,0,0,0
103.06278317207705,2,2025,0.40727310620833956,0.6168300129023925,0,0,0
243.33701500293307,6,1380,0.8375659982857772,0.8055648054806762,1,1,1
171.74420456785793,3,343,0.7090800273811784,0.4609883462286799,0,1,0
8.400915089492404,2,632,0.42175441232700206,0.09261107063614982,0,0,0
693.7208546951275,3,1441,0.6330433486199141,0.5416981550766311,0,0,0
120.93823256864026,2,2332,0.4317978962647614,0.12157964265077403,0,0,0
41.40910811893451,5,776,0.8440075159746346,0.8246744895328678,0,0,0
105.3331220424772,1,737,0.5726016032583925,0.6478905807392821,0,0,0
107.36023074687586,4,766,0.632618140584867,0.5921441360962264,0,1,0
46.20792328452898,4,1181,0.9886212332256377,0.00038762004428416486,0,0,0
109.71835435197899,5,880,0.77010729966651,0.9600728087185869,0,0,0
49.034675562732104,4,1423,0.28595949476711746,0.13033163598821773,0,0,0
60.077656916924816,3,1551,0.7729741268091711,0.18346196048569097,1,0,0
45.3187504580434,3,443,0.9284867483683731,0.9861587034123519,0,0,0
21.48443480225671,2,248,0.2950762773462997,0.08953118814164185,0,0,0
104.15044810721417,1,1498,0.8172993510193682,0.7416457451499261,0,1,0
161.62832941624703,2,2166,0.23782143557803503,0.09496188771892233,0,0,0
150.6386008211249,5,92,0.434033405015086,0.7328131954428719,0,1,0
204.36860540733778,4,1572,0.6901729266433205,0.889385095197193,0,0,0
124.50429459077678,2,1461,0.24352752821442225,0.3496953820906813,0,0,0
52.84031821025303,3,848,0.18729529615077922,0.3123695837559468,1,0,0
208.44263352892452,2,1548,0.4625436582055866,0.9329978513967588,0,0,0
23.161292536683995,6,1564,0.7832015322898905,0.07465029020259217,0,1,0
36.573671275648245,4,1991,0.5958632146221896,0.3475466315691833,0,1,0
34.322459251910544,6,1825,0.7012145988933932,0.6529280137466938,0,0,0
265.08646588882124,3,2127,0.6892771215878319,0.6874895639613843,0,0,0
231.08567151849604,0,1747,0.5444989227074096,0.4530179675645033,0,0,0
146.5409976936092,2,205,0.3156101756360691,0.8536474337366228,0,0,0
262.9410506954408,5,541,0.4217112252504793,0.8489694520187655,0,0,0
37.364356587927894,4,826,0.380620472933892,0.8170678266085457,0,1,0
127.56105591022164,2,1306,0.0790697122891173,0.17077222302610662,0,0,0
79.4259841979081,1,23,0.8984622610995894,0.6466835066166392,0,0,0
209.95266570057456,4,1553,0.6418549443672859,0.8509834331953974,1,1,0
80.22023320837393,6,133,0.8571889985482052,0.09427252884122095,0,0,0
61.25571257399067,8,59,0.7760604662616043,0.24458665802077528,1,0,0
154.61041767120543,2,1680,0.06829528649684025,0.9779800497686602,0,0,0
216.19248977184608,1,1630,0.2163070442404076,0.4618753780536854,0,1,0
46.13882586302577,3,1941,0.950734638440334,0.5301964308172102,0,1,0
84.68380072531181,2,773,0.46193054095217345,0.3502712704742237,1,1,0
31.235627998882308,4,1526,0.8119402963451837,0.392190801308292,0,0,0
7.403397248576168,2,2490,0.5754767342100888,0.8945223265521028,0,0,0
109.99771924198951,6,2330,0.8235618828972836,0.20923678367201515,0,0,0
165.48910407659855,2,1904,0.7346082125675748,0.27914898223833706,0,1,0
116.98746696312665,0,1722,0.27973144493316127,0.5006562718515338,0,0,0
12.812718139115455,4,621,0.991214536774222,0.3105715816958726,0,0,0
63.38014042873398,3,556,0.49052096024971703,0.8926333177715625,0,1,0
9.792847183486426,3,716,0.584994152909646,0.6329864541051943,0,1,0
354.14311378118003,1,106,0.5404350330496676,0.5037420797160789,0,0,0
30.384889164673428,5,2267,0.8851820416406841,0.6040691467375701,0,0,0
315.8930192089538,4,729,0.2798899416129348,0.01982993756511653,0,1,0
231.79877442529502,2,1939,0.061712431864226924,0.7417548252975428,0,0,0
36.576634959441236,4,305,0.4280928026893316,0.3354301743717877,0,0,0
28.99765743824646,4,2139,0.9183188203511542,0.6081956039269121,0,0,0
127.78769018668741,2,697,0.43931241123388276,0.8321800139921037,1,0,0
38.693667757741544,4,134,0.27756147154044575,0.3454879674850093,0,0,0
99.7318059017025,3,407,0.6184959563469028,0.036963263986107275,0,0,0
55.54382835498094,3,2386,0.7375477312199125,0.0009699675957675069,1,1,0
15.162747321560461,1,1580,0.46275670474761266,0.8598314258827545,1,0,0
9.674871729310365,4,1090,0.3800276855724808,0.5465262957118007,0,0,0
112.92052452696134,3,2349,0.3645044265740861,0.6504512511457633,0,0,0
51.33856651615516,2,1555,0.42131258873448907,0.5967919802920948,0,0,0
51.775143717462946,3,516,0.842671500118021,0.16900701686010244,0,0,0
180.524019166389,3,2145,0.4825604608702744,0.03824361268614129,1,0,0
291.03463381397194,2,953,0.3143560425615166,0.24320157199255932,0,0,0
68.5425882694901,4,1746,0.18231495099038464,0.9908916198025732,0,0,0
64.03317401755685,0,236,0.2826161436126723,0.41779098343085475,0,0,0
148.43438861708995,1,2185,0.46272980059632207,0.9250775487562398,0,0,0
23.17477564040015,4,1072,0.5478139550041575,0.2602583260346897,0,0,0
112.52248347050852,2,1188,0.6214893015792811,0.7153906912374535,0,0,0
156.3169961099093,5,500,0.07137941698538197,0.02604316737027612,0,0,0
177.723719780716,3,2243,0.6131709328276477,0.013113481153809392,0,0,0
12.977892040341734,6,274,0.35199317631519267,0.4658835804187498,0,0,0
42.04097467432275,3,1832,0.25696978600981657,0.6490873265010884,1,0,0
37.40247008064073,3,1497,0.3310598217580163,0.9622410118551749,0,0,0
99.47307001434427,3,1986,0.7844655293980801,0.02970208420142295,1,0,0
145.58273927038775,2,2369,0.803288058095703,0.9878723402926767,1,0,1
402.10385758204484,3,920,0.10375793038377656,0.47181157919720695,0,1,0
54.87371858694465,1,2229,0.49467380787784954,0.7663838714000902,0,0,0
54.73084813192984,5,1650,0.5294984030143941,0.6462860199365165,0,0,0
284.19823887937196,2,2474,0.030214266158055114,0.2477855023689064,0,1,0
121.09519096880821,0,821,0.7170632296528873,0.33253499639687534,1,0,0
319.7858366236854,9,1000,0.366794018206522,0.5911131471555265,0,0,0
120.14844296549612,3,574,0.4179977229526367,0.096369756355979,1,0,0
28.300610625429893,5,1150,0.609928365339993,0.7747197944944582,0,0,0
23.733122474814344,1,1906,0.4689404376111962,0.7995841445251807,1,1,0
19.07708260335401,4,1699,0.7479499047297999,0.8206348158486637,0,0,0
174.52217915811974,4,2188,0.595858615087005,0.8485851301002711,1,0,0
295.478720700383,3,1779,0.22603490866467912,0.689091512959733,0,0,0
572.1276560464596,4,49,0.8704878348015257,0.7439414932349149,0,0,0
209.16121794291848,2,1495,0.21579277691999832,0.5886892581632729,0,0,0
287.96489419071173,3,1174,0.7135327481285706,0.22667190270759519,0,0,0
50.39962161177763,5,1626,0.792209330336372,0.08304369472011297,0,1,0
28.320450700261596,2,2372,0.6882821963297063,0.1785548432330335,1,0,0
210.6250065948641,3,1351,0.4218045008846445,0.19310661073959523,0,0,0
136.68523836032824,2,919,0.877952972372179,0.7578905012434275,0,0,0
100.22767762805731,4,351,0.3276997148075842,0.9477484885494889,1,0,0
132.60456190052165,1,1927,0.6870762646396367,0.8144382248789087,1,1,0
124.36060902569653,1,1918,0.8776630605347437,0.9922038364150038,0,0,0
324.9972952064981,3,278,0.15542792651019133,0.04366013819863801,0,0,0
328.64744643470794,2,1171,0.652635211838359,0.03208646065975129,0,0,0
155.12331051421648,3,565,0.9009592345794113,0.6835491680488789,0,0,0
209.72620043380186,5,1310,0.10308126774581883,0.025607215494541036,0,0,0
150.5149707140377,2,154,0.14575325591925636,0.890726892995932,0,1,0
56.759910073701334,1,1915,0.37825562143984315,0.47217300699208553,0,0,0
191.82138928312085,4,425,0.9943107672632738,0.9244076665195926,0,0,0
22.32048643906928,3,1174,0.2239357852668289,0.24985347085554788,0,0,0
258.240559662027,6,1597,0.32472024420798906,0.6424082359350876,0,1,0
27.261543885619442,3,2350,0.8350967271162246,0.6990542697836722,0,0,0
119.79755623830854,4,1082,0.13074335747884058,0.28726175269084453,0,0,0
38.66156838271546,1,671,0.9962063793201371,0.36725721129381117,0,0,0
156.55211896587045,6,9,0.7388616639127457,0.551451154305333,0,0,0
87.01450022956045,4,1502,0.9591703549437322,0.3836425850724071,1,0,0
18.26970167976774,4,1573,0.14439799454272284,0.49152145129893043,0,1,0
137.09849800235148,4,1432,0.23243732780508142,0.4560054692897769,0,0,0
50.505347570855555,4,68,0.3707748364611544,0.6659916867574486,1,1,0
217.27128212844045,1,1332,0.05101135173583504,0.0813275361471163,0,0,0
90.1365451326879,2,302,0.06069164421293072,0.9566239138010643,0,0,0
133.67627052719266,5,2321,0.9038214212204857,0.10284706763418605,0,0,0
34.55081175387777,2,764,0.04274826285936961,0.3381063792704224,0,1,0
49.932284053162334,5,1477,0.7499596991491668,0.00870269524782441,0,0,0
56.90375681943771,2,517,0.7176423343654196,0.81601933593921,0,0,0
212.0246370124064,0,478,0.07281460818326047,0.11251253128199112,0,0,0
481.7267708212347,3,518,0.18763576509815405,0.2784923482528693,0,1,0
40.23866093429787,4,968,0.45481730574432555,0.4517620101749209,0,1,0
264.2374536833654,1,944,0.6416571863729473,0.8439754547136025,1,1,0
10.281257549613606,1,46,0.8958268484614893,0.767247334819805,0,1,1
27.27063818137667,4,1633,0.5268318960076519,0.14992682709379068,0,0,0
34.509047768469,3,1024,0.9363667741324186,0.446666819337997,0,0,0
23.27759501379829,3,1743,0.19025548859592045,0.3327349150890241,0,1,0
18.474873324345694,3,1893,0.6227800191664307,0.9484910476021035,0,1,0
136.0467956396436,2,1481,0.8446404350143368,0.8557433854786556,0,0,0
72.67026580144609,2,447,0.23332465337799768,0.15042432546647544,0,0,0
131.55241924237424,3,643,0.7885453389555505,0.4296335732206462,0,0,0
179.5534052787348,2,2427,0.40028922716767024,0.4446841660247983,0,0,0
117.40353212353334,4,647,0.9996241744397991,0.9609157976811618,0,0,0
173.77531577793042,2,16,0.09155145251332963,0.795257100050577,0,1,0
83.97068197035217,3,1532,0.5532723086198241,0.8090445951382226,0,0,0
27.467585811388048,1,604,0.7830349908425926,0.3681104084078308,1,0,0
259.2555308236144,4,1402,0.6761966424037889,0.6955300587628178,0,0,0
49.94327529081974,2,1763,0.5055849285318684,0.32023899164768965,0,1,0
35.31838681356513,4,655,0.5131089790479579,0.8245362740937466,0,0,0
75.3453434478164,3,775,0.4054295565895232,0.9600855777714271,0,0,0
36.13236787679168,4,2403,0.34230042515868264,0.6101258061259632,1,0,0
59.29764654871063,5,1958,0.5936665448158178,0.5287313366438291,0,0,0
126.9830891843076,5,1416,0.7483674568429116,0.8724936831669274,0,0,0
127.52873850591857,3,610,0.27927053829485204,0.9050243387350431,0,0,0
36.67773640715458,2,385,0.9466188919746669,0.09019536413493334,1,0,0
55.27355735833695,2,718,0.36481839888517364,0.6973122460989787,0,0,0
263.57369459723594,1,1796,0.4339747100811491,0.628463688220114,0,0,0
147.879849704532,3,192,0.41114003219981077,0.21017048354494117,0,0,0
716.9922555448015,3,2071,0.11133977546699936,0.12485990108005496,0,0,0
292.9869807535259,1,1643,0.11591107439718284,0.28525618997989954,1,0,0
282.6736546789937,0,1618,0.7952709435327411,0.1689847042939585,0,0,0
22.4688846920865,2,849,0.381323323388554,0.24258192357141561,1,0,0
193.22597359376098,1,159,0.21598759575341575,0.9176106225096412,1,1,0
85.36133088456184,5,1956,0.7077004372754059,0.9162174273764035,0,0,0
51.884401530964496,4,2010,0.9597407185091192,0.2535403327343241,0,0,0
106.48619374326749,3,2316,0.9368024029336507,0.20211794630096003,1,0,0
231.64627573470364,6,633,0.7234070658569126,0.45454356610451685,0,0,0
148.53662948190586,5,1028,0.19162249908482387,0.6639714193257414,1,0,0
37.39459587495379,3,1509,0.15409274423592367,0.13792810589171944,1,0,0
189.13459672665448,6,1354,0.8710064681159441,0.817380700275933,0,0,0
47.579997766082144,4,1230,0.9628142623989695,0.07357712402401984,1,0,0
111.79682025681848,1,1449,0.622318705419449,0.11335603544639838,1,0,0
66.46330112335997,5,1005,0.9012546106305056,0.6363969871052524,0,1,0
72.3223889267459,8,1779,0.8148899453729321,0.20421417268656972,0,0,0
193.68690721886898,2,212,0.15401277911068456,0.22905809063657867,0,0,0
31.810813532799973,2,1852,0.22296965714489592,0.8763645682736393,0,0,0
629.6694973039739,4,1673,0.0677591855704075,0.36417641087879704,0,1,0
14.569261472679491,4,178,0.4740569112664881,0.9212628032605283,0,0,0
49.51780573663914,1,1925,0.3239482051961411,0.10869915313304435,0,0,0
130.34853351368605,0,174,0.4260460250235062,0.9316570727479535,0,0,0
161.46916028419471,3,2013,0.008663952341611436,0.9147165841580256,0,0,0
81.41213002627522,2,755,0.7212440143426434,0.5397541225899644,0,0,0
84.99643351801643,6,623,0.20057168597885222,0.7583297481882664,1,0,0
135.71404818576877,2,644,0.36826590969722495,0.4371620741809562,0,0,0
71.44518573019135,2,31,0.4023757906711739,0.7656991529733711,0,0,0
362.5568385251229,3,4,0.066244348087382,0.24304762573832583,0,1,0
208.3770364923007,4,891,0.3655147693692181,0.9031450642008787,0,1,0
215.47057364428065,4,18,0.8998468976047994,0.7884675985459948,0,0,1
34.255367803894636,1,1362,0.8932034654571552,0.7325727802324149,0,1,0
83.14712056164602,2,232,0.02458991050205761,0.8048532300603002,1,1,0
66.65526586823897,8,1826,0.029789737600979693,0.3448462170173705,1,0,0
32.93047840795519,3,48,0.59396567722286,0.18991825382351546,0,0,0
129.0453875490868,3,2111,0.20482297642050928,0.35481486593236056,0,0,0
52.580968685974995,3,2318,0.898511311238626,0.038732862960929926,0,0,0
173.36580291089186,2,2048,0.4828542136859584,0.27023040554393796,0,0,0
30.870728497118428,2,289,0.3257930079194461,0.6073014595744874,0,0,0
502.22117627108616,2,170,0.9532769192676134,0.8465419687194692,0,0,0
36.7326990774648,1,99,0.31792813197267966,0.9303251374800566,0,1,0
112.09002434230014,5,683,0.3208285306092715,0.7221740518459521,0,0,0
198.7125504533243,6,697,0.13309713843833848,0.8918518389680246,0,1,0
50.87438574084717,3,2191,0.22225205794496017,0.29136580570216586,0,1,0
211.12885693111994,6,306,0.7604906901015573,0.6777091777614775,1,1,1
26.332828749385364,2,2420,0.7597457964872898,0.9767668227663221,0,1,1
384.56687430096747,3,1607,0.38659887616968813,0.6107910814880595,0,1,0
91.29986098351533,2,575,0.3493751256912009,0.4278805981467044,1,0,0
49.58005282375382,3,2441,0.41839462336950595,0.26268322665460986,0,0,0
66.7409179649137,5,1128,0.30083688474733616,0.3147679681805806,0,0,0
202.13166043075245,3,1170,0.6077943229754469,0.20247072507721509,0,0,0
50.176395560122344,3,1,0.8365824682983837,0.7028836536179317,0,1,1
42.54840251397462,3,1149,0.009373611556478645,0.7239949631448694,0,1,0
72.12952076270813,5,370,0.9360070717047891,0.7795458003667167,0,1,1
27.744507348954286,4,242,0.11795337837424291,0.4674436104177183,0,0,0
555.8752552083608,3,978,0.899706123487349,0.13826029883909108,0,0,0
51.09084940092172,1,765,0.23355729970394,0.421925884745719,0,0,0
206.77201017968378,4,1189,0.91703259204483,0.7485603561765523,0,0,0
110.99332713981408,1,968,0.787331084243691,0.855791716618471,1,1,1
33.63159489906342,7,2170,0.2691693324513311,0.08115107983800618,1,0,0
89.48269823539609,5,1836,0.02827631166078759,0.24389901293873428,0,0,0
197.157475870047,4,1885,0.7158432079372505,0.9619633025905353,0,1,0
74.57002858701077,7,1100,0.8217627448420654,0.4319689708081116,0,0,0
296.81615661649096,4,333,0.6797640889071814,0.07066432252552468,0,1,0
250.0136191008507,7,910,0.3816663075660861,0.20370726830028918,1,0,0
225.63414376727525,4,86,0.12739214597437876,0.827576045797872,0,0,0
56.84585052954845,3,777,0.34704872205090453,0.759486335268791,0,0,0
30.574231679633087,1,1496,0.26858396808252794,0.2174761699333818,0,1,0
48.7357279527255,3,370,0.7230897081587114,0.10156759356799716,0,1,0
109.53465034065904,1,2385,0.15936091699966903,0.07939440140777321,0,0,0
155.36648004372108,4,581,0.8195425859108331,0.499661623148729,0,0,0
10.261803409873448,3,1642,0.6119425155290952,0.6955623547633754,0,0,0
89.28975881545698,3,1089,0.48256867103200274,0.32373566998532866,0,1,0
105.43442812497939,3,1563,0.3602321405501301,0.08620507286828516,1,0,0
68.20076240081055,2,936,0.5074936601461147,0.4920024286411715,0,1,0
327.4298517542462,4,392,0.5401489131443724,0.2189666089408293,0,0,0
137.2467051970019,6,2054,0.23698490829089902,0.18092281451692094,0,0,0
333.6831560245009,1,1845,0.9887545623436163,0.7746528936345096,1,0,1
72.53284397696183,6,1413,0.9095476582085102,0.6044027437502415,0,1,0
229.8616238669486,7,438,0.39079796025888547,0.3150979983252076,0,0,0
461.76975198563946,2,2194,0.2540215846578251,0.4605496347238054,0,0,0
334.18457138196743,3,1991,0.30704537858384795,0.22392309925339815,1,0,0
30.200497766253505,1,1121,0.9801678030439074,0.5616653823771726,1,0,0
69.84817252121867,2,2210,0.40706455324234425,0.7569950814404183,0,0,0
63.74146511649715,2,563,0.9119301002614097,0.4284004236097375,0,0,0
146.82692836342986,3,1667,0.059023684908281915,0.3837305967452974,0,0,0
178.8153224352892,3,1018,0.7767963493924918,0.2517646029071937,1,0,0
38.90439887980743,4,1790,0.7621259360962134,0.3234711306523188,0,0,0
96.33565638887143,0,1549,0.6509865993125802,0.3600577508325533,0,1,0
11.94213219531673,2,520,0.1211182580737854,0.3128004411002213,0,0,0
380.67462430254676,3,2462,0.9813992769372434,0.09030790762885199,0,0,0
53.92670227993589,4,1288,0.21277956384918884,0.1478161257812758,1,0,0
95.18895725459367,1,826,0.7097120805731227,0.9962404942839586,0,1,0
66.04592187153332,1,892,0.7514761971946291,0.3630412746995504,1,0,0
283.164379416845,3,1160,0.7599189183354813,0.805372451852224,0,0,0
5.272441608608152,3,317,0.8260050099818503,0.7172929432948444,0,0,0
88.53426548268159,3,1784,0.9891240808314582,0.5641610495695367,1,0,0
80.97830202092507,4,1022,0.09599010253360185,0.4498132522315518,0,1,0
57.189116677595386,2,1973,0.47218914752486496,0.6652746436267345,0,0,0
505.8431017623571,4,199,0.974840535934886,0.5842131639397371,0,1,0
37.06490411428652,5,1100,0.8820853136177906,0.7339110716370888,1,0,0
194.76548177674974,5,2468,0.9906203831435978,0.9938430053320368,1,0,1
128.54162588227138,5,870,0.5824345557357055,0.31490022148774144,1,0,0
317.8308275970658,1,1866,0.6728493647478991,0.3339500323419564,0,0,0
46.19219827043558,1,2451,0.2638033542597814,0.6891514097243435,0,1,0
43.25146479410807,1,2066,0.45833017519339414,0.8445292089878121,0,0,0
269.3656923439035,5,1708,0.020948803653910608,0.1899482000970607,0,0,0
137.7335894835151,5,2417,0.719720795926396,0.8546858887004406,0,0,0
19.202925809261902,5,30,0.9258773771855893,0.8964326014416867,0,0,0
52.493795703437165,1,435,0.11214928786554945,0.39486239602213025,0,0,0
132.4735037654866,2,1196,0.45437792539632604,0.2665538770753416,1,0,0
208.04704282279127,3,1515,0.6231673476588658,0.40057938135644033,1,0,0
45.63930727281026,3,47,0.6321782346051135,0.18662558044425748,0,0,0
4.882922971788123,3,299,0.3065316624652472,0.05918568072298058,1,0,0
151.9001178949988,3,1547,0.01978465966831111,0.7972541492540683,0,1,0
26.567251483222996,1,1450,0.887815211285017,0.5698227322859368,0,0,0
11.973084854662416,2,387,0.09177706497601534,0.49410811676610356,0,0,0
5.299826451467736,1,1540,0.17767973667023607,0.21398757527396417,1,0,0
203.15736183514517,3,1702,0.9627872677513675,0.5524210533589788,0,0,0
102.37243126245092,6,162,0.5003732699310831,0.40164560631915724,0,0,0
71.8329740534978,4,1439,0.8740369316661718,0.5061882801450939,0,0,0
361.05285594046956,5,616,0.8969455542617095,0.09079123247489473,0,0,0
170.25965991742453,3,339,0.9894432863494156,0.9228077047159197,0,0,0
453.18482420314024,1,1061,0.040701392725466135,0.7641753214123845,0,0,0
22.359796067580895,2,1964,0.053000191917489836,0.7411923669569832,0,0,0
86.9600985460047,5,2107,0.19072208277705271,0.5817784572584872,0,0,0
17.87291833565681,7,1244,0.6563983009670843,0.22765532148757106,1,0,0
71.56582590124594,5,2409,0.26196590133470665,0.10358766596126501,0,0,0
70.20251567622395,3,2073,0.49562499103315594,0.3614003800426894,0,0,0
168.4457327793503,4,1930,0.7863574660897604,0.41280413564618434,0,0,0
94.21353747115357,2,2073,0.18579180066534184,0.7610294165349256,0,0,0
167.9064767324956,3,1108,0.28588456153837516,0.14813058033186444,0,0,0
181.89691638727268,4,2296,0.7275256398745902,0.8168405763378763,0,0,0
776.6025317865841,1,1546,0.007685872095183122,0.4428916595164145,0,1,0
65.67401548279814,4,2225,0.7573804359694697,0.7999579230227235,1,0,1
35.12725410257386,4,2173,0.6762781647863223,0.4947201637557297,0,0,0
115.13249726941172,1,166,0.12958606712692222,0.05153778563396638,1,0,0
40.35518846168476,0,2025,0.24385817254227315,0.6080757346779655,0,1,0
396.21649580237226,2,126,0.015404313419463134,0.4271991839131897,0,0,0
67.81490177954379,3,882,0.5814132461106576,0.4593031784711139,1,1,0
51.13267023345686,4,1838,0.3970933575459651,0.7825875823263543,0,0,0
56.18693625212325,3,70,0.42343316579525114,0.22257452150440282,1,0,0
184.64174303787513,3,2042,0.10318494241723553,0.0256486716465113,1,0,0
76.8805575439677,2,523,0.35230924078964254,0.2861522680392916,0,0,0
47.386301065316935,3,1424,0.9189982157872667,0.1551103920462895,1,0,0
475.9686152093596,4,1410,0.06473631600078555,0.34381540839554836,0,0,0
38.23801429252729,6,2023,0.974958125856065,0.20802070216113744,0,0,0
93.27630165478358,3,2233,0.8480096388182379,0.09703042467664547,0,0,0
172.82960235281823,5,1101,0.20298988993568245,0.8275722862679896,1,0,0
17.613486545286637,3,1095,0.705421899005766,0.2094376578435052,0,0,0
145.5122828710027,3,1140,0.09094655999330581,0.36380794653994497,0,0,0
31.339908725256038,2,2371,0.15966572762235343,0.0018735934348104166,0,0,0
204.95342963815068,3,15,0.48796119211714317,0.7717034731745437,0,0,0
34.375667984731315,2,2490,0.4004560674029356,0.46327798886004823,0,1,0
179.9661957471976,2,1539,0.8150287242206256,0.8646773052601073,0,1,1
272.00843213034784,5,1082,0.9392549682216349,0.05282861275969386,0,0,0
213.03075088322413,4,2447,0.9428154063562934,0.16381329567919867,0,0,0
115.73656860204264,0,700,0.14700290968175533,0.2576936686594936,0,0,0
71.42865055028824,2,771,0.6862280807897678,0.8881586268872738,0,0,0
50.581223161761834,4,1711,0.5707869332910951,0.35404095634792054,0,0,0
391.91096771462253,5,1461,0.37023032078557316,0.18689672528983148,1,0,0
44.72375444566465,2,916,0.994828512142852,0.8014671462138262,0,0,0
31.910462256070815,2,1035,0.4560451391396424,0.30232369070617104,0,0,0
175.10204793622927,4,1817,0.6653313440190122,0.34962798193871236,0,0,0
40.60386247007207,3,2239,0.5028417044311333,0.6546180970573632,1,0,0
34.81110700033499,4,1540,0.1029039370708128,0.38381685606259763,0,1,0
21.250825418301485,2,2108,0.141100236718404,0.01646917341532861,0,0,0
55.53926013775044,4,156,0.7501432607937975,0.9891558593766866,0,0,0
82.87098294700007,2,1019,0.8016838593941397,0.23865695627070527,0,0,0
114.78854855658257,0,1700,0.36381811416507137,0.24436298750412533,0,1,0
233.06240359615092,3,1616,0.06695915116637363,0.13393911851612372,0,0,0
152.45933788376757,3,315,0.9570054261105955,0.1579654581515636,0,0,0
74.37558879804446,5,1709,0.4970723968635602,0.5019713932230635,0,0,0
73.8328920182885,6,1203,0.13414832497190465,0.9397417933467687,0,0,0
149.92834334387987,2,1070,0.19845980847837585,0.697200450761806,0,0,0
321.3626264466599,10,768,0.04536018526275931,0.6575784571678969,0,0,0
102.13691319849907,3,2180,0.7098558831552559,0.36148444392090173,0,0,0
56.309831437566025,1,2459,0.7040940915883449,0.8131040418425527,0,0,0
33.352542252428954,5,136,0.6025044029346384,0.4733532393622194,1,0,0
21.216830019768725,3,617,0.5463002827623404,0.4575207916699523,0,0,0
175.25983988530945,2,814,0.3814908886669699,0.9945094948888878,0,0,0
160.44938324481367,2,2009,0.9506335896815445,0.6089452510365699,0,1,0
160.35073744613396,6,2074,0.8005212310256924,0.8681812416591059,1,0,1
79.14966498416008,1,766,0.9076217321748388,0.5245694699864176,0,0,0
367.5777077247562,2,1981,0.3116592938962339,0.1617294752195786,0,0,0
55.4721728772327,5,468,0.9782836874477311,0.9872599757454935,1,0,1
233.98786082766554,2,1063,0.16535029850043292,0.6556711967264288,1,0,0
86.59630134466943,4,27,0.05627253279107669,0.1486855538711055,0,0,0
48.9916186401816,3,198,0.3198404581282933,0.7400499779747322,0,0,0
162.80127859541042,3,998,0.2012869124932648,0.4391558691674905,0,1,0
135.59006673873998,3,1988,0.5175235241440224,0.8223887363784642,1,0,0
128.6342053920112,1,1347,0.35019926411969393,0.277074804869461,1,1,0
97.63913848033057,1,2070,0.1717461114637141,0.9423204558332058,0,1,0
86.66992330895039,4,1097,0.8442583184962262,0.29723885929721183,0,0,0
980.8033618826342,4,1720,0.5079705211683264,0.9972729657191357,0,0,0
294.19906945535524,2,441,0.10952993837382285,0.7001741165559755,0,1,0
185.45771322060557,4,1974,0.07533312355974053,0.9712893999279889,0,0,0
100.66509924819673,2,392,0.3831804511092173,0.7241608245153592,0,0,0
246.4495237223501,2,1671,0.9079829092190166,0.7541601427402346,0,0,0
151.10799447621827,3,1356,0.5079998995951684,0.12137827217369768,0,0,0
92.40718660874161,3,1,0.13913539099533678,0.01500882253143565,1,0,0
66.44906236886268,2,2486,0.24663227602337534,0.0864027711144173,1,0,0
83.02009295857707,2,908,0.049479886017354646,0.43727464822225826,0,0,0
3.7794340043526047,2,2256,0.8318402845090106,0.40207985443210925,0,0,0
111.11890445682516,1,14,0.9460522720622084,0.18384591561310104,0,0,0
55.23097404357362,2,1246,0.07781380836650753,0.04345888817853705,0,0,0
442.6015803795641,3,2027,0.1729809898050716,0.6920950883153376,0,1,0
91.7753800804203,1,244,0.17106890307913514,0.19785282509624513,0,1,0
27.413527075730745,3,1299,0.8037062042233104,0.9785584365247078,1,1,1
85.63720665291704,1,1613,0.8392723015228334,0.10344550423041066,0,0,0
31.622816934866957,1,108,0.41927368879059046,0.36356031975846337,0,0,0
144.51848391121334,3,1354,0.969330314851357,0.47892487343489965,1,0,0
120.41539189212081,4,1647,0.25947675907460344,0.21849420238700712,0,0,0
234.5900754308657,7,125,0.5251202132800568,0.5033415515112717,1,0,0
40.81779785810918,2,1117,0.9962884794683061,0.12447595380894372,0,1,0
93.13109239286294,3,412,0.8271038367186478,0.0016409835308522913,1,0,0
22.988134800369096,2,237,0.48718466257233684,0.6982024182993346,0,0,0
181.54340696160324,4,209,0.10852560207912654,0.8345482993210089,1,0,0
151.24048418314112,1,1343,0.9043520280229291,0.5746940444675501,0,0,0
147.79187307293245,3,10,0.542125814102368,0.2285015629291347,1,0,0
90.1629899017226,6,1956,0.3083474589506233,0.39456277253751537,0,0,0
136.28835394693584,1,959,0.45121876612816736,0.6262953875095093,1,0,0
447.7965985885755,4,2338,0.31092822275223,0.03255009564686062,0,0,0
67.68778551979649,3,1631,0.551055490769777,0.09422457197462664,0,0,0
103.40415900077753,3,1831,0.2729357973212353,0.9581958336907732,1,1,0
30.382710127791125,2,1952,0.4459835610273415,0.6785324207481471,0,0,0
37.77845771316445,3,2128,0.4262602630512825,0.6969974599141742,1,0,0
99.26701027997045,4,2454,0.6160692035288751,0.1025033916938235,0,0,0
271.49223720050963,1,2467,0.014166019032079369,0.23294892906927034,0,0,0
69.66647246774095,3,2071,0.5987511993470641,0.39114685429453777,1,0,0
71.09972511930555,4,1414,0.5931137761650751,0.20523464648573575,0,0,0
59.926256950554816,4,247,0.3922882814778873,0.8094602110302023,0,0,0
52.73309932917083,3,1626,0.24689939052131826,0.606444381344194,0,1,0
120.90093070243049,2,765,0.8392513275052017,0.19683092685801107,0,0,0
20.14069418803652,4,1980,0.3447834216628711,0.7709077331737927,0,0,0
324.0635299509704,6,1043,0.3117294240696178,0.5407200962207178,0,0,0
46.27388216734458,3,787,0.4631669647140726,0.20785140279543746,0,0,0
185.28653884177515,7,1134,0.27798985830366507,0.8428535161476322,0,0,0
25.279692428389442,3,1631,0.8307633424785225,0.20996431761263268,0,0,0
175.71091752072994,2,997,0.5649480925090075,0.6906279850601865,0,0,0
176.25725567836656,2,2444,0.7543791133054369,0.39990945908909115,1,0,0
132.18494917140006,5,1037,0.7453822647443714,0.7494608729630826,1,0,0
33.300468907721246,4,342,0.7882073099975416,0.4234613178409583,0,0,0
115.53207414062543,1,707,0.8692058494266997,0.28661725315451236,0,0,0
27.575944463399583,3,1765,0.9194639623278336,0.9610054221294401,0,0,0
69.91196061009215,1,1183,0.38360906162599795,0.7587223420957172,0,0,0
251.99597142006508,5,1357,0.44371751126598513,0.8276484830972076,0,0,0
199.67717292854428,4,1047,0.05005889509944883,0.31288871753576997,0,0,0
91.39428439565924,0,1021,0.9257063776103054,0.3479504117214288,0,0,0
33.96034172877037,2,1741,0.587145209604489,0.17280526460754642,0,0,0
171.67234895802923,2,1862,0.7123144783097501,0.44674506272139136,0,0,0
91.77879114892322,3,2243,0.4360052547373001,0.9969648042706865,0,0,0
8.843514820629478,6,711,0.47384791949202376,0.5894869220862969,1,0,0
196.88697365911798,3,1162,0.5431764524437712,0.7242498348249462,0,0,0
87.86197929570807,3,1247,0.7953567799179488,0.7374928782670248,0,0,0
299.60089770481125,3,836,0.6129685909960014,0.20279568022330374,0,0,0
30.10615034127608,3,1452,0.8112103239351335,0.056027523121221945,0,0,0
3.755780751619508,2,1874,0.21668603757821836,0.1215941465027337,0,0,0
118.99528355627322,1,1479,0.20583885507835264,0.7196912889089386,0,0,0
120.4896282584139,1,994,0.20681359743552963,0.4557921789377196,0,0,0
16.5987662845627,2,727,0.004843847087704467,0.904679655135518,0,1,0
33.835158498710086,1,1032,0.17906364565574107,0.36650244456368986,0,0,0
1415.4711795356347,4,1906,0.11874691310481211,0.10267177443955344,0,0,0
66.31322741710136,5,2264,0.4537543602303481,0.968468380172259,1,1,0
186.97201932411787,5,284,0.12724071371110945,0.40070600602719975,0,0,0
46.96206614982095,2,1517,0.41585168236671266,0.8482005161865002,0,0,0
11.130589191709557,4,439,0.9995031152454107,0.046047532246735856,1,0,0
75.92467673271123,2,1791,0.5033670543895209,0.35934652584495497,0,0,0
69.01993940350606,4,2371,0.9246471700334667,0.5943873319619694,0,0,0
60.347635158446,4,1741,0.7019082757278221,0.5240939389963009,0,0,0
80.26704710965957,7,1959,0.8943207301908506,0.7276967803441181,0,0,0
117.24529418586792,2,757,0.6255806774547538,0.8830432113095436,0,0,0
77.46940225171761,2,2461,0.8100945437595068,0.7586001009844404,0,1,1
25.431633996584917,9,2265,0.30280036263477794,0.3101154788900726,0,1,0
146.37689844396002,4,677,0.3719089088273081,0.9693385275437688,0,1,0
12.815152305405725,5,1643,0.9602598092622424,0.9190687570248879,0,0,0
11.584205120543173,1,1784,0.2675337935546963,0.6300363098597691,0,0,0
188.5155495941624,0,1868,0.4213720177789476,0.509978023873925,1,1,0
149.45872565465274,4,1875,0.6511587956733604,0.516420167200611,0,1,0
84.99603725940531,3,853,0.3924031944843295,0.7351990839655616,0,0,0
22.29921542797043,1,1244,0.020945035833681236,0.4834246313391437,0,0,0
44.34895116019668,6,1745,0.7922304000968078,0.9864622291530248,0,0,0
69.21746757076383,1,2041,0.3356490740483391,0.7104970092237729,1,0,0
18.248922394818145,0,1026,0.22766478101370702,0.23817255361199408,0,0,0
42.99016385534638,1,710,0.5055657082551381,0.6584779767860682,0,0,0
172.83378255803214,1,70,0.008432538506341625,0.4844359592084996,1,0,0
375.14227885375647,6,705,0.8638931782661083,0.1598552162111443,0,1,0
59.17891111987779,3,46,0.2613499613328978,0.5188364911387162,0,1,0
191.8067499188151,2,1655,0.9227468105731179,0.858983647080861,0,0,0
13.275761506167793,7,917,0.6777567437688935,0.024631505812955923,0,0,0
174.0689075312295,4,1051,0.5486488267667209,0.8512432359435017,0,0,0
40.28791649960407,2,1215,0.8062554294078396,0.6851588471016805,0,1,0
122.40627274820791,2,1815,0.993256473150592,0.72566198294984,0,0,0
70.2631571985963,3,868,0.2512090125484078,0.8926311953735001,0,0,0
337.11159224033446,1,224,0.35509611233167226,0.9437187473540439,0,0,0
37.54590627621152,1,1082,0.4844245506573328,0.2951400401389396,0,0,0
168.6130251893057,2,813,0.5394776503277154,0.9191274117464897,1,1,0
68.0670015310552,3,721,0.5529706234198551,0.21654034960023616,0,0,0
76.8376321419581,3,925,0.5489725048464297,0.14437517029157254,0,0,0
74.8994170044584,6,496,0.8282416170066788,0.5548421600405188,0,0,0
38.64150259049785,8,1062,0.4046006382824997,0.9276566428226717,0,1,0
88.75688777649206,2,2106,0.01097120750327063,0.05438766682076235,0,0,0
84.55073580241663,2,1371,0.8756936531880047,0.5280240623292957,0,0,0
114.57621656513112,2,529,0.6622521861836137,0.6785081349574901,0,0,0
97.95470184040784,1,632,0.18948152694274367,0.7454233978711896,0,0,0
199.93544703279596,3,535,0.029600895852553544,0.5039187934570891,0,0,0
226.67303757313888,1,482,0.3157798572671786,0.5749055364175925,1,1,0
31.480763544791632,4,213,0.12444773390156638,0.45368057062192946,0,0,0
214.59928546777914,4,2196,0.8968255023957601,0.7232601333394941,0,0,0
27.485636878186895,4,1120,0.277866345571806,0.379242354917415,1,1,0
162.04205302792357,2,460,0.7056660903493004,0.2803911676015073,0,1,0
167.29166477124411,1,2308,0.6579891628595045,0.26276694123672284,0,0,0
13.312229291305739,2,73,0.7139749327743675,0.653385491060925,1,0,0
98.78830689942903,2,331,0.5300422587404647,0.9245878959345392,1,0,0
56.34558493374317,5,49,0.7296807793082091,0.2736441972618686,0,0,0
42.150002428546536,3,794,0.512392106874931,0.24983354295205285,0,0,0
347.53046516407557,2,505,0.37760716360738666,0.7156620515810841,0,0,0
46.82048680410812,6,2080,0.8584411588996742,0.009140344527811428,0,0,0
40.19019542116869,4,680,0.4587262022629712,0.8342256031660131,0,0,0
97.09549123781244,4,2085,0.5680370859572377,0.37928206487491234,0,0,0
178.67879388092533,2,1203,0.4650053331174002,0.9016791241684712,0,0,0
78.12822709268825,1,57,0.7754986615457724,0.7085607518916631,0,0,0
288.98377528937283,2,336,0.5397540386034088,0.7927318709561979,0,0,0
153.08229643254543,5,584,0.4707790795480873,0.17119984117104015,0,1,0
10.193891621543358,3,2243,0.25782535716223876,0.3641811795811708,0,1,0
53.012781056707176,4,3,0.9115417438707855,0.2805706383210518,0,1,1
51.32397031500401,1,2250,0.863170207324159,0.7151021924670496,0,0,0
145.3814464470326,4,1932,0.4314936605523495,0.022743739221826487,1,1,0
6.522012171750996,5,207,0.6597194056628629,0.6192275869973146,1,0,0
1151.7176419250825,3,1135,0.508113137034419,0.8681037132409403,0,1,0
153.09001701598822,1,907,0.1761833724086468,0.043715167122635346,0,0,0
104.46758207696408,3,1932,0.3760291286527959,0.29069417797787855,0,0,0
293.40905173801735,2,2002,0.8532177092807031,0.20794883863861813,0,0,0
937.9100536832266,5,1305,0.7974380497834235,0.9980960736094993,0,1,1
215.02335380734024,3,1250,0.10249129181433936,0.9856243362363589,1,0,0
232.48206830231055,2,1562,0.0753213489787724,0.124321863393134,0,0,0
102.58482573349077,3,2264,0.8535167416168378,0.19477028576390254,0,0,0
78.13782437874684,1,2270,0.8993082051195078,0.022962873185163324,0,0,0
55.93579728617936,1,1585,0.29423314483984264,0.5662301087246946,0,0,0
39.404814658224176,4,1364,0.34928652354000667,0.6858434463175417,0,0,0
45.28545504741283,5,1596,0.33580280665453355,0.6545080552929059,0,0,0
23.32309416700808,1,874,0.12696838153434575,0.2599941312762122,0,0,0
83.44006163068083,3,754,0.7450106072915768,0.2032988217269357,0,0,0
16.698725894565698,3,446,0.37008600275065284,0.0557403605648209,0,0,0
108.9529921080338,2,2427,0.8362271501457212,0.6326611691098073,0,0,0
86.80544863229387,2,395,0.878519251854287,0.24550029319089617,0,0,0
104.26495445352639,4,1380,0.9127934425986703,0.08871723789599373,1,0,0
53.40308041518454,4,2000,0.8179421130634735,0.3545123632733822,0,1,0
1952.4892387608131,1,643,0.7889107291975924,0.14846865141380527,0,0,0
350.7647953671492,2,2489,0.4494879380841921,0.5062433388819556,0,0,0
25.93147546843372,3,214,0.0269474709390094,0.14911834880227015,0,0,0
113.62097035279295,0,128,0.11206261585381949,0.9885843941494614,1,0,0
49.00850512669952,1,512,0.5308753564035038,0.33556608983598823,1,1,0
32.63940410337923,7,1643,0.36002553349702915,0.4748933953506823,0,0,0
23.568897230941978,3,1477,0.8290817806519702,0.5966376050939154,1,0,0
138.68659715652828,2,706,0.5631398904512503,0.8506310727408158,0,0,0
45.54130721234789,7,1069,0.09883361173381833,0.947964964014845,0,0,0
236.94452073952266,4,2105,0.47853109637434155,0.36696303141022557,0,0,0
243.17521053491097,1,386,0.8219630804264944,0.4235366694207948,1,0,0
355.63836475628443,3,1207,0.8630811600137888,0.15096218706071807,0,1,0
38.38294552265581,2,1811,0.16605730266613472,0.18964881291935154,1,0,0
144.80175654186309,3,1341,0.10029975336496955,0.7222177168312464,0,0,0
169.43243209569505,11,1432,0.38699058597667235,0.4352772728632365,1,0,0
56.02633370271116,4,1955,0.06551544556980271,0.8422681165290627,0,1,0
41.60531995427838,1,1055,0.726359510891108,0.5291458203290157,0,0,0
450.1229041359753,2,1515,0.44753269179602484,0.28270214056464116,0,0,0
113.01221110296336,3,940,0.1982227552549518,0.6793083267282066,1,0,0
170.02878575929336,2,1873,0.10246893137331237,0.4727643016353903,0,1,0
39.56417306496525,2,2444,0.9273520695393859,0.8902230687906553,1,1,1
26.59479535980268,2,419,0.043059835993213724,0.37184466835295193,1,1,0
50.93499569425375,2,1397,0.09787839246778252,0.2546806713739622,0,0,0
79.51761843247296,2,1177,0.2342361991319868,0.43943889989158935,1,0,0
31.055626297822656,7,1677,0.09467039043567194,0.8490534412765032,0,0,0
89.13527782939614,3,1322,0.6442841867454338,0.8244069457483129,1,1,0
16.63476548909275,0,269,0.21821892738854898,0.8934731339471312,0,0,0
29.369378311806503,5,2379,0.47993004153496377,0.8496424838226848,0,0,0
176.07521263629235,2,1196,0.8602431342624364,0.3301368850502845,1,1,1
164.64481549277815,4,1486,0.8247720413268389,0.592232896413684,0,1,0
60.832442147265226,2,291,0.14624391141552728,0.7947020274892207,0,0,0
32.532373164301845,3,815,0.08873129069313279,0.8391115399341128,0,0,0
32.220292260090176,3,235,0.6642512646047093,0.40175648751167736,0,0,0
61.97504190363151,8,1443,0.21030518760649386,0.5135922192034107,0,1,0
171.4888914540211,5,306,0.7814523612865232,0.29066852042016567,0,0,0
227.74935209869105,7,1512,0.4344886028651187,0.6978333734536027,1,0,0
54.78783961633402,3,87,0.15451981451557972,0.6718605458252075,1,0,0
28.403363578453213,2,1357,0.9742162135722542,0.5903906919675805,0,0,0
117.66523933172527,4,710,0.0556141988187282,0.6273138366079091,0,0,0
39.50649265349286,4,733,0.12429428463800563,0.8986530158325841,0,0,0
53.610629561974775,3,1322,0.8120369759762317,0.8200518579360023,0,0,0
338.7546470867342,3,1825,0.45268522852498494,0.12481928736651138,0,0,0
205.84334710752762,0,1960,0.9380517373137187,0.6427402671917795,0,0,0
105.42231302708205,3,417,0.11298892704901509,0.16159272613095177,0,0,0
25.231191798339474,1,1278,0.156983722884809,0.1483963409064698,0,1,0
111.20736008830788,1,952,0.0018244551376392915,0.4492299400478884,0,0,0
260.5141792951474,3,1787,0.21711574050965643,0.4855467390905889,0,0,0
61.82861815599602,2,2416,0.6572605571132165,0.10410692228588092,0,0,0
347.6214463981662,3,2181,0.7233304424503065,0.5118112828932205,0,0,0
327.91200321809896,3,2110,0.4299394973049485,0.17649716480429367,0,0,0
475.1986048600103,1,1640,0.25735823671853864,0.5506438217653531,0,0,0
122.14918511900991,3,452,0.7163297584846513,0.8321061321598374,0,0,0
161.96685245262472,3,1102,0.17260974512282834,0.08594958894097349,0,0,0
370.253271241024,4,2153,0.7670859018857199,0.3992522500703558,0,0,0
140.80753206443654,1,2442,0.7865896799562185,0.23370756849849372,0,1,0
54.53081159085175,1,1139,0.4410741656675593,0.5746515212754457,0,0,0
57.481155489594315,2,1686,0.19360749582036096,0.8935190078333739,0,0,0
114.2689583897167,2,598,0.6298738961735019,0.19727235256658104,0,0,0
24.76517860616037,2,1564,0.8534544363366817,0.6763046951793129,0,0,0
78.00251616038767,3,48,0.5295073147124879,0.09309390788878957,0,0,0
269.49426722495815,0,188,0.4610679376136859,0.5457965810226035,0,0,0
10.061800741828373,6,1620,0.9792238907089938,0.6760748468102915,0,1,0
417.5824884055884,2,1599,0.5374255609373371,0.6708947918824518,0,0,0
276.54518316663604,5,791,0.034216415132706235,0.7382449782298869,0,0,0
56.83972040135274,0,2274,0.5020499929760904,0.4173737996079947,0,0,0
154.99468528876602,2,924,0.44527137363476343,0.7600261249606556,0,1,0
90.30092706820868,5,1782,0.2921040005214629,0.47289445308325617,0,0,0
307.9663021668034,4,1230,0.31735345057866027,0.3229188699709322,0,1,0
240.49111446454916,2,628,0.9308253960228302,0.32195514682939597,0,0,0
22.19638142718393,2,1001,0.13359693817300988,0.1756711529431464,0,1,0
161.9459137043487,3,1241,0.7640371415524689,0.7205764514179916,0,1,0
73.28618699777955,1,456,0.9024197237051229,0.15762734209095486,0,0,0
97.79100217601832,3,982,0.259484213023789,0.6362127872923423,0,0,0
43.45944042141712,6,1767,0.06681461447542225,0.6653613387012587,1,0,0
517.0487009082594,2,1523,0.30714619730780857,0.2866349132604713,1,0,0
254.69374411433088,3,2286,0.43288131217976056,0.4886293372551358,0,0,0
42.958255250534165,1,1331,0.9514242782820911,0.6709227782331008,0,0,0
23.69797006222221,0,1614,0.43014079011067685,0.00017514928660500306,0,0,0
61.211027979114995,2,2202,0.09205685058241364,0.2747399140414951,0,0,0
139.00399115882408,3,1121,0.14688867623215718,0.3796379107615344,0,0,0
114.45775969236928,6,652,0.3527328083249691,0.9308530491738434,0,0,0
315.17650800595845,1,1117,0.18418782571968317,0.46423678440727434,1,0,0
198.32750347084482,2,652,0.06056723559867916,0.5069830604776293,0,0,0
237.35787558299515,4,1053,0.17525986142017014,0.6641231166211271,0,0,0
124.81784077054493,3,873,0.10549078782538068,0.451488011151555,0,0,0
22.43677311621453,6,1085,0.20269829390013494,0.43238456957879856,0,0,0
74.01749386550117,2,2089,0.996454312656893,0.974378589023413,0,1,1
259.8461538467923,4,1838,0.4454085581243318,0.8123209576329611,0,0,0
85.49663953408178,6,1694,0.6585994664952881,0.7017623659084082,0,1,0
148.87251990433367,2,2343,0.16528191467387565,0.4805376599009391,0,1,0
65.44772188209447,3,1320,0.8492917031057655,0.34631011089766406,0,0,0
32.1427895885761,1,1203,0.26690612999218477,0.5919018496172067,0,0,0
79.57149581583255,6,2306,0.9824905111584444,0.4462116471886809,0,0,0
122.61476432338314,4,1473,0.8367078294256365,0.4665897542228086,1,0,0
46.726538548606456,2,1020,0.9508714451142152,0.22160283117731328,0,0,0
71.11432228589415,4,1288,0.6683020279463249,0.7912741647752578,0,0,0
35.18207633929883,4,2335,0.6580917889261954,0.7910766258748684,0,0,0
275.68114263655247,2,1575,0.8410971313786398,0.3009228685395169,1,0,0
67.05708304557483,5,1212,0.7153622590450489,0.2891212736506149,0,0,0
384.8122469684533,2,2290,0.6061887418549045,0.27805061059231395,1,0,0
415.1948177921084,2,1619,0.3582688302514292,0.1626476631829903,0,0,0
83.00941501492825,3,2253,0.22286686315741622,0.8582214844633055,0,1,0
32.836846948774905,4,656,0.7822444792156641,0.26558202227570216,1,0,0
11.179727821067129,2,2327,0.38604988469753465,0.6986556837107778,0,1,0
20.65511372931425,3,395,0.06120489283520747,0.09966129219901632,0,0,0
22.786429812393653,5,472,0.4796220769609193,0.7353817214694178,0,0,0
357.26207905945773,4,1401,0.6575116666145452,0.1473061971157218,0,1,0
101.07113614844349,2,1718,0.023038466542397162,0.1588081820546371,0,0,0
132.90100451153978,4,970,0.7051210760182588,0.8315315384608576,1,1,0
9.772565206050125,2,1017,0.22468301770073762,0.29091933068310305,0,0,0
27.16783048997129,3,1349,0.22235724248798305,0.1723862099544694,0,0,0
218.56419640624307,2,57,0.562881508332206,0.5368927403640806,0,0,0
119.91391524427807,2,464,0.33729420917359465,0.07485870264108507,1,0,0
77.69529649056767,4,962,0.4505837375461088,0.7104223980666204,1,0,0
158.35547672691771,0,602,0.5130425491472017,0.8413449380601421,0,0,0
462.10761928757285,1,516,0.9210231713984698,0.24840247976025964,0,0,0
72.16517122201574,6,22,0.20490056811538626,0.6979986599638768,0,0,0
96.48328709864356,3,704,0.4643071272556125,0.05379215379619251,0,0,0
109.13623003917047,4,326,0.7859870711139048,0.4780230782498296,0,0,0
984.4761135580704,6,1756,0.20516721056469478,0.9519480355009656,0,0,0
11.030274675960683,4,907,0.08238168794740419,0.5380621504409762,1,0,0
178.2564091820993,3,2474,0.0177645057095569,0.41078230895603485,0,0,0
80.25409199009539,2,1365,0.10373299867298202,0.005861552159892813,1,0,0
158.66129757602178,6,730,0.274590538740889,0.2559246524197626,0,0,0
46.64787834615934,8,39,0.40925644519902293,0.428484146906702,0,0,0
85.71561112288025,5,943,0.5937739100376069,0.37742641819379597,0,0,0
183.35250915241392,2,30,0.20009051059683391,0.43895785008383625,1,0,0
2024.1602477116173,1,2209,0.269695726441162,0.023648667521779076,0,0,0
201.95324079694865,6,616,0.6990804395995601,0.5312424971972514,0,1,0
38.549163549638585,3,1694,0.9090079433630219,0.25134624608781664,0,0,0
58.92351918357152,1,1957,0.1355147477409716,0.4006006590623593,0,0,0
57.201830042052826,2,2357,0.47251512161656484,0.8864163554608978,1,1,0
14.94470157575091,1,1946,0.2954178904105046,0.8281072525270341,0,0,0
64.7096155738756,5,2182,0.52797025548806,0.39796727454049885,1,0,0
187.3220038676177,3,1924,0.1191311345343542,0.05405845915505236,1,0,0
25.172896523252266,2,1359,0.2710390753108064,0.888899096832655,0,0,0
256.8475327460197,4,36,0.7088617665950088,0.39899197230270755,0,0,0
146.60982716658182,5,831,0.8193099588284204,0.47954709335617285,0,1,0
43.19681121374349,3,1667,0.6216454449928727,0.08569518952841348,0,0,0
78.13752089430017,2,80,0.9444589736818374,0.6925412169958686,0,0,0
445.11016246972935,6,784,0.6529005160296192,0.7121208738824414,0,0,0
187.45668652147796,0,437,0.7465930902714216,0.4086673919905993,0,0,0
90.81129343387734,2,1144,0.35742720608038137,0.8888817363651323,0,1,0
70.97421790807071,6,1158,0.16986827470643473,0.04863400073940016,1,0,0
97.18428976311144,3,405,0.65787730940157,0.30754051944379057,0,0,0
53.95964444352236,4,1741,0.9190868652724433,0.20685174640827875,0,0,0
10.97094587410854,1,265,0.9819009995317001,0.6979065682524198,0,1,0
693.7959593199292,4,233,0.45004708834688467,0.2046679850182287,0,1,0
105.14338596290376,2,447,0.5397068419606431,0.7027252401534624,1,0,0
134.04120666748076,1,2475,0.311215055109619,0.7965579531433042,0,0,0
84.95249773705653,2,968,0.6725147910716052,0.7832376514904745,1,0,0
43.15866460215668,3,1052,0.7652207814267301,0.028052005197182428,0,0,0
74.74449163480449,3,1325,0.0411965410551024,0.9305136639007183,0,0,0
18.185148378689437,3,1594,0.8466288198946436,0.7146362771165334,0,0,0
877.5083737708602,4,979,0.5137983240821893,0.812787533056836,0,1,0
26.192890044133815,3,29,0.5797149230327927,0.6457456144714999,1,0,0
32.07361457118126,4,1887,0.20622613792923528,0.5291231728074732,0,1,0
57.95928583061834,3,2425,0.010300491175534332,0.6446779773252851,1,0,0
326.3843663896698,1,1974,0.952203316868541,0.36013308686538814,1,0,0
91.33271058302245,1,33,0.9284003994199125,0.4578153018680021,0,0,0
26.15039260488971,1,960,0.7743401801397389,0.7124305868069827,0,1,0
315.55669374702956,4,620,0.473597330782769,0.6676449357257486,0,1,0
186.97980694742148,3,1296,0.3176210030357629,0.5935335924124687,0,0,0
154.2284519212032,7,899,0.15607810757284246,0.04921389413574573,0,0,0
184.14697964798842,7,703,0.08092040833897673,0.2877941648779463,0,1,0
986.6959138068243,4,1942,0.45730507436760637,0.6034679198136945,0,0,0
800.3866272898714,4,730,0.7922472305854735,0.4636209918427777,0,0,0
45.298986401539466,3,2332,0.7259221978443647,0.3380826191976726,0,1,0
456.63527769221497,10,919,0.7559339876421105,0.7170251706031577,1,0,1
132.04835612186335,3,2184,0.11865016168261222,0.38702969863151726,0,1,0
148.27902696836424,4,653,0.8627490955556546,0.9084150443393493,1,0,1
16.572242684490153,2,889,0.8039723692683538,0.5316943948416615,1,0,0
75.91499554209317,5,1583,0.09408879330339315,0.4835091081674737,0,0,0
39.93193619627236,2,2345,0.35653280886343064,0.3371959469655945,0,0,0
206.03762853361582,3,330,0.37522420319786354,0.1342316730318378,0,0,0
262.717812638836,2,2496,0.7351115933404055,0.009607645565326006,0,1,0
11.308036289152943,3,15,0.8604833999379176,0.6768907588060237,0,0,0
88.05530966784961,4,2264,0.37572563806442794,0.0653750522260268,0,0,0
276.40343094705764,2,1725,0.13083888418399658,0.3250376933510224,0,0,0
74.68811957726156,5,1277,0.08256168360196747,0.8756351415232756,0,0,0
186.61798100581026,3,330,0.6388420786012923,0.478084021306207,0,0,0
127.88935392460937,3,2005,0.4979781452204346,0.8833669088420248,0,0,0
126.67949458355568,4,1454,0.9020481911196992,0.061519221908981736,0,0,0
68.62692990638665,4,1083,0.9535281094162181,0.8433874042899518,0,0,0
26.666795996540777,4,2224,0.8980575793999318,0.9314848976912483,0,0,0
29.325863869612967,0,1398,0.07563358527192432,0.9136237316938888,0,0,0
182.97554580938873,2,295,0.284263821023648,0.33651965201417555,0,0,0
91.78586002362964,6,1662,0.23880741418200213,0.09511447067318934,0,0,0
78.3736485476127,2,1578,0.0686631764243113,0.9150726647632896,1,0,0
58.91583839660009,4,2355,0.9182725389905189,0.15735925897702485,1,0,0
66.34120215805483,3,361,0.8947860575540733,0.5460018209167805,0,1,0
256.4443788450326,4,1790,0.3907671616031043,0.4074546083288888,0,0,0
64.37696727521619,3,1961,0.9587099602745836,0.9578549371270977,0,0,0
23.54551335729994,2,639,0.5633456288982742,0.41594072984109887,0,0,0
189.36034280524075,2,2283,0.43403162032582976,0.3703104585928414,0,0,0
73.3412595147259,1,2481,0.5496500213267329,0.5868034868844154,1,0,0
92.8881299697303,3,387,0.4220555650377943,0.5277506350125817,0,0,0
449.2494522459109,1,1056,0.29188722681693535,0.4521278228798311,0,0,0
88.18522594147352,6,1711,0.18110214288961846,0.5025896212305173,1,0,0
120.20320349500574,1,1598,0.4606251831710362,0.09844748110924906,0,0,0
27.69014319972597,0,2274,0.5307768136934183,0.9349147911840396,0,1,0
72.26432286192868,4,2192,0.8216217119968159,0.25035874395550317,0,0,0
165.59185321983153,1,1476,0.4733785189310056,0.5701370629666126,0,0,0
19.003558786100797,4,2066,0.8294117018756295,0.03547833499467079,1,0,0
110.04012732288301,1,1414,0.9546522009719128,0.2956693750336553,0,0,0
99.56304609927525,3,747,0.7214875955473554,0.6887017836948816,0,0,0
93.811500545126,3,2410,0.11971447360064591,0.4573638305409965,1,1,0
253.95546034202292,2,321,0.46126531928734216,0.7301664358159292,0,1,0
125.76794654349372,4,2121,0.8567097298716981,0.15541213685096522,0,1,0
394.67865349917327,5,1983,0.49164200523250634,0.9880691291540394,0,0,0
33.32841993169107,1,849,0.810727688962406,0.44572573681595695,0,0,0
103.12321827975306,3,2148,0.7758946230303215,0.5387889771611545,1,0,0
97.95094443839416,6,1506,0.1598447780412261,0.257582599234632,0,0,0
30.89967006210518,1,256,0.32948828589773305,0.33914745994372264,0,0,0
234.22800050098385,3,1339,0.7639110068607441,0.6545880293688316,0,0,0
920.2757062486228,1,863,0.15917794629306636,0.34172687530500023,0,1,0
88.49923655824516,3,2210,0.42278970678069927,0.7185479302294927,0,0,0
149.16022865695828,4,2341,0.13735638599367794,0.2858589720847754,0,0,0
97.95600759728237,4,162,0.23570408664942955,0.7654588711951739,0,0,0
44.09803969449547,3,1665,0.2856210378453792,0.6749627260708,1,0,0
14.574008787394398,3,1333,0.5302652216280473,0.21210041344445685,1,0,0
44.44384654326051,3,1598,0.9119046163622728,0.05003368693708665,0,0,0
22.377178421642725,1,2271,0.38555771055050014,0.9302120747073397,0,0,0
494.77448755292846,2,2355,0.8499656477042837,0.23519023270556405,0,0,0
80.22942205012896,4,14,0.6951776811002073,0.577185873334897,0,0,0
63.69338244722927,2,1634,0.7804536920798899,0.29785319786599085,0,0,0
219.0179795367206,5,571,0.762206263888324,0.6581987927921604,1,0,0
29.31938487653702,0,227,0.3021180191071403,0.7012516280427584,0,1,0
41.81001741917741,3,1483,0.2362504741906667,0.07430643615931742,0,1,0
96.35817799435365,2,2193,0.9775832368632142,0.05001876323792298,0,0,0
251.83371067534281,5,1669,0.7378274418068826,0.9907400229288155,0,0,0
148.66345279817506,6,786,0.3657782781238602,0.7680448925551964,1,0,0
115.3908593482207,3,823,0.5543823239312328,0.26158471284733564,0,0,0
97.33101893340532,1,1583,0.7758719206366704,0.4913796823863419,1,0,0
134.32145640708174,4,433,0.05576820756268552,0.9579816604428159,0,0,0
110.12905497328268,1,2290,0.09903251633749521,0.5438613482446784,0,0,0
32.13763345545767,4,277,0.02507947384134801,0.419291833079254,0,0,0
94.26210203440479,1,1212,0.1640669452096939,0.037577598319315175,0,0,0
30.762959144969507,4,2148,0.1193544144928359,0.5847819954177125,0,0,0
97.62001488137179,1,522,0.4630529778017036,0.8816545113772953,0,0,0
55.6650264593113,5,1077,0.2871994780684697,0.5428129646324481,0,0,0
1140.6820167199505,2,647,0.04558955169877843,0.7817804888565127,0,0,0
86.49664406495602,5,1310,0.4494438186371894,0.8859774157386064,0,0,0
22.104040806614375,2,1885,0.5785767586472282,0.4073180831077706,0,0,0
78.71390231568178,3,55,0.37023026686006943,0.4115824653184271,1,0,0
151.31424175907446,2,577,0.2603490258720892,0.9213888406126635,0,0,0
479.7974070463832,1,1045,0.3904555901387229,0.34061712866024574,0,0,0
49.92628412542746,7,836,0.5198982099298862,0.6615070566782312,0,1,0
18.49632430220739,4,2407,0.43602774814966105,0.619897116225809,0,0,0
203.73843941239528,3,143,0.0932755138626874,0.4851718685107401,0,1,0
22.632825180050688,6,610,0.4568382502747367,0.6419805148996787,0,0,0
58.19762570697959,1,357,0.7203332436333743,0.7031408888419618,0,0,0
69.5732054805289,3,643,0.8199970457079299,0.9248110186541951,1,1,1
83.9621873332085,5,47,0.43953839199806255,0.8007634933542719,0,0,0
179.31866188097487,3,427,0.9937931414415223,0.35803260377020485,0,1,0
45.43877056021692,3,868,0.84285828108455,0.43214151219219754,1,0,0
68.46144552975889,1,1563,0.21538502117581837,0.903655852989384,0,0,0
88.74167729945187,4,1572,0.45677011275272095,0.2709224513191332,1,0,0
104.54294642134474,4,941,0.29546398044499533,0.32484775498199414,1,0,0
99.26838827591553,5,1587,0.5502399016839665,0.6891215126027664,0,0,0
139.21308921862115,2,672,0.22411890891419495,0.11077951241159567,1,0,0
209.31483574949587,2,529,0.035229300687181,0.7871988577218304,0,0,0
133.30425080033385,2,2220,0.9043818148388406,0.948368550159748,0,0,0
141.6820586302638,3,1420,0.5197607412108809,0.6431580087716163,0,0,0
18.500112871975322,3,566,0.9149621778261504,0.07223712188360232,0,0,0
94.6539584887289,2,525,0.11815156329077414,0.2385233086905093,1,0,0
145.40276014017599,2,964,0.1514825738632185,0.09750930030680693,1,1,0
186.59513095246115,2,1351,0.22648406134515642,0.30909775038422416,0,0,0
45.04442503410048,5,450,0.4571189534551062,0.939550083202573,0,0,0
46.57019410961644,2,783,0.8800020940438633,0.35920648511128417,0,0,0
50.69865211376414,3,1764,0.6504119103623737,0.18436487597137885,0,0,0
153.91706215298737,4,2110,0.055004755575803865,0.6615682275246476,0,0,0
253.124396819893,2,1225,0.4071954754087507,0.8996478239948359,1,0,0
59.891817475390916,1,1094,0.7232545764136296,0.034494354013890116,0,0,0
223.1763606042878,5,1725,0.3223863569709866,0.6684190686562413,0,1,0
101.84782720536451,4,497,0.49256158866684885,0.28909012855026217,0,0,0
79.49659756640416,4,208,0.7114307049100913,0.37407042356403175,0,0,0
72.86553601122009,3,1489,0.9649851104168347,0.2372456628753299,1,1,1
189.9216017428069,3,1502,0.3332134638884259,0.9060913698609155,1,0,0
124.65847733805688,6,1155,0.7443774599038215,0.8860221935918088,1,0,0
876.4024713869168,1,473,0.7474032223775163,0.6048007488560048,0,0,0
38.389168788333656,5,2102,0.5427022439357633,0.016080303485312086,1,0,0
151.12415265886028,5,1780,0.8133645524333729,0.9465767186313263,1,0,1
53.02688187673717,5,1414,0.5361163539751953,0.4674122521788381,0,0,0
37.7397159347668,6,889,0.624999042698611,0.48894127981060254,0,1,0
89.0441988690388,2,2263,0.8372220776070138,0.772950983094676,0,1,1
103.27057436080611,3,2034,0.4762655723821134,0.6137068397809177,1,1,0
1665.9878921112834,6,11,0.4779554310585399,0.12140425630446006,0,1,0
74.87755536870812,1,411,0.5910390271918403,0.10536096484091928,0,0,0
29.07333033205858,2,1741,0.8041946058393818,0.2521362516703447,0,0,0
118.27479845687199,4,109,0.12718613321271977,0.0705800765810729,0,0,0
11.306298529832425,1,27,0.7712169913045048,0.8329794316251632,0,0,1
82.10863745128262,2,1440,0.29475910793560434,0.039456196097414464,0,0,0
91.47130186764586,3,2397,0.07103324496931174,0.9459791231445043,0,0,0
199.25798316594404,0,1006,0.7921755796894091,0.11111819206436113,0,0,0
238.32189251207274,3,1313,0.14514318409850935,0.8576346476790055,0,1,0
54.40360288063605,2,1012,0.213262566779171,0.23724322224909844,0,1,0
77.43090461776251,0,1677,0.7061678117422088,0.6607347671717477,0,1,0
41.84110248315552,2,2273,0.5645227233968334,0.34211719091189663,1,0,0
29.13491972145202,3,2398,0.9204962686651783,0.06727958529116729,1,0,0
122.71870429983458,0,1910,0.9543345313739252,0.7304262136095864,0,0,0
25.189177837986772,2,1113,0.31396158934320895,0.8078683780933135,1,0,0
59.46411964199425,3,1127,0.3241974420534641,0.298739955639006,1,0,0
33.275654719337815,1,330,0.20974176747101414,0.784577864055246,0,0,0
155.97304225985107,6,1956,0.5176165600591645,0.45749069536882714,0,0,0
545.351259155562,3,1149,0.37798764421704123,0.7295027624043156,1,0,0
24.493603876378103,1,2131,0.014652824381848117,0.6452940576469902,1,0,0
14.111379337378933,2,267,0.39495527613279013,0.9298720247154364,0,1,0
79.44882587013554,4,1385,0.061701681076342885,0.3279961572676907,1,0,0
91.44135117050959,1,1081,0.7990440343741886,0.11004355170632496,1,0,0
112.01797021325793,5,2235,0.9288930628047007,0.7882787882538066,0,0,0
57.60903913205391,5,1871,0.29582383608908414,0.8127940878223523,0,0,0
73.65269256550313,1,1511,0.6507132306499671,0.026110679436413875,0,0,0
129.99687484861684,2,2446,0.08852096155304512,0.12613070499019685,0,0,0
254.7877619815572,2,863,0.36352386617792265,0.8322027881526366,0,1,0
12.742606609930736,4,521,0.5759130839900617,0.6006054790783566,0,1,0
62.24390139383508,2,1545,0.10417263699260737,0.4528275363037453,0,0,0
111.47594123505674,2,2161,0.37713989783005053,0.8267046975547732,0,1,0
35.94621866231902,3,122,0.9552411833102298,0.24600469910458533,1,0,0
508.3497178892781,6,2037,0.16608272936459545,0.3248783264249513,1,0,0
47.683723811042924,2,386,0.6202295652339492,0.7735190803506654,1,0,0
86.37578004793158,3,784,0.8333478025247468,0.5910327063478308,1,1,1
156.9648816928338,3,919,0.7711708708024941,0.20841865907397128,0,0,0
49.834883524711934,3,2430,0.771381920953923,0.893981735279897,0,0,0
14.202627066734701,3,156,0.05912265480747558,0.994344488081936,0,0,0
58.6358024354594,4,1599,0.9736017899275262,0.1445522294850069,1,0,0
252.0028900573077,1,2429,0.7271444623754948,0.2965181575571679,0,0,0
64.27076570652243,2,1681,0.9543409314306884,0.7494628145544997,0,0,0
38.61209998801371,0,1956,0.9792587844426603,0.12345892043097506,0,0,0
227.16399680030185,2,2437,0.35700281580657534,0.4645689312943494,0,0,0
64.66532378556191,6,1047,0.5433823574579437,0.2184291229233858,0,0,0
54.04619729817607,4,787,0.7294652622360353,0.664386785202633,1,0,0
104.528116189722,3,1835,0.8490837871743884,0.35978967340605017,0,0,0
194.56186989420775,4,228,0.9709474677848404,0.8481632553821655,0,1,1
974.2944146476174,2,1787,0.9744560269120224,0.45826938721360133,1,0,0
205.86818959463417,0,714,0.32775398672975453,0.5365147537480331,1,1,0
287.1026927985549,3,174,0.6804781386868824,0.8889962583351837,0,0,0
54.27337640110865,0,1399,0.1469326872525194,0.7685756311269442,1,0,0
32.269802765286656,2,2435,0.8105242415335973,0.8088435715719168,0,0,0
95.80657829857883,3,343,0.15950108139301855,0.012495403773598257,1,1,0
100.20017300635428,3,1148,0.8906803152662293,0.6573673703245962,0,0,0
30.6149134731157,3,740,0.9790999493183034,0.46594860986126163,1,0,0
75.543259833729,6,2381,0.08634831203052928,0.8836938608857081,0,0,0
134.19817183021644,2,1478,0.5123590844952186,0.03826447012502254,0,0,0
129.07496957087784,5,706,0.26473173094872837,0.8447402891262372,0,0,0
149.05089926014432,6,2127,0.47003429246127126,0.13549871825084236,0,1,0
120.41748301964432,4,2056,0.29377469132567235,0.5918472608147057,0,0,0
54.216828041659994,3,1890,0.06564714807770289,0.7265308569465454,1,0,0
53.84445210677602,3,567,0.39412892411548417,0.19754709781784097,0,0,0
27.141084199503176,2,712,0.20456973150201885,0.1666920150322737,0,0,0
536.3436207670145,4,2318,0.5492896782127434,0.6822876967739255,0,0,0
91.23607377209024,6,2480,0.6805565458057683,0.16722117805937764,0,0,0
71.89070245567338,3,601,0.405307140619767,0.5130356454149851,1,0,0
35.55952022422594,3,2274,0.2036399720004849,0.2625204160436939,0,0,0
1695.3727418381243,2,1696,0.19170489967991167,0.0316632293039647,0,0,0
30.774055089876697,6,1444,0.002387105259524791,0.06710926968628073,0,0,0
58.62446344461656,2,2031,0.7023850431891286,0.1314107921103671,1,0,0
136.4334344926589,3,2383,0.25312612705259774,0.5452569939147188,0,0,0
164.05684206729,3,122,0.9707398056512978,0.21143042164983827,0,0,0
234.6117582111865,1,476,0.747057167169426,0.8494930941116827,0,0,0
548.7310922554607,1,786,0.2953784632089035,0.027208340681100895,0,1,0
149.3298556564277,2,237,0.1589457443917891,0.6594860587640164,0,0,0
31.310991437297705,1,1668,0.6243438894564693,0.08950990898608568,1,1,0
69.62020833780846,5,382,0.8645576324873699,0.8903666189780993,1,0,1
122.46586921543506,0,389,0.5843227722217467,0.04116640772411129,0,0,0
712.1054764387443,3,1471,0.01097415465601026,0.14302860848178178,0,0,0
22.24671865542069,5,694,0.7862966638936684,0.27768025480204195,0,1,0
299.63842723737883,2,461,0.9642228417230819,0.10060257171711628,0,0,0
107.76084456630826,3,110,0.04747203502595154,0.9115219778877812,0,0,0
208.06083964586958,4,214,0.8091303937910913,0.13237564090357512,1,0,0
81.28855919674687,3,585,0.7189952322008049,0.08299514802340702,0,0,0
38.7669224894095,2,515,0.3974961503445781,0.05983477857196251,0,0,0
190.73266337479456,4,2050,0.6340712000919996,0.8060067818305515,0,0,0
173.19723418734978,1,210,0.1588052243104917,0.6498760475711762,1,0,0
237.94914294671432,1,58,0.7200950385289366,0.7569054180502388,0,1,0
88.82741809050869,4,484,0.5812415452909563,0.7049429096010964,1,1,0
49.41124237188826,2,1753,0.08658363256707136,0.9679251301499328,0,0,0
18.938805249797685,4,1137,0.8682385449092037,0.7684747216436453,1,1,1
204.255828234208,2,485,0.1283618691052807,0.3825533081325275,0,0,0
137.53652008290643,1,71,0.4383036524887418,0.28978395535112944,1,0,0
34.268184808995784,3,1507,0.13117349486122432,0.29199324461253995,0,0,0
52.532200619064724,2,1638,0.6461216349888892,0.3127121616191152,0,1,0
56.44355927867388,2,1069,0.737855259975959,0.1863755710196182,0,1,0
20.43022798348394,4,1766,0.9472324301999987,0.39313963279149844,1,0,0
39.73838524842422,6,1829,0.25260396838494303,0.11007005045871032,0,1,0
28.967358966408334,4,1228,0.36629728181299204,0.29713956846361655,1,0,0
59.591979216583745,3,476,0.3867180558854385,0.175151603057082,0,0,0
43.00440282239541,3,572,0.097001045400532,0.919626984305211,0,1,0
17.68992165048346,3,1467,0.8079070325442026,0.4612477014277805,0,1,0
680.3383381747519,1,1271,0.08270859878391057,0.8226034319806271,0,0,0
314.9899492044835,0,592,0.33854458632610374,0.5884531921702479,1,0,0
41.30487693051272,2,1574,0.19038396222741216,0.5985359303245936,0,0,0
118.20511718753158,1,649,0.6643796997561396,0.0032051266285645363,0,0,0
136.65576366970996,3,466,0.9055700350583464,0.012756382771289987,0,0,0
296.2150926452665,1,225,0.7464845557730077,0.27876027896629796,0,0,0
39.701738328233674,6,2290,0.7745184475038063,0.05908054034625099,0,0,0
268.30027542373375,2,1747,0.07850278715939285,0.277206097174968,0,0,0
52.04426964856466,3,558,0.738961042825645,0.618018548677674,0,0,0
23.66832356784066,3,1578,0.06253054457946805,0.7091517863798663,0,0,0
185.70075969205294,0,453,0.48420681463734216,0.6122863999249041,1,0,0
327.26113301590186,3,1898,0.691944601108673,0.5544095244639364,0,1,0
1197.401383045015,3,742,0.25473470191909386,0.0812750788082478,0,0,0
27.12008873238064,2,1942,0.6825681794936883,0.1282922385388846,1,0,0
181.0765165093665,3,709,0.880530721655422,0.041034011245930424,0,1,0
59.75176655845649,1,193,0.8779655437240892,0.8124309798841954,0,0,0
197.03053377787904,3,154,0.19210382619372013,0.32357055020288616,0,1,0
20.68710271344082,3,466,0.2745155307175573,0.4023329082947821,1,0,0
25.46309691798065,7,567,0.6660377442198399,0.6241694403359278,0,0,0
41.43496861434645,0,1474,0.8413156034870037,0.9689072968898902,1,0,1
97.41342605617766,6,2127,0.45521869240811863,0.6150980398232229,0,0,0
47.41405640944626,4,11,0.9221999921770068,0.11732830296568142,1,1,1
173.99983377768638,4,570,0.5746145465005783,0.9025834219184607,0,0,0
251.36212243011235,3,1005,0.26194755828155836,0.22963996359939565,0,0,0
163.95262944375827,7,2287,0.019965954743607628,0.7906365301400167,1,0,0
454.3135687332571,3,810,0.8073587948462042,0.7476178689556026,0,0,0
136.43204194679558,2,849,0.09280414782517876,0.4150722328304468,0,0,0
26.658373120721873,6,2245,0.07844298007290207,0.5221929963440578,0,0,0
351.9103703680831,2,2209,0.7771333096628285,0.22861650686819435,0,1,0
49.14837403680602,2,499,0.03164973960602324,0.7025914750960031,0,1,0
223.7251970160464,5,2220,0.8427600819276537,0.979266608863546,1,0,1
434.2994254277036,2,1159,0.5987246320823881,0.4271738097206964,1,1,0
142.122307987505,1,2274,0.6365453511862211,0.9979166161124385,0,0,0
20.162837591306566,5,1909,0.9380510736350198,0.25239746240337324,1,0,0
35.93773413115441,0,1844,0.8666914013694579,0.12060777518131216,0,1,0
337.89813248757736,3,32,0.07599540100708457,0.9984892024699603,0,0,0
76.01094281710688,1,295,0.8529855588090933,0.37607557016064175,0,1,0
97.47281659161908,3,1614,0.6671450325769281,0.8593597779311185,0,1,0
192.25534611962428,3,1556,0.31677327846297776,0.02950913740516281,1,0,0
180.6069028621141,3,1552,0.8533607682904805,0.6280962760577857,0,0,0
118.9614882266934,2,1182,0.0232987812425125,0.003314403397516763,0,1,0
73.06369747110868,5,1129,0.837543831215312,0.5045035083313951,1,0,0
65.84684757771954,6,726,0.6201909177394601,0.7365595847471672,0,0,0
212.2784434268694,5,586,0.2611678047077488,0.6213509578526436,0,0,0
156.5803866885705,2,733,0.005957093703553684,0.6276350964661471,0,0,0
69.59550621519065,2,334,0.5213251799878199,0.3266044944204285,0,0,0
265.63211175685564,7,1739,0.4222563756174511,0.6337347626927402,0,0,0
79.12001563061324,3,362,0.8625477691782818,0.8547627625785778,1,0,1
38.41076756652157,4,930,0.7879154250740957,0.49664320613950286,0,0,0
42.14134398067809,2,935,0.5896578968026162,0.5417038453001618,0,0,0
33.82699538320204,2,1073,0.1508490388132565,0.8383867251335713,0,0,0
68.5518219041573,2,490,0.7261240078111073,0.12185268505558744,0,0,0
309.11837011099465,7,133,0.5936224201372878,0.6010868751900487,0,0,0
40.24174215519446,0,873,0.02254334222765264,0.4744294969210845,0,0,0
108.68738793276795,8,299,0.7618070072827414,0.4172713324109394,1,1,1
46.67975945644331,5,1723,0.8317205228473248,0.40764129197798427,0,0,0
69.38640526208457,4,1966,0.7744940906675821,0.6328568606510329,0,0,0
19.88486297999812,6,1848,0.17633054906840484,0.8975841170219405,0,0,0
72.20156855804439,2,1178,0.5025005607782645,0.6500596519780011,0,0,0
74.16516905333708,5,194,0.5272816220591884,0.2643697368373993,1,1,0
154.51450014971698,3,2446,0.9343544439809814,0.13780410764694173,0,0,0
112.53687134711141,2,2484,0.9256038755916721,0.9782448976858168,0,0,0
27.156267721693574,6,2436,0.06227943922545631,0.3041541553326722,0,0,0
266.1867803258297,5,2383,0.9991972150073355,0.4661857313601879,0,0,0
111.08581827655256,5,1430,0.7866899860431475,0.01734380428817961,1,1,1
109.77068600737239,3,368,0.37553162365242965,0.8111684896203795,1,0,0
89.19434552620649,3,738,0.7432825034958177,0.7931031574783686,0,0,0
53.63718367163839,3,1890,0.37665009125594984,0.6946871065714708,0,0,0
111.92201562924677,4,528,0.9362792357987764,0.35606462326181687,0,1,0
144.83402562256987,3,2148,0.3781131798313583,0.37363045530944006,0,0,0
15.691266891705055,2,1463,0.766098315524679,0.4960089644504292,0,1,0
52.52236939972334,2,278,0.15527422637002053,0.40200137877543407,0,0,0
69.7594593617941,1,1402,0.8523176068535366,0.16844103557433832,0,0,0
116.2997146198815,1,1312,0.6204438739133953,0.23102701939055414,0,0,0
296.87494986916334,3,428,0.8076005958312745,0.33082626395172887,0,1,0
41.60661568045025,5,1617,0.4179593907098873,0.019890508427114373,1,0,0
54.70954290568193,2,329,0.34631502977249085,0.341250519841668,0,1,0
53.91808170877152,3,1024,0.5326220430072417,0.8210839512057291,1,0,0
40.385564626680434,5,764,0.3881888828519473,0.46924988876122864,0,0,0
63.612723469373925,2,33,0.5141476460084567,0.1856233919729795,1,0,0
194.57198939204702,2,2168,0.430646576827064,0.6947741734662028,0,0,0
31.379804105650955,3,386,0.1966433999959254,0.02164258424613663,0,0,0
138.07739967676474,3,14,0.9766289509477225,0.15457010389087789,0,1,1
16.413395003816724,1,2369,0.016085340230571732,0.5821386447079943,0,0,0
51.349849400079535,5,86,0.9256474131420911,0.6724004124562467,0,1,0
64.74851071548068,5,1088,0.8273939646927059,0.29473640120988986,0,0,0
480.5155898369371,1,1825,0.42090344891842124,0.2779820189719684,0,0,0
68.38802219918944,4,80,0.3220970077950611,0.02064835076871241,1,0,0
9.961787531713558,5,394,0.1646864352164198,0.28494626761484354,0,0,0
12.196037368756645,3,667,0.13305978308512856,0.959311588873448,1,0,0
93.133093812583,1,1922,0.5509186484811975,0.39707053111724644,0,0,0
166.296253235196,5,1374,0.1054267035471329,0.32782629091538995,0,0,0
131.03387238821978,5,2259,0.47647135974344224,0.626586203346501,0,0,0
106.4387929444077,4,2451,0.8147103792756438,0.989093544983494,1,0,1
287.7982165240066,3,2315,0.7570182794689752,0.43771734542000074,0,0,0
52.478773799552165,3,1076,0.13251188625874466,0.0949421133784969,1,0,0
220.28244327836677,3,32,0.961076044077523,0.7174346696402217,0,0,0
17.601517412968157,2,1021,0.2861698880680569,0.8974262429216872,1,1,0
36.41759973750744,2,1360,0.7056905971382242,0.6803739341343737,0,0,0
14.775325670829895,4,2001,0.3004966087742298,0.4972728897302743,1,0,0
68.38508185666787,1,1821,0.6174261576493556,0.24644585346410575,1,0,0
85.947683756478,2,468,0.5724886577130971,0.44599169479371326,0,0,0
100.89713093586721,3,292,0.17831598302366858,0.42224053326081423,0,0,0
95.76366687740405,0,600,0.6525589479212442,0.9626776922337739,0,0,0
35.60359689705482,2,171,0.3260060782239652,0.03694665374521511,0,0,0
74.42256252329246,2,2416,0.6111504952555081,0.3646593633011833,0,0,0
20.136887484786225,2,2356,0.5413772201624616,0.3110525176825194,0,0,0
351.858453902883,4,2116,0.8426524781519118,0.9821354550346587,1,0,1
66.44495942328199,3,1107,0.21359215504539342,0.006471381143320576,1,1,0
55.20833183630042,1,176,0.15141233638515006,0.2924671959898232,0,1,0
440.9538971817791,5,920,0.8548981018453796,0.9738350111652827,1,1,1
25.991081669061877,4,1918,0.4445456244472815,0.1592262373856217,1,0,0
29.207130830014627,5,112,0.7818430815243442,0.7893033256096846,1,0,1
30.077568913824177,3,1793,0.9595726769440736,0.5637326049520446,0,0,0
84.11026514257223,3,355,0.5443271576169122,0.9059494792238386,1,1,0
138.60548075177837,2,1794,0.3006796520097631,0.8731020895265181,1,0,0
188.6088828766055,2,191,0.7942293330351189,0.5762342518094223,0,1,0
1178.4971658508932,3,2310,0.93094334546626,0.5542627424850731,0,0,0
9.493122089304752,1,1748,0.24514914438459212,0.15109845089411544,0,0,0
165.46101185095335,2,1363,0.6883447128316088,0.060419120922518,1,1,0
51.56635512846039,7,925,0.780584107578578,0.7320979206099328,1,1,1
50.07815329996409,2,2168,0.026562392569889126,0.6125610701311094,0,0,0
48.435250839110175,3,937,0.5922681765192014,0.7953722051941687,0,0,0
36.27868320302532,3,2432,0.6331653730276445,0.018206493243852817,0,0,0
485.18236695569783,4,329,0.6365413374983642,0.9336836094885644,0,0,0
208.9922828277391,3,765,0.08410703450723034,0.07303128892723032,0,0,0
92.12957209736162,3,773,0.021688128472689416,0.9046337391086331,1,1,0
347.58726385502064,5,2133,0.29369357750391134,0.19122933640577156,0,0,0
19.835455828112984,1,2065,0.3578324517491931,0.2599854504043999,0,0,0
23.790702870569476,2,1560,0.14462380579025025,0.8717974587943251,0,1,0
10.196375028944537,2,384,0.5095864443074993,0.45143894857274014,1,0,0
44.72736290572048,4,1648,0.227545836809114,0.6944164578934963,0,0,0
105.8156603291754,1,2130,0.33753147448483434,0.8999811575952446,0,1,0
99.7691061652642,2,1542,0.29282372920243094,0.29159552369236386,0,0,0
104.51618199672413,1,2154,0.7720314536566697,0.1357635621790817,0,0,0
21.95386418570478,3,1684,0.8770751401368799,0.5404598432603397,0,0,0
200.9698190116717,2,147,0.2984725923949695,0.3882575573254209,0,0,0
114.39158496466534,1,2322,0.37664928223415384,0.7987571387571568,0,0,0
187.3641934666126,4,1725,0.8152733219862328,0.0050489244800628885,0,0,0
13.561539688419172,4,735,0.7590996376364433,0.5803857739777493,0,0,0
122.91472949214089,1,38,0.7087936657971122,0.5159341115022192,0,1,0
27.446393090877642,0,1975,0.7078574414341954,0.849721872011789,0,0,0
60.50201966962698,1,571,0.2971789248911404,0.5765666183597504,1,0,0
153.60200878207914,2,1748,0.9365288716807655,0.9956797252418067,1,0,1
98.60220320684091,2,660,0.8091941027055259,0.02653347426588959,0,0,0
38.41546143995148,3,2130,0.21193173935802467,0.5035733429096829,0,1,0
90.58359773299125,3,1420,0.662151497309115,0.9760049009582935,0,0,0
19.462016316102204,4,881,0.15489320422693986,0.9456023526159776,0,0,0
284.36749436020904,3,849,0.5776352724906368,0.21859604371369212,0,1,0
73.31138962388596,2,1273,0.28909755176839513,0.8272207351671879,0,0,0
275.48961816059693,2,765,0.10524625531577203,0.8053723395173924,1,0,0
53.16861682105604,3,2331,0.6031757974396006,0.9624872917593051,0,0,0
53.32599970573068,3,2034,0.8842974369499939,0.5093704936230626,0,0,0
41.92210331957031,7,1706,0.14071074068614475,0.5292373331461075,0,0,0
216.19351982381585,2,252,0.8990645072928437,0.7864622085728287,0,1,1
44.281582366593206,2,1006,0.12781354110351617,0.9989883647057914,1,0,0
171.5020864489663,4,1396,0.741877746628409,0.30913530823817736,1,0,0
61.40845948741191,2,1325,0.9895982099135324,0.6833012646193036,0,0,0
12.478868579135078,5,1348,0.09368000297144541,0.6711501472554511,1,0,0
50.89099193784222,3,708,0.21267133145886197,0.8573243993160331,0,0,0
27.685028664017935,4,920,0.46355545699185907,0.6494860767997569,0,0,0
93.12127944958002,2,855,0.7375970461306088,0.4582002223458145,0,1,0
27.373961855354953,4,2084,0.897907953183188,0.3108197589686921,1,0,0
227.23281320000683,2,1254,0.729109531849033,0.9691772782769182,0,0,0
82.18100064552668,3,1669,0.7712208680870749,0.3357361589353596,0,0,0
75.3695995893376,3,1189,0.4521362120148541,0.2551446410632815,0,1,0
173.45047948095564,3,1563,0.3558154959202686,0.7926564647984907,1,1,0
236.01773112191242,7,1631,0.5077641253157597,0.497650989328116,0,0,0
88.22595977579432,2,1152,0.6495258488773142,0.18324648162783252,0,0,0
41.62911076121789,6,512,0.5023421760252775,0.35906410210437334,0,0,0
15.272141991536763,0,278,0.7903288106633813,0.20346817312938892,1,0,0
45.32914680731619,3,331,0.157074334691913,0.2090258473904696,1,0,0
48.55939818026394,4,2408,0.3961878278440758,0.0757937373510047,0,0,0
100.18890490134444,2,871,0.06650944958494476,0.6451882738746142,0,0,0
63.74260127436963,2,1464,0.6714376636852789,0.37126896295536793,1,0,0
179.09796955208046,3,2150,0.7570319817208087,0.0595117637946998,0,0,0
48.76518951604779,4,377,0.6673852753311093,0.6509911434091111,0,0,0
85.02614803687977,4,1280,0.9551551925846606,0.29684525161974096,0,0,0
294.1198811369753,0,822,0.9321430212588075,0.16205411645314893,0,0,0
126.70039614437084,0,2,0.2704158559026878,0.9603208633749036,0,1,0
84.77175913910884,4,1864,0.24317286745593059,0.07477744607233161,0,0,0
49.30648224302126,5,1883,0.025323143959037564,0.3866651730724263,0,0,0
47.78771524792859,4,128,0.5025681842101491,0.6155407476290865,0,1,0
38.451078579784145,4,1974,0.8611198937823071,0.9934144605822682,1,0,1
52.40453504367652,6,1479,0.15750676206814862,0.08246028217199142,1,0,0
191.64905074413772,2,943,0.593380479342544,0.9315167309101083,0,0,0
72.10415916641169,3,2400,0.7203659353342607,0.8808768874164421,0,0,0
23.34136084943771,2,2090,0.3676867581922175,0.7791701921096487,0,0,0
527.510775726855,1,1379,0.7029445551651696,0.10264896687654745,0,0,0
123.96077577207473,7,259,0.8373166411323202,0.29086288055413345,0,1,0
22.044355869433492,3,1234,0.01050972773348724,0.27111652600484837,0,1,0
57.867219828410505,2,37,0.7352280761831286,0.5342603485466356,0,0,0
100.57325654673873,5,2070,0.5998390665176172,0.1199653581742891,0,0,0
495.0169940024064,4,1185,0.844836196944473,0.8162636371578761,1,0,1
29.722000873968085,5,1766,0.1386057385651519,0.682173580213775,0,0,0
238.89896437652197,2,2407,0.8071003470256595,0.8610648376368388,0,0,0
364.85004260014904,3,1879,0.14118026449371823,0.22262487522160745,0,0,0
48.00694533526926,0,830,0.5848818711501861,0.6204728430460785,0,1,0
68.20285193063006,7,1309,0.27088457940553,0.8509559855777,1,0,0
31.934622071077122,7,1858,0.2400072737306146,0.050449566945747204,0,0,0
73.44514925040346,2,1917,0.498740299249237,0.5505915711479824,0,0,0
86.78293714369805,2,2354,0.7573300182685975,0.7272225314114494,0,0,0
174.10350837811143,3,14,0.6452227466559393,0.3715746339794739,0,0,0
267.78474594748843,4,48,0.9885621955564103,0.3535400720269517,0,1,0
42.602116510164905,2,1266,0.11906093039505905,0.032298367034877096,1,0,0
12.587130911329162,5,1910,0.7217593256990726,0.4897068049632187,1,0,0
88.12490831403323,1,1735,0.055470253431267325,0.5963074688516334,0,0,0
120.72769198129878,0,1122,0.35745269081703746,0.7403945798243103,1,0,0
115.51699796768926,4,816,0.3435015458793683,0.08633369256818157,0,0,0
64.93110290843546,1,1150,0.25621338688208517,0.4166625235450315,0,0,0
101.97748969498254,1,2208,0.5324026727263821,0.2575411887434378,0,0,0
409.7080399495103,2,1289,0.24363333542244126,0.20687834189127208,0,1,0
131.85913174133077,1,1271,0.3675720424908593,0.2456566242504118,0,0,0
61.96883361305597,1,2019,0.8594955471389585,0.36056832414397244,0,0,0
54.587350653844084,1,2233,0.32371669114540047,0.7327847617606449,1,0,0
75.9554999877867,3,1594,0.9859593529483038,0.4356905854110539,0,0,0
462.54320177374564,4,1720,0.27604349265174966,0.06317372599460747,0,0,0
74.94086159824607,3,735,0.9030038619753518,0.347391733151325,0,0,0
88.25282048558508,2,1907,0.4312756204487961,0.10969669454301267,0,0,0
55.572386325498805,3,1263,0.9075284249357861,0.21188578756498488,0,0,0
270.1516201354411,2,558,0.42679289447309776,0.12931763170992638,0,0,0
638.9570608773656,3,1253,0.7703604843557921,0.9719969504056593,0,0,0
141.26153768712268,2,2375,0.39999760425725717,0.8800870841022949,0,0,0
97.78516748050383,4,66,0.6209036699890278,0.6249474408761028,1,0,0
93.38986552340994,2,2361,0.051488160637988445,0.25055921507948553,0,0,0
8.295334192140317,4,290,0.5990000957946674,0.1742860040582085,0,0,0
189.64442364181397,1,2275,0.3159497436767599,0.8419573028249565,0,0,0
102.94207135597054,2,175,0.9962872754938563,0.07271432924783616,0,0,0
138.15027620236916,4,1089,0.8106220967825714,0.6932196948198078,0,1,0
44.19173611663044,4,847,0.07957381921042606,0.2948504619234774,0,0,0
61.28549066375626,2,2318,0.19826951068466248,0.48961320449211543,0,0,0
59.67869347594839,7,2230,0.6160739513729481,0.7287089737454736,0,0,0
250.04051983605757,2,835,0.300427966579224,0.0363397346419192,0,1,0
61.635633142220634,1,2388,0.21290345709589642,0.1755545694562769,0,0,0
722.4587479617323,0,887,0.3556943170036445,0.647148970173265,1,0,0
138.49890493851782,3,1920,0.10620608307074753,0.9197334085741272,0,0,0
25.136408676752076,2,859,0.5544723648907065,0.25810510475533555,0,1,0
79.1586215208452,2,1140,0.283007304493581,0.14967800770852757,0,0,0
46.91441000543509,4,1775,0.8670098842779345,0.9248237202413065,1,0,1
10.030370396746502,1,1035,0.03275260934415336,0.8653317154397566,1,0,0
445.6219470091759,2,167,0.3509419180817188,0.909789469168528,0,0,0
181.8427935704105,2,2010,0.5496003981351815,0.1247185618709119,0,0,0
153.42430492865992,3,1824,0.23516371283264426,0.9235514718643619,0,0,0
106.2084487044852,1,1972,0.05735231714241129,0.5813091000064062,1,0,0
22.600735077616832,3,328,0.07245573218034129,0.6669469992384283,1,0,0
55.49999110291642,2,1071,0.159323286586311,0.4541187352966374,1,0,0
208.88435527552343,6,1402,0.2718909219429686,0.35539799051511967,0,0,0
31.46198432617616,4,1859,0.7057346036379474,0.1128538023692679,0,0,0
7.158000511119529,4,821,0.47464494105264976,0.22361572295366117,0,0,0
71.72891846900446,2,399,0.03292462587277123,0.5876321793526238,0,0,0
78.1197140785096,1,437,0.15503322933027008,0.31686375554185053,0,0,0
103.08598197096367,9,797,0.3679250488278314,0.11969782096900783,0,0,0
186.51630163872653,6,1071,0.4197732524024246,0.709636288258925,0,0,0
170.30753160954478,3,526,0.06314593969801041,0.528535537751047,0,0,0
116.60239397736561,4,489,0.12105919381384045,0.04108392080058887,0,0,0
297.5348580645545,3,1789,0.26219158681631005,0.6725272476650502,0,0,0
19.708109862650137,4,750,0.8366546015693025,0.8615020046202188,0,0,0
149.0947208660291,5,1391,0.20919905010908246,0.7757219455331681,0,1,0
168.43305368491312,2,1339,0.22679465342647476,0.9246831905702186,0,0,0
26.06094188335375,2,1134,0.49452484693203946,0.3378948411098158,0,0,0
20.02796188374631,4,1600,0.8914695500064852,0.0880808448333602,0,0,0
42.693977730195954,1,556,0.5281875269637848,0.7141269653282362,0,0,0
46.45381334036544,7,2036,0.07935798641064651,0.9019671502231753,0,0,0
191.21901824942603,2,2457,0.18643914529433203,0.3189969439314979,0,0,0
48.689393624080935,5,239,0.8558006456916583,0.26535886274595466,0,0,0
38.23118262551203,5,317,0.8767578474622446,0.7148594390371984,1,0,0
48.83104425203806,5,770,0.7954534796668352,0.7282038340778642,1,0,0
275.5123166574318,1,2127,0.5418349512968933,0.8295511723738612,1,1,0
91.1989491355104,5,330,0.4391508113330138,0.7458746915971299,0,0,0
75.24496376234826,5,777,0.26822300791543996,0.40043396854729607,0,0,0
80.63997556413949,2,1725,0.5477942150908859,0.42300608902768955,1,0,0
327.68747509370996,4,920,0.6828206786530777,0.8046353290933235,1,0,0
42.556315670626496,5,2214,0.5992543146716511,0.2671507740402569,0,1,0
335.46186740148806,6,1734,0.2255570235787956,0.10876174113007864,0,0,0
111.10728865192809,3,2285,0.9031045513284043,0.2179483128266947,0,0,0
76.67537632368956,3,1694,0.39043386155566306,0.5053401364697315,0,1,0
1097.6211190837919,4,135,0.8848924749240622,0.5704825473142437,0,0,0
31.32324614415884,1,947,0.3974484207025911,0.07060440059322015,0,0,0
63.200628165629254,2,160,0.0384545765478409,0.30336346453491325,1,1,0
26.24744788377798,10,842,0.7379540915465744,0.7492924540476242,1,0,0
233.33191564184415,5,1125,0.9201391915758504,0.8624725025984953,0,0,0
487.4505910707239,3,1249,0.2547601343952477,0.12993168143504807,0,0,0
478.14918265543344,3,555,0.5424831374353414,0.5187164037825436,0,0,0
306.1112975007568,2,1389,0.807618658733169,0.14974065883843568,0,0,0
73.87537354823986,3,1342,0.3210852987145807,0.7220527289558141,0,0,0
62.47453429991208,2,415,0.2861748657877403,0.15699507503392518,1,0,0
16.92565007986035,5,1047,0.4110652032783487,0.09666952589320998,0,0,0
689.4357677574969,2,840,0.5505748621678326,0.4407226605854273,1,0,0
143.8797783272827,5,1207,0.5525332793370972,0.09472506971010519,0,0,0
55.03905890690444,3,656,0.48635537584606847,0.8160779508430561,0,0,0
339.69796650088637,2,1656,0.8203385972221007,0.826842374663028,0,0,0
34.02976161140109,4,777,0.15291887993290465,0.51172717933276,0,0,0
135.1820021050381,3,1796,0.08516140942459227,0.5724639731189186,0,0,0
75.74488108793285,4,979,0.16856180125761233,0.1325945373361186,0,1,0
170.49008454655086,3,551,0.7040047938929753,0.27664451081564645,1,0,0
84.472535749281,2,300,0.14524463388437303,0.12100226557747096,1,0,0
21.095760769294486,5,1321,0.32282591377210057,0.21437249890703347,0,0,0
97.083979566638,2,1293,0.879680715765295,0.3945282331530403,0,0,0
256.9455364156887,1,588,0.1402289609126658,0.6818449027174814,0,0,0
87.4252020565941,4,1304,0.5281739954927333,0.7279629816525995,1,0,0
195.412971469502,2,2096,0.5060409040223065,0.4444716589788059,0,0,0
31.641530508950414,5,205,0.03404618341324184,0.293040823045277,1,0,0
87.68397931824626,3,422,0.11541488425825885,0.8096428204750875,0,0,0
48.20629166040159,4,974,0.9503924243646853,0.4375665646398006,0,0,0
189.99178608695598,2,1986,0.9610255678067234,0.5605185789587082,0,0,0
92.89701948529368,1,1974,0.8746583789516599,0.2667446101754698,0,0,0
179.48177600445734,3,2368,0.4318604517958149,0.06651615072231398,0,0,0
267.1233204617988,3,948,0.5929414196760002,0.1645143137887103,1,1,0
179.75927147811433,5,1704,0.8241516935445634,0.7131168936669274,1,0,0
118.28753932578513,5,2138,0.6761445676242351,0.27655817618364154,0,1,0
33.174706776438846,1,550,0.8951326411385987,0.1263866055741394,0,1,0
89.7666826616209,2,1795,0.31574086637919396,0.6420279893340177,0,0,0
52.821040094944124,6,1794,0.6241502857159564,0.4780012585318314,0,0,0
63.81166708454076,1,2006,0.5670387877111203,0.023230277980544778,0,0,0
61.896637037070846,3,1283,0.9845949044129851,0.9908301777774353,0,0,0
33.78694297086492,3,1640,0.8780771525707244,0.3822280614517054,0,0,0
12.713461730535313,4,1711,0.16519095943599083,0.6552015314063038,0,0,0
46.14815360882025,4,1642,0.05889284474179435,0.9835810664509379,1,0,0
109.22166618566946,5,2159,0.44640284592469825,0.6345851834957569,1,0,0
23.378643964924777,2,1563,0.5455159160633487,0.3116520094387121,0,1,0
91.43992840114277,1,1983,0.7898661691811907,0.48832620720650344,0,0,0
602.0066093955727,1,684,0.15972708013148906,0.10279359465931448,1,0,0
250.39922777417524,3,23,0.9199275109081586,0.16923938682578488,0,0,0
465.6999343978693,4,1670,0.5715862414096102,0.3116469564242629,1,1,0
133.1036139179255,5,1433,0.8427476065689151,0.08475090153081377,0,0,0
289.31319556448955,6,2489,0.8364768540913209,0.11350565894951581,0,0,0
43.64266685936198,5,1792,0.9518644860742512,0.8395351673405025,1,0,1
47.259785497708734,2,1936,0.6587353860296045,0.24959950737485537,1,0,0
5.817437041425535,4,1818,0.7838250977609966,0.322554939073174,0,0,0
294.75528627806875,3,1359,0.820527242767637,0.1735847428492373,1,0,0
420.0290937954692,3,687,0.46811728382766415,0.4042140384321954,0,0,0
51.77061729564412,4,1171,0.4322798833224085,0.6977915022166612,0,0,0
69.8289230023963,1,462,0.9466153695040136,0.9453251215751096,0,0,0
42.3571774598325,1,629,0.0669716455836683,0.5387852829016035,0,0,0
131.98041646647914,6,752,0.9529441968727276,0.30022613329296266,0,0,0
277.25358183606096,1,666,0.5784831665339175,0.5098630113906912,1,0,0
15.756106841960527,2,308,0.29468147530604183,0.1276614985942952,0,0,0
135.56327840958738,2,2469,0.5572027549273262,0.6771367012724279,0,0,0
68.26029248123115,2,1869,0.6377914211492526,0.32846874376142954,1,1,0
100.82581176623962,4,303,0.11078646967198857,0.9448577280024686,1,0,0
142.45041890765762,6,712,0.6699245393431703,0.6585413415705287,1,0,0
74.57442061612696,5,526,0.9025789057489664,0.4761368746876343,0,1,0
81.15923966718843,2,47,0.9712948257187102,0.23057869081902915,0,0,0
72.68425836726126,3,760,0.5997886546059924,0.09193849447153701,1,1,0
237.53528997107387,4,606,0.3270448521262136,0.18817430884506103,1,0,0
136.83282977433726,2,106,0.563472481960186,0.5700323002871469,0,0,0
112.23372617744863,4,740,0.002847587691190534,0.5195948157308456,0,1,0
25.255609233402627,1,907,0.9192390753933427,0.009460095150408465,0,0,0
61.64673431192787,0,2206,0.784638993158022,0.7440623907333609,0,1,0
221.111955747629,3,2419,0.16643949521056667,0.0401455573551277,0,0,0
93.47523857287764,4,792,0.6093668325114155,0.07801775945620704,0,0,0
174.08287337453908,1,2044,0.02060114650836853,0.7118943891175274,0,0,0
526.6371546602486,5,2293,0.21604180599627865,0.6461051936528489,0,0,0
254.3232432635063,2,1559,0.17001202924696612,0.2154246789910329,1,0,0
98.80600059727207,1,2165,0.15614988757390758,0.6628274289872629,1,0,0
54.00144631432832,2,70,0.5521015822859026,0.01897042458368081,1,0,0
7.0037828059692195,4,1099,0.9644265185832801,0.27808622056871846,1,0,0
76.06704158248851,2,135,0.13033711400127068,0.7595465025313654,0,0,0
64.97402042190664,0,737,0.8728157272945453,0.4747043125068221,0,0,0
133.0022698204602,1,138,0.08225730914164597,0.8555820981004206,0,0,0
77.17648197774625,2,1877,0.08284189901894301,0.14364237665048762,0,0,0
65.34068832068652,5,1438,0.6280774770355979,0.8626362995601428,0,1,0
15.189449416303232,3,1456,0.5745058674163258,0.4861606345309941,0,0,0
35.164328393241654,4,2288,0.34422822075380544,0.10147940057647731,0,0,0
144.98800876095177,2,217,0.5333884885910126,0.046623826451931194,1,0,0
500.65018873451305,3,2466,0.7549162179296608,0.0012968703858857733,0,0,0
81.65267790572788,1,387,0.7732947121489758,0.6370472876352928,0,0,0
124.93718282325857,0,1158,0.011984889951084043,0.2220646209265018,0,0,0
233.33569248001194,0,1339,0.07808322781987487,0.1459514014543456,0,0,0
40.009065414549134,3,923,0.0034305326565998717,0.6014174415353648,1,0,0
129.90638079390442,1,595,0.015641574159323213,0.40914757143315106,0,1,0
42.927381840588524,4,36,0.8396386440074959,0.44950621145040337,0,0,0
213.75370446369809,1,829,0.08355287324213956,0.13401568098593086,1,0,0
104.73182631511996,4,1767,0.7110062148474856,0.2532131594577748,1,0,0
121.32244233704317,2,1636,0.9800328280401838,0.0990124060345533,0,0,0
41.157303763210564,1,711,0.820909487955632,0.3349667677760443,0,1,0
182.55150631920796,1,2040,0.06639579620380809,0.30860745226663977,0,0,0
723.9431891130344,3,1166,0.8938792693202078,0.7776328846318789,1,0,1
32.85448629052872,1,2296,0.9581680691599855,0.9867362644946306,0,0,0
64.08696520759518,4,2369,0.7063729599618063,0.9991839737786593,0,0,0
113.47782849330682,3,1548,0.6163107725606836,0.385943461678392,1,1,0
197.6319004870986,5,723,0.6017956966684208,0.7930987164749593,0,0,0
51.441935969572896,1,1485,0.820252315061042,0.279124979186132,0,0,0
5.296094752762259,5,2033,0.5534520070113615,0.14301672164331647,0,0,0
350.4399952220527,3,323,0.3337785697572825,0.6399538774483338,0,1,0
192.57893460647975,5,930,0.9704347078761651,0.47689876707154166,0,0,0
15.753340996113858,2,1837,0.04845815179075197,0.5936863226492326,0,0,0
49.029943740916806,6,1161,0.6653482359387124,0.36629948729234973,1,0,0
431.8949682045649,2,1418,0.5856267231041836,0.30205139276070025,0,1,0
382.9086383117206,3,1693,0.6391496817739775,0.9277902984568401,0,0,0
230.1290003265713,2,2109,0.6422067491226131,0.8835098609347832,0,1,0
75.48149795620702,5,1974,0.1235291124101181,0.12378299602240506,0,0,0
97.80614611839049,2,1825,0.13351140704164077,0.6523125025218869,1,0,0
78.97048656444437,3,2376,0.06737223275890081,0.3578566661257456,0,0,0
278.17204335624746,4,2216,0.9383827543624431,0.5675296692849418,1,0,0
37.4931254000317,5,2406,0.6099036437344645,0.20719693413228824,0,0,0
40.21340288332902,1,1559,0.07710931964852075,0.7236519834903626,0,0,0
247.21900083181745,4,1984,0.4336574282910204,0.30980281716233227,0,0,0
86.11111907391883,3,1848,0.35932293257009174,0.6885436002599251,1,0,0
357.26126735818644,7,683,0.14820363215422883,0.14320825605832854,0,0,0
45.99293478303135,3,2132,0.822018015588074,0.13369438256480204,0,0,0
85.21876360221853,4,2296,0.7756061445314063,0.3476841778028088,0,0,0
35.78708288952053,3,826,0.4640745078343911,0.9971843686049139,0,0,0
90.6823446328258,6,1520,0.5224677728650216,0.8610436618668207,1,0,0
20.52108846504324,3,932,0.43643079275364505,0.6207695199289404,0,1,0
55.277534544073795,1,646,0.5510199711585052,0.3088452567839083,0,0,0
21.40760290938959,2,193,0.7325634090445663,0.1640431007477321,0,0,0
180.1740328917978,3,1724,0.8759703430418296,0.7439112863524595,0,0,0
184.304510813159,1,2486,0.5923199075281343,0.20413893642089365,0,0,0
15.954441740893689,4,500,0.12579723547304333,0.4114277416134654,0,0,0
341.68379914988947,2,152,0.7720554150717157,0.5291942168562667,0,1,0
1093.80216081189,2,669,0.3722788812411455,0.09254637265156873,0,0,0
94.25523671395045,4,1544,0.6298778621796512,0.7793776657040001,0,0,0
47.412492070750176,2,2317,0.19858904578551373,0.941277713959313,0,0,0
1516.758227148297,2,575,0.16340925818337126,0.1466732160896902,0,0,0
24.07157061639411,3,1561,0.052674127882099575,0.8675614206319935,1,1,0
91.84537594725091,1,2039,0.3144556352646959,0.4847116998153044,0,1,0
107.72937255277004,0,2205,0.5971438395976214,0.13578335231572902,1,0,0
345.553548787355,7,2235,0.318775396116738,0.6078108037731873,0,0,0
128.99052797646596,4,317,0.24087947728281878,0.9302542794146765,0,1,0
54.672787765700015,5,1661,0.9948656310938954,0.9573880979447257,0,1,1
34.772110032524886,3,987,0.9988417070961911,0.7197709046658235,1,0,0
63.95490206594389,3,1267,0.6049477308094352,0.4935734912974119,0,0,0
32.886842016123495,0,1562,0.32359115469696487,0.1866837497314917,0,1,0
94.42683669611627,1,2132,0.8616288623855327,0.5999362977590807,0,0,0
51.20329165622145,1,196,0.7367900353889216,0.6133903899480813,0,0,0
20.20564875618824,6,1159,0.6159382759384455,0.11108734768449968,1,0,0
315.8115858260725,4,1977,0.9082544052849351,0.25377851125554574,0,0,0
54.72537394606993,2,1854,0.44531237429810544,0.3073352173531081,1,0,0
25.326801808431718,3,378,0.2554563160476283,0.8596307452758927,0,0,0
76.07661050421278,4,2166,0.9670449890098345,0.5834476298925306,0,0,0
96.3870219971222,4,1938,0.860244369930206,0.2439169022903105,0,0,0
15.69799935192919,1,2074,0.9120651603576753,0.3100520129475819,0,0,0
125.4174366936001,3,239,0.9182062358416765,0.1458969386449458,1,0,0
31.590057383152597,3,1114,0.3826129300612662,0.04426468522653526,0,0,0
498.2135543942831,6,382,0.8608079769315935,0.5097448101067278,0,0,0
152.01215915333597,1,1656,0.8892794181280657,0.03184202066067088,0,1,0
60.34632252469956,2,1042,0.5475862948211817,0.992043574360445,0,0,0
42.72705087831688,3,664,0.6252577156882662,0.772337410287809,1,0,0
81.04724793356719,2,502,0.5774962841293177,0.7778718936333361,0,0,0
166.13334376287793,5,620,0.016027457730664718,0.7545157758509852,0,1,0
87.7512293044001,3,1679,0.5355328550822684,0.6411106313720307,0,0,0
72.44598088227109,1,1920,0.03783673156355749,0.06997132978375897,0,0,0
95.42783341897155,3,217,0.45107382479942604,0.45598491842960254,0,1,0
49.21217581338887,2,2072,0.045686071441878084,0.27896048047445554,0,0,0
63.86644289667217,3,1518,0.45535758440915053,0.2982268992260022,0,0,0
11.180906660616305,2,1786,0.304748945450528,0.37070921405317303,0,0,0
238.34667485037966,4,1000,0.7739251314479034,0.32066314317615685,1,0,0
121.36442307996079,2,2421,0.4791011027449861,0.6622064945815955,0,0,0
41.535320264143074,2,1493,0.5120948875175182,0.007451204366029418,0,1,0
601.0841740328541,5,1857,0.9036859375294329,0.36627237068078533,1,0,0
98.20100803131282,3,1562,0.48229857910631246,0.9444481593464987,0,1,0
31.939913290617394,1,330,0.1563716422858299,0.2578821934413522,0,0,0
212.03204554300015,4,1858,0.1125774295486418,0.6213266305337459,0,0,0
134.02793072933116,3,936,0.3058221248664239,0.5604210904404742,0,0,0
133.56389605661917,3,2465,0.26537700568928335,0.48927525437619823,1,0,0
58.80602968723521,1,1465,0.8184952790237813,0.12218507248547372,0,0,0
141.24496505713614,3,423,0.7588838022782424,0.8358380691667067,0,1,1
69.28591991886468,5,1665,0.058623795789491506,0.5672742876289516,1,1,0
156.95222373952257,2,1182,0.20099943777936302,0.538622091000414,1,0,0
13.397331508773908,0,1691,0.4488254827071301,0.9492168703854507,1,1,0
58.3305830844839,3,700,0.08719831348094531,0.0828003664242456,0,0,0
503.7877748819517,4,113,0.1662177719272373,0.4915447736997347,0,0,0
41.80151339927993,3,542,0.9084452626556603,0.706013832277769,1,0,0
49.21319125529102,3,941,0.541196560687957,0.7971527560268149,1,0,0
57.51459039124956,5,1781,0.7966455886971641,0.0008732516708741533,0,1,0
26.71416273033446,2,1557,0.330548713328391,0.6821932328325394,1,0,0
9.891929510972771,2,2001,0.3747897268164526,0.955705822095833,0,0,0
71.47970773211273,2,18,0.8583524453090318,0.7302388136116675,1,0,1
103.11650072865218,3,2210,0.6571808663444434,0.41903301565897155,1,0,0
85.4127110848229,2,1484,0.6783813801383091,0.8760072850323648,0,0,0
77.8762819066033,4,159,0.6389407193187943,0.8786261377170825,0,0,0
93.97613535643706,3,1034,0.5411341126486116,0.688215211960645,0,0,0
250.34537677286303,1,873,0.9911292851675659,0.6660879616856449,0,1,0
74.4072820503907,3,1786,0.8942089770431543,0.34438084059099205,0,0,0
50.69956967622678,5,1039,0.7109032994865789,0.242500714883372,0,0,0
67.95695670436655,5,565,0.6781574531878662,0.6298121347776747,0,0,0
160.6690661407191,3,699,0.08426480482363286,0.007882360112521525,0,0,0
369.45423588254255,4,2494,0.485183835403899,0.8429979620724962,0,0,0
48.031462303010784,5,1962,0.4960069115597797,0.9026977092639585,0,0,0
99.3783007014693,3,1769,0.051939225161446,0.16402460344413416,0,0,0
126.26178899016969,3,890,0.7556014319868074,0.5725052827331016,0,0,0
33.36214897965522,0,391,0.001966382629134067,0.17826769215481142,0,0,0
91.87391677072824,4,2187,0.4252089660059265,0.4945193761329887,0,0,0
20.786965729427436,3,1437,0.9032511705747388,0.63842560823268,1,0,0
15.347455522105278,3,1698,0.34035879191062035,0.39053677690567357,0,1,0
129.89759482188677,1,2173,0.5826469935373867,0.8948287477498151,1,1,0
61.32117764140288,1,2267,0.3079546535432832,0.8911855277759058,1,0,0
110.19818291642615,3,281,0.17898155263639404,0.5307350504073542,1,0,0
88.42060431682708,3,2488,0.7300188960890329,0.5804708004226098,0,0,0
33.90626994235229,1,2150,0.20457020168048756,0.002714232519257176,0,0,0
86.03426937930304,5,1400,0.07219434526732216,0.3379369659337057,0,1,0
26.22986625636086,3,1629,0.43513009270419256,0.7607733386788734,0,1,0
361.7568705984325,2,1215,0.7088765084756988,0.9940620732027862,1,0,0
23.197155308468936,2,2482,0.5800069278812998,0.9452842242574405,1,1,0
74.01107387972031,6,2059,0.24440480842033385,0.09458817811589637,0,0,0
31.744783478579997,3,1724,0.8177541383489896,0.4171954267500628,0,0,0
159.24138144940704,1,1270,0.09709219762073418,0.054644246495751836,0,0,0
64.62288653144479,3,2180,0.6703171362946244,0.8374252886458681,1,0,0
53.5884350272233,0,415,0.6066779789693132,0.7300596094804495,0,0,0
211.28365032933593,3,568,0.8989220406965717,0.9217475147201544,0,0,0
92.70575861996063,3,2403,0.5269266465699431,0.5017069029544784,1,0,0
150.90408645180125,3,1580,0.8189841940244242,0.10327253342248877,1,0,0
33.73966214163701,1,1745,0.21529555970839442,0.5839854567647166,0,0,0
22.09128211077354,5,261,0.5453152765687336,0.8671531506026701,0,0,0
100.20398537287016,10,1731,0.5326292158938728,0.05005270146187579,1,0,0
65.44130568569888,0,1011,0.29533192612085357,0.8148334035113837,0,1,0
168.41558961829836,3,580,0.005086519873308881,0.6236042636566117,1,0,0
83.10389295024241,5,2389,0.7442495286236193,0.1322265703272485,1,0,0
110.50661011728978,4,970,0.39667348105025146,0.6591592905717112,1,1,0
17.75411766347372,5,1653,0.30009325365355344,0.0620914494205812,0,0,0
594.9259473794431,5,95,0.1940908248625206,0.17445172179948354,0,0,0
76.38283628423008,0,2064,0.8517176389296977,0.05834476948364009,0,0,0
180.83535390263393,3,2023,0.3338758507655243,0.5843296178155521,1,0,0
39.013523006345515,2,1135,0.20395201693064702,0.2877307841657937,0,0,0
122.48761247486046,4,326,0.52345618486534,0.28844522352152235,0,0,0
24.462840122923723,1,1246,0.7818498448386634,0.6464623539109591,0,0,0
141.46719295023465,1,875,0.6024640577164931,0.10999708620686122,0,0,0
63.05616994633375,0,94,0.9601931656917673,0.6332034512712912,0,0,0
92.68350377536923,4,997,0.9567690547995359,0.6978949731749692,0,1,0
180.90536154460028,4,336,0.902372347829736,0.8574442202674978,0,0,0
26.244585176788707,2,1525,0.5651543560891678,0.6714454069135279,1,1,0
45.399825861365464,1,164,0.7682707798680345,0.6534318182722066,0,0,0
142.21276497355342,1,1410,0.28850239256074506,0.6565730129989733,0,0,0
733.7889656576041,2,2460,0.57536093930674,0.04115565177601033,0,0,0
78.40734940225475,3,368,0.06649415143668058,0.4417352890268016,0,0,0
162.5744609296229,0,319,0.26343207076914266,0.5511761511012114,0,0,0
80.88501111035326,5,1279,0.3253413737418688,0.6650924308080446,1,1,0
627.8150362088148,3,1855,0.36124164779598267,0.2912096237134958,0,0,0
15.686152754843395,3,1809,0.16101638222855263,0.6779127619540366,1,0,0
98.9506305728357,1,1444,0.08326405340829812,0.3958548049127256,0,0,0
17.715783518481366,1,1952,0.57837071921304,0.7153257179195894,0,0,0
7.340657596838117,0,187,0.4913227197460015,0.1850432642766563,0,1,0
121.20242153748184,4,2073,0.5845324777744956,0.3046836605321388,1,0,0
103.49236026822342,3,2190,0.12930530144997232,0.94959923555746,0,0,0
67.70520513447772,2,428,0.9476914543411039,0.7579170732756992,0,0,0
80.94791393215228,2,1148,0.4133539407862937,0.898624210777997,0,0,0
1994.800718924634,4,25,0.4494727718906766,0.20019194321455291,0,0,0
69.53462722650592,4,1827,0.5469661867606842,0.942881769425601,0,0,0
149.92337964866672,0,477,0.6901264941087769,0.7441869352702115,0,1,0
47.022921785407625,0,1487,0.3848584319798459,0.59056663899575,0,0,0
120.93250439473863,6,1455,0.14315009462224781,0.012750901800054115,0,0,0
70.93516741959661,6,1256,0.7831209381501024,0.0519082161404375,0,0,0
59.70892563040161,3,1681,0.26055750682833245,0.772447990194043,1,1,0
554.9613835854195,0,1047,0.4428664040519521,0.6689737441887035,0,0,0
292.12592613275126,5,2030,0.6323287635459197,0.21366885691189152,1,0,0
103.20802868939178,5,122,0.9653662191455364,0.4412953751721652,0,1,0
8.98708066210022,3,983,0.033585000019860756,0.6559684772925928,0,0,0
62.73947135403972,6,1254,0.5188679381473723,0.01526517174926234,0,1,0
1343.4921222086996,2,17,0.9361241484803483,0.6771491516658842,0,0,0
71.47432779164423,4,1309,0.2551467532878269,0.40154971784496407,0,1,0
271.29792521100757,3,2,0.11229916703305842,0.09486886687101126,0,1,0
380.6736330844874,0,267,0.5968394676049483,0.16354630748058874,0,1,0
112.052097103617,4,1552,0.1521929467328489,0.4266389046628932,0,0,0
38.79061624921117,4,1873,0.878871565329372,0.6263609384210314,0,0,0
7.882835453073791,1,1557,0.7231720246302544,0.34434238552731466,0,1,0
178.42408356727267,2,251,0.12102379498769877,0.11009164311151753,0,0,0
39.85484573341317,5,277,0.5774479128432198,0.8263183374667283,1,0,0
107.35600399177032,6,1030,0.027115049071886776,0.5002651640896925,1,0,0
25.79497383650648,3,1838,0.8451699150006963,0.28290168021522366,0,0,0
69.04527573814363,4,1261,0.20543775096795325,0.6833112261177764,0,0,0
93.10417754826264,3,1850,0.731816481973349,0.3362759771425582,0,0,0
117.753514671853,2,1721,0.10632224230196596,0.36171490347447943,1,0,0
29.523241855255602,2,1981,0.4724243982619917,0.2776108255121995,1,0,0
297.9456087166545,3,2272,0.929231107430907,0.36094745108653326,1,0,0
49.5560927696392,0,941,0.07447792246913443,0.2623795982447148,1,1,0
16.869892757563235,2,1055,0.2953714120738198,0.9824057012110073,1,0,0
80.71920927004129,4,473,0.7826259367788387,0.25753053505157764,0,0,0
93.16529760182142,1,514,0.46336349121959053,0.647059688174035,0,0,0
105.69836592187272,4,1366,0.6503021702843962,0.19215696537792615,0,0,0
351.47282744101307,4,2213,0.8120081370110256,0.5567994280768125,0,0,0
71.0618882791079,3,300,0.7840506312574722,0.5089307753081537,0,0,0
79.86840762387715,5,2123,0.3953735760374518,0.5537068970053134,0,1,0
29.868834690648104,5,2357,0.43062346500619486,0.35641078620627087,0,0,0
204.49704037574756,3,76,0.571119395006771,0.8707889036129121,0,0,0
108.23546269763543,2,2435,0.12275950277022751,0.29788075610868336,1,0,0
59.14382992877673,4,460,0.8695229686230553,0.871379837409806,0,0,0
13.400946067736385,1,1565,0.09348494896842208,0.4063382910587241,1,0,0
381.61498018555807,4,1840,0.18481460502891056,0.6522760794941473,0,0,0
26.37245345179046,3,1864,0.9448002479601868,0.010068211419413942,0,0,0
49.835221378070635,3,1599,0.28183883325821923,0.4409760107571742,0,0,0
128.81078067701168,3,661,0.24421531532036078,0.6496569301957112,1,1,0
27.20612335696514,4,2361,0.42534737292235825,0.29760975810192314,0,0,0
20.216320459717945,4,2317,0.724285826828729,0.32144100523881025,0,0,0
10.762333694243212,4,2203,0.3662228094739971,0.39699331243534286,0,0,0
185.1186466778318,0,1220,0.8747247446462426,0.26909459304050043,1,0,0
52.18597367690018,2,1880,0.14936078516374662,0.6030722823846556,0,1,0
1681.2117505234544,4,1472,0.11794303267413442,0.04916571370020051,1,0,0
33.302915122434094,5,1801,0.07740019343803561,0.8311408628060654,0,0,0
35.82152524586974,8,1098,0.29835848564361866,0.9599872114404865,0,0,0
51.14204870184375,4,1099,0.19955684180125366,0.16564730451903076,0,0,0
114.79347624521716,2,1121,0.46133022131008594,0.22511523190960314,0,0,0
56.24947238479593,3,1415,0.9957000722272364,0.9488581968637613,0,1,1
166.05718450457047,4,28,0.8685411164608376,0.16414520300166413,0,0,0
33.83215257729011,1,119,0.8949643608006569,0.10633817996471862,0,0,0
22.61036165541665,2,1608,0.8307388397463487,0.7932612683209553,1,0,1
14.906319649649799,5,150,0.2717101273214274,0.6776608325346205,0,0,0
9.741799284509193,4,682,0.22632442905090333,0.6798674181412603,0,0,0
53.62047441669126,5,1696,0.7321106892354687,0.22664563779405933,0,0,0
66.62098963687417,3,1166,0.5989660301193368,0.3759185329723441,0,0,0
47.87354103237244,3,762,0.2061235244814168,0.15932999020193772,0,0,0
312.1256394159424,3,183,0.9673384024204038,0.16160425370878062,0,0,0
307.3632305512708,5,1095,0.4242116471339571,0.4956823785909764,0,0,0
64.40536986013511,5,2231,0.8144250538943973,0.6727108433508238,0,0,0
14.970459412045473,6,173,0.07380644783055257,0.3207217254637793,0,0,0
51.07498729464901,4,1858,0.035166279364281405,0.47536150250793296,0,0,0
49.41127347147174,3,355,0.4558055142521148,0.34835736678918794,0,0,0
46.658962812390975,6,2202,0.11939132850168133,0.9147815332490008,1,0,0
44.803268578531416,1,2433,0.9792639330156904,0.7034093525327569,0,0,0
46.83061259097099,3,733,0.8120208551327976,0.6251529642080553,1,0,0
61.157859623464276,1,920,0.45407432809972603,0.7303198561818103,1,1,0
47.67746723068895,2,1335,0.9795153571112972,0.2679558624134405,0,0,0
110.86602702714495,3,1049,0.23827383133274016,0.9297935801149502,1,0,0
129.07178415439688,1,1122,0.6789752271763831,0.19948914435561294,0,0,0
36.21070932608445,5,554,0.01752944096857667,0.13808552946537045,0,0,0
320.87939178705165,2,1324,0.37226504300030816,0.9060005851559025,1,1,0
33.782323697338256,3,361,0.07932543505912648,0.2599122753413763,1,0,0
17.853496764026733,1,1932,0.36737375079717294,0.8483636429830863,0,0,0
131.7331217907746,3,874,0.38059833207212723,0.29765800059608805,0,1,0
39.74928547971341,2,1087,0.37517076498774593,0.29447322606189763,0,0,0
124.12529149450566,2,718,0.4144316647939723,0.9577783501767484,0,0,0
8.136266378247132,4,424,0.6168533416035573,0.9652997806145363,0,0,0
362.29396543002895,2,841,0.18942632828936246,0.9617915204329271,0,0,0
176.3187449720809,5,255,0.23439653432619034,0.13720154086807168,1,1,0
20.075967457719965,2,261,0.6454311691320105,0.571692733888216,0,0,0
20.516365324005804,3,523,0.4662372396077067,0.03644854622266147,1,1,0
479.27085845472203,2,2038,0.16191949729260346,0.6864648059620988,1,0,0
43.06110254671946,2,1924,0.7872439321074459,0.6711226715829052,1,0,0
39.087985801364425,2,2470,0.9308812152580858,0.9923256269964551,0,0,0
9.336653644330129,2,1553,0.46533527180360035,0.8778196972233916,0,0,0
63.38465480672154,6,416,0.614030004402875,0.21818557133471994,0,0,0
71.68491859929259,2,918,0.8153445092626639,0.44379773826191526,0,0,0
184.1025789885203,4,206,0.9637520542985838,0.2572914471901754,0,0,0
22.21841771690153,2,2130,0.9691486807674645,0.047745797083579844,1,0,0
19.682171141296127,0,1091,0.92283752162964,0.3824680851955282,0,1,0
141.3109292833089,6,757,0.8160111877794828,0.1077028136209901,1,0,0
246.34428037050645,2,267,0.4257783298459824,0.7648933630364381,0,0,0
18.706062120292838,2,751,0.6696425107498445,0.38942559802255705,0,0,0
265.4732510590711,1,1767,0.7634209103149697,0.031239684957199976,1,1,1
93.46077611511356,3,1764,0.09190196813720197,0.2706998872941798,1,0,0
268.2194098608196,5,475,0.1163645943388022,0.3327429022555376,0,0,0
83.91292369353425,3,1510,0.7053995008582724,0.4531906625984148,1,1,0
7.226263390958223,1,153,0.6669140277523474,0.6811955726474794,0,0,0
77.32618301294889,0,554,0.8038577108427141,0.7878861842613614,0,0,0
259.8602063852282,1,487,0.18457879374128072,0.9858060175919219,0,0,0
36.827836317974736,3,1399,0.936679954749334,0.8542260681928755,1,0,1
61.07087232140783,3,1772,0.23835595280725963,0.4576139799439706,0,1,0
75.47990760866236,3,1057,0.13509965967873705,0.10548955621757417,0,0,0
4.955440778495954,1,838,0.32433526039606075,0.6639955837447241,0,0,0
478.8309323187818,4,2223,0.8085640083249472,0.4223826469148766,0,0,0
36.54792160339795,1,967,0.028238913841809543,0.4055942153223493,0,1,0
149.26681846739933,2,1522,0.22683088728227474,0.33774910177833006,0,0,0
82.54130740494223,7,1222,0.95560087802977,0.16885157858375288,1,0,0
316.5936392255787,0,1022,0.017009749142645192,0.08879406164317771,0,0,0
135.10552265798174,1,1961,0.27825771933386245,0.8188902968641937,1,0,0
71.17030938860803,1,247,0.32577216962251854,0.18496457684548906,0,0,0
36.83634182572724,3,432,0.9239114467546579,0.69983679454009,0,0,0
199.90668874107087,3,567,0.8512085497808488,0.7267618399077193,0,0,0
13.826108099312046,2,481,0.4600886939761266,0.30734836997292003,0,0,0
171.72432343504735,4,258,0.31755686395314975,0.5562283193447711,0,0,0
29.992736882845605,3,535,0.9444277712057896,0.7113531981871262,0,0,0
314.9089854374522,1,2156,0.18830057081312324,0.13444558527792683,0,0,0
105.77344999048992,2,176,0.4768208446596377,0.1693531384796526,0,0,0
171.42121406577112,3,469,0.4184383195447049,0.7175586967043656,0,0,0
97.7085251635387,3,819,0.9352048568630712,0.2798645089391024,0,1,0
15.605492019927791,4,152,0.7558104968640627,0.1071940801021517,1,0,0
38.06407167625658,5,1300,0.4633765703949233,0.5202429402412522,0,0,0
176.33565996495287,3,824,0.6070528962406389,0.8063622610421702,0,1,0
106.34152166011044,4,2329,0.9075217012091885,0.3061635310630524,1,0,0
293.23956569730365,2,1622,0.8312285600030505,0.260532164721767,1,0,0
134.73024079902356,5,1971,0.6154534856616894,0.20776782008855255,0,1,0
34.236697985963815,1,431,0.9153184842698747,0.47668702941243024,0,0,0
40.60681307585651,4,320,0.38028696512010274,0.5727611360133569,0,1,0
99.77497401743997,2,2119,0.7331804510262881,0.13456571005212292,0,0,0
8.899151490080296,4,1112,0.016115115222375187,0.8014335297248047,0,0,0
479.83480365953443,2,57,0.5829737756086586,0.5300737774196674,1,1,0
140.01460468927726,4,2215,0.13697890707489102,0.5627617106402684,0,0,0
307.05736814417077,2,631,0.5243007762075218,0.11755874089628104,0,0,0
18.53009300033109,2,797,0.24651131373423685,0.6232453530850507,0,0,0
312.48771623480667,5,1422,0.3806830420888394,0.6783192840614306,1,0,0
838.4030161167032,1,2368,0.7921645953290058,0.4038150363560824,0,0,0
24.0256412301931,3,1839,0.05860481155388675,0.5992132921474151,1,1,0
194.68868485654377,5,532,0.5374014451710033,0.23341813039093362,1,0,0
90.11710080722229,2,7,0.14487358659747962,0.6392818647994908,0,1,0
19.21259688671158,4,1746,0.5732410732833287,0.5330198354709266,0,0,0
147.36079564960852,2,238,0.6335931756738744,0.582800286540508,0,0,0
207.18315417529735,2,2499,0.18208593760066583,0.25170128476604636,0,0,0
49.34682598171476,1,1138,0.005966707610417066,0.7891054443917351,0,0,0
288.85259909206627,6,492,0.08545331250076382,0.8259615219930188,0,0,0
17.000395240222453,2,449,0.6896128786531838,0.10475189546511687,1,1,0
20.19113917668163,3,1005,0.3800988266891868,0.8676263644784327,0,0,0
103.1926258537331,4,1423,0.37289499701649376,0.7758931183664193,1,0,0
92.33149226685272,3,639,0.691890444555585,0.5532422026553377,1,1,0
43.96643542550312,3,2251,0.49713239815397225,0.055099875195212755,1,0,0
202.2681790536866,3,120,0.6370852094402801,0.5232675044145394,0,1,0
153.06984403894432,4,665,0.919328865555584,0.468585592394564,0,1,0
212.32944852456686,4,1559,0.5068641279416647,0.22346240617586222,1,0,0
79.58801885684524,3,944,0.6380351569812627,0.8335346684900279,0,0,0
164.44567425609534,6,2228,0.6397133753196673,0.32054004027654037,0,0,0
57.647662354592924,3,631,0.5346985043056354,0.5802546039285064,1,0,0
701.9194754334042,2,642,0.6644334308827177,0.45055693996160795,0,0,0
39.9430316365524,2,953,0.8343453157159869,0.8784692284005959,1,0,1
738.9996367890612,2,1536,0.8078311414307705,0.500968082324428,0,0,0
93.21306992342707,5,493,0.05726956073256173,0.2779976944847372,0,0,0
22.748270270291084,5,1617,0.9517873193802738,0.7221447285957155,0,1,0
353.5692451123537,1,2445,0.8472007762401172,0.7673956317463555,0,0,0
102.09475864974316,1,790,0.9706024559894928,0.9346523599842966,0,1,1
210.8451754250677,1,1662,0.19407938501542432,0.7462189062974993,0,0,0
306.08288109888684,5,1692,0.5364083114619781,0.04959038139973637,0,0,0
126.21105611385755,3,1970,0.439893569139445,0.8290784757956325,0,0,0
49.78726135312371,4,1130,0.37695746185469625,0.4823245541094391,0,0,0
238.8207755844967,1,2382,0.4065159171076398,0.14621176094451516,0,0,0
90.085165611239,3,659,0.9036206753524043,0.9784750843585929,0,0,0
178.72669913869913,4,1398,0.6984459206413194,0.6500395976291355,0,0,0
10.446525407259914,0,2049,0.3247498922248464,0.8923031547259793,1,0,0
140.7495003369867,4,184,0.37887831919797066,0.1776662096400652,1,1,0
47.53252316037626,3,581,0.4685212532524722,0.7764357394625141,0,0,0
470.27124120074126,4,2388,0.3669300013324843,0.5965089666713489,0,0,0
167.85279043931789,3,918,0.21007321024931958,0.38632585222600213,0,1,0
114.41792409779154,1,622,0.43534701880132276,0.21367340754873132,0,0,0
146.395226240721,2,1920,0.07952633733086634,0.34074807305653465,0,1,0
33.16712409211132,3,1896,0.8544203664031451,0.5340882896904051,1,0,0
456.34846281735315,1,172,0.8248699132250603,0.7330370518155993,0,0,0
659.4264344114981,2,2426,0.8919208679919836,0.4359445211835524,0,0,0
133.341500531239,4,2225,0.4459105452249954,0.39253744917782973,1,1,0
441.59959090669787,5,611,0.651229255326812,0.008560897470198947,1,0,0
50.9503587737756,3,2084,0.8099935336698117,0.9493025258001384,0,0,0
40.56422148106967,1,1477,0.31485706484486053,0.770720955695562,0,1,0
93.77748064046988,5,225,0.6333846465197152,0.9958895345381426,0,0,0
139.0649427943506,4,2041,0.4382322286323094,0.92033269514294,0,0,0
60.70422612308071,5,1317,0.37371065555978933,0.862985020603296,0,0,0
154.1256517781208,3,1075,0.8594734997619636,0.0580827060134298,0,1,0
122.28929180502412,4,2201,0.6240780375849324,0.6156112321938887,0,0,0
33.17157135816567,3,1878,0.6233955180157558,0.2253551231776172,0,0,0
151.22866323691645,2,1672,0.15686378221861075,0.8815437124671406,0,0,0
213.47681726231306,1,2153,0.34691820445596344,0.8197684045766651,0,0,0
106.85463053325951,2,367,0.841258258126293,0.17039417555813363,0,0,0
285.04529665226147,2,1307,0.21349213762527797,0.7864700792820368,0,1,0
26.64485853552393,2,1507,0.9704636303522161,0.9869164737521717,0,0,0
143.73199535545112,5,833,0.8318762170255027,0.35751271926484585,0,0,0
27.93050033261806,4,1108,0.26761456059129163,0.3652438600861807,0,0,0
29.54512163610761,3,1735,0.10821896892653904,0.02513106399865095,1,0,0
47.897780453817035,3,1024,0.1695556890976485,0.7270209538130278,1,0,0
35.09082907528103,2,1069,0.24220202698340298,0.8268991555172781,1,1,0
52.039559098929324,2,1411,0.23774726868971696,0.046615075846950904,0,0,0
72.66426254196607,3,1213,0.016279311887926196,0.9452849613204043,1,0,0
207.92022788006005,0,2098,0.7153016190795949,0.0734691241588824,0,0,0
65.29013554843259,2,816,0.977066755194324,0.5688601323890901,1,1,1
18.43727246662016,3,2249,0.2864342329450683,0.9273454751107809,1,0,0
281.48181538206876,4,175,0.01627879335025051,0.928365041780568,1,0,0
38.97458887208606,4,2190,0.918310107401148,0.1332599570703672,0,1,0
84.8834868223053,1,2238,0.20619983052131785,0.9713226967831452,0,0,0
140.68685118926078,1,1637,0.0071541188950347,0.2704277308523033,1,1,0
109.90434739953788,3,858,0.22412246279095216,0.3416428681788929,0,0,0
268.85697520634017,2,1569,0.10401591554589829,0.6751166108082459,1,0,0
145.32943681168882,3,1652,0.7260468402391252,0.11209351945815815,1,0,0
38.04198507887458,7,1065,0.0016415783293450836,0.5342966334707812,1,0,0
795.1749664239685,3,2377,0.441351509828555,0.8159761853040639,0,0,0
109.32591462106673,0,1397,0.49195211043306064,0.49619349378371,0,0,0
77.68481237809698,2,2143,0.7842027148945,0.061059893129330134,0,0,0
236.02209488929458,6,2059,0.5223643884885004,0.8050508935103132,1,0,0
115.52083992420091,4,1578,0.12473753582762726,0.2402945248882994,0,0,0
134.1861738717906,1,1491,0.4264802079570179,0.805634264206208,0,0,0
1088.095281620963,1,431,0.9345909157605461,0.938162041612844,1,0,1
68.36620145596703,1,1067,0.2368043089124453,0.7548136908389808,0,0,0
65.5123782683442,2,2052,0.2994683284436618,0.033151903456892784,0,1,0
101.14736491485371,5,337,0.8732588138925137,0.6595448866049806,0,0,0
262.8322341261699,2,375,0.7859647736068687,0.272150159991145,0,1,0
19.954725247660672,2,1119,0.2955167248289037,0.1989693796079396,0,0,0
12.609419430638697,4,30,0.7083729565568953,0.7608330792432537,0,0,0
50.043104767123104,3,898,0.08511557521679602,0.28954210522873947,0,0,0
17.567964435615593,1,842,0.5429940223259239,0.1435894829999721,1,0,0
58.86040670452447,2,2268,0.8709759315709663,0.1709007544134502,0,0,0
148.78461096689736,5,2176,0.842517330577973,0.6772640027018672,0,0,0
36.93838064783027,5,1888,0.2028453412506993,0.4574549912172152,1,0,0
21.61037283406023,5,225,0.5331654457534472,0.20862939716442386,0,0,0
96.48013784459333,2,408,0.3984610068269152,0.07969339516721663,0,0,0
213.26669775409493,2,2206,0.5608556077368267,0.9372634401165557,0,0,0
16.52751489554486,5,709,0.0750728488107203,0.9975297964264821,0,0,0
204.43138598062305,4,2455,0.9813556438038745,0.3941720777894515,0,0,0
203.8340543500206,5,30,0.5635144388697018,0.2486932545020195,0,1,0
233.71095158157826,3,2244,0.11928965231085797,0.04177636616090352,0,0,0
304.4418849377218,2,1193,0.642268421944959,0.3072767381566859,0,0,0
814.0435979143717,1,2392,0.007713489750833524,0.5827432677052177,0,0,0
63.048732012309856,2,1423,0.006467072218631409,0.5244053084213877,0,0,0
100.44110944512168,5,184,0.17914656861363332,0.41129293583837223,1,1,0
59.35649595754608,2,621,0.27092882420399234,0.3620866009951069,0,0,0
90.1952572000832,1,2266,0.2631604486531808,0.9782300371278067,0,1,0
416.91124425712417,4,1975,0.4431716653856965,0.5002716122907597,0,0,0
23.452697401727843,6,321,0.5131946821309225,0.00886346257289905,0,0,0
38.05187376232701,6,2050,0.42215176802355203,0.6992449266087623,0,0,0
356.8019751784457,4,2043,0.37388870813432074,0.583232769265016,0,0,0
249.64415075790762,4,1633,0.6701398743473544,0.15819057684887305,0,0,0
62.60645283236938,3,1194,0.24833702731484886,0.708341893244085,0,1,0
211.53743937050874,2,1833,0.6278065256993617,0.019893285248156256,0,0,0
126.62321205789641,1,1329,0.956667539918459,0.7254218332006406,0,0,0
403.53959388338177,2,82,0.4717731943660678,0.1494395112628839,1,0,0
96.98046765319249,2,1317,0.5111976200400261,0.9845573966341173,0,0,0
251.04497688918133,2,223,0.7282787194956213,0.511407425628642,1,1,0
1263.9688248177304,5,879,0.5073957904681337,0.010697734448507967,0,0,0
163.71042322056385,2,1062,0.14390750589094714,0.8380638536104524,1,0,0
94.56885237801852,4,2490,0.6107033434214247,0.824819533935216,1,0,0
185.38726940643883,5,595,0.5087734642177975,0.7633572113968997,0,0,0
62.47204282055628,1,935,0.951476551810671,0.5379424310444652,0,0,0
980.406915639298,2,2076,0.09300344159864704,0.21845030973984747,0,0,0
107.77772858098112,5,185,0.536468341038835,0.6399882410041652,0,0,0
68.51595787217946,1,1154,0.6169309321611369,0.8479801486074097,0,0,0
39.02923555761008,6,2118,0.6198942454013211,0.4930235920405811,0,0,0
269.6757176991532,1,668,0.059700722379761983,0.06714849137713275,0,0,0
214.25939621474086,2,549,0.3278307191076917,0.9752631142173858,0,0,0
54.74278770402377,8,217,0.26254298568058865,0.6767265084213616,0,0,0
160.2045354044033,6,1912,0.6799869619800036,0.9818864822868062,0,0,0
19.91441879226394,1,608,0.7354121797715261,0.18699345186927652,0,0,0
108.30708533323316,1,1273,0.20926939481021312,0.20339063335860552,0,0,0
141.56462860628505,5,695,0.8260803964617704,0.10047662480465458,0,1,0
496.37406686938994,4,2029,0.48503385812388433,0.21046112175114606,0,0,0
41.64499516434974,4,472,0.2629608279394592,0.10834112596482692,0,1,0
25.06938476536802,1,1362,0.29975303870841263,0.2730359511534818,0,0,0
36.76594610160847,1,385,0.2635372644285936,0.5804097361004134,1,0,0
23.651617354570377,4,3,0.6044417920645636,0.8197440947173115,0,0,0
342.6321277486229,4,97,0.5270658482053552,0.09633894127480347,0,0,0
423.53632978285043,0,597,0.9387299609678159,0.15753923264897995,0,0,0
123.99194179247503,2,688,0.2736890133113843,0.28981873720095797,1,0,0
305.30001402680006,0,643,0.3191773481993673,0.3433329739894857,0,0,0
102.92065798681926,3,689,0.006477339535776783,0.8891914859285596,1,0,0
81.85000396825916,2,613,0.29833868867201296,0.2267730864326003,1,1,0
64.51916948385445,2,1464,0.2508800315031322,0.12792332356259095,0,0,0
65.99698166435648,2,1753,0.4019957398652685,0.8737498527711853,0,0,0
19.14800329653348,5,700,0.4956405720405481,0.8826952840675614,1,0,0
117.24371044264059,6,353,0.670251195807824,0.785229432085453,0,0,0
86.45863485462529,2,2229,0.1918885142770732,0.38134319724954957,0,0,0
189.68422655768381,5,1842,0.5564188462517122,0.9128229477560101,0,0,0
98.8420870600853,5,2017,0.7286428652352198,0.4393349466300154,0,0,0
76.50042515746037,6,477,0.24118211049743932,0.7915469786266217,1,0,0
37.66785092332959,3,1427,0.3512115976379826,0.4349074099443341,0,0,0
96.75221607560286,1,2039,0.20511861769737438,0.4818895343079781,0,0,0
188.33781352357946,3,2470,0.11103206396373899,0.860287184489594,0,0,0
28.693224332467132,0,1070,0.756204064441924,0.0009421478831175278,1,0,0
98.24592299759938,4,862,0.2400635989086053,0.2739871746520217,0,0,0
113.64084031902985,3,86,0.3675686895702055,0.6438735337918895,0,0,0
43.90091735718142,5,178,0.24768684834217736,0.9219319474319155,1,0,0
50.00603484735721,1,1862,0.04382466788067174,0.012548224622858428,1,0,0
113.36478994478132,1,1925,0.7289903193580382,0.4642985706967033,0,1,0
28.979218849262168,3,1250,0.6433299418884232,0.5164959274373487,1,1,0
127.73064557392136,2,2241,0.4761260922560414,0.9993971498675541,1,0,0
36.768651706605986,2,1170,0.6743359113814086,0.6971081198435846,1,1,0
260.56534988984043,1,467,0.8464998964856051,0.1263411577592003,0,0,0
932.4613895834411,4,2011,0.6184624913776215,0.5553485950457091,0,0,0
38.06301966431563,2,2493,0.90678522519685,0.15400828657607735,0,0,0
153.57788959067256,5,886,0.20149519407637384,0.7261245244677447,0,1,0
43.52163170724744,5,1430,0.8833576198857341,0.36338653256372855,0,0,0
254.9211225048858,2,889,0.5415348222537694,0.6609399532902148,0,1,0
25.399807389743767,3,2139,0.8416257405472413,0.8945596083467487,0,0,0
145.5597650203168,4,63,0.7438095408977811,0.7916548486851543,0,0,0
37.60026255099307,4,15,0.057639861350987864,0.7967533985669161,0,0,0
73.18682444909703,3,1778,0.8377957629761962,0.28055709901596626,1,0,0
32.10381032653513,4,1446,0.33728848078978524,0.5910459638812893,0,0,0
204.8648453829466,4,1897,0.42313524919895384,0.18769686434098054,1,0,0
38.97886770517513,9,1240,0.011074536248939726,0.22100955544003176,0,0,0
156.32923425729527,5,1798,0.7587215275716062,0.7078346004723858,1,0,0
63.80949295865596,2,2342,0.46695731052669887,0.4068688598206257,0,0,0
80.28057033306231,2,816,0.9396183107860041,0.8885507086852117,1,1,1
104.35055033050766,1,1551,0.2809979464821961,0.4871771947149759,1,0,0
42.02124519392823,3,2306,0.49607177865376795,0.0689785113580943,0,0,0
111.09293614164149,2,1867,0.4111348370036698,0.4147229732153027,1,0,0
415.8541360811841,5,1936,0.7921100117488042,0.13396730377856947,0,0,0
41.34308655605042,5,2210,0.5356435392611277,0.9944817873024965,0,0,0
290.56001390646827,1,427,0.4598779315093482,0.023779437293541483,1,1,0
402.6620536073077,4,24,0.946819753907672,0.5617090054554025,0,0,0
39.799128337071565,2,1265,0.37794331648662804,0.36441359451259536,0,0,0
21.00888397954558,4,998,0.49001900648946073,0.6068764849249878,1,1,0
121.74892108173434,2,1126,0.554140838179994,0.5390836906111274,0,0,0
52.070182769057446,6,1305,0.05386484858456886,0.9180884115266041,1,0,0
583.2425975904733,2,299,0.5265121651585598,0.18246260698137373,0,1,0
93.20557527968396,4,1041,0.33579998763100516,0.11966998486314295,0,0,0
40.35844199198158,5,548,0.650246810462248,0.8703604841369423,1,0,0
28.58381043917763,5,2025,0.6436247536405311,0.9317548739809938,1,1,0
267.71017508609197,1,1427,0.7112985765648949,0.3551155873484294,0,0,0
50.846740793423386,2,2319,0.3991502762368071,0.956298309449935,0,0,0
94.05021102148093,0,2118,0.10478761702944794,0.34284772114750883,1,1,0
234.1127285071408,8,2276,0.4391531982923853,0.5843995323674489,1,0,0
55.46441522885128,6,2285,0.5521865160311454,0.6667187596251559,0,0,0
85.97625652877828,1,197,0.024850251207478524,0.993941242382997,0,0,0
88.53797802390649,4,1538,0.5473629997844208,0.17031822437913924,0,0,0
178.27450254244144,1,1131,0.3992763272725266,0.29469606307061735,0,0,0
162.51077959035808,2,1263,0.4784574081551983,0.5462008964658526,0,0,0
72.232224478624,5,369,0.3033362435038315,0.21466652764045024,0,1,0
95.93290697885725,3,817,0.49213952899143054,0.5800287734857954,1,0,0
62.06740602792646,1,1492,0.8818406706371703,0.7781590073813289,0,0,0
20.54027500327709,4,720,0.7878490484634785,0.8792442327316726,0,0,0
116.4661714941124,3,639,0.616044178403239,0.3362284080884961,0,0,0
597.1639870402378,2,796,0.6265771060247365,0.1725544261040861,0,0,0
37.198962061190244,3,2390,0.8953903751959995,0.685711783666675,0,0,0
41.55302366594553,3,2203,0.47969617728696967,0.6865293582519171,0,0,0
37.68538028354593,1,1687,0.5393466800594673,0.43789721952902405,1,1,0
185.78531352587416,1,2080,0.8601785638861535,0.5936121351334548,0,0,0
140.9613098076135,4,1004,0.7547172593087352,0.7985324887660785,1,0,1
76.81979140830877,5,1039,0.4330611572483095,0.7332371763085803,0,0,0
35.94467455275463,6,1883,0.3052623169036931,0.6729156434362925,0,0,0
98.72880932501532,1,2176,0.5178186903846146,0.661868581425024,0,1,0
18.828616610627822,3,1403,0.12061118318563302,0.7242093972114272,1,1,0
103.8997577836475,3,1988,0.6804382393486844,0.6074850386441983,0,1,0
215.190651441688,1,2472,0.46444778965861955,0.08448755938050923,0,0,0
25.759432310728513,4,96,0.5949879096016085,0.5828934762241272,1,0,0
19.4428953008283,1,815,0.8461988350150822,0.8896293081152677,1,0,1
436.7836060086446,3,1142,0.35632051839038925,0.037606967338007724,0,1,0
48.82489667335706,3,1976,0.4971679502096905,0.3990500887382341,1,0,0
280.32449586309787,7,224,0.5556905517244798,0.392920294171095,0,0,0
77.16934825060336,5,1248,0.28017485375033513,0.2540561338907571,0,0,0
76.55773660703156,2,2296,0.27483572449042815,0.5745189401658225,0,1,0
139.54856815656822,7,975,0.5262224860376562,0.17062554549225728,0,1,0
37.188558369366,5,1862,0.2571631481285592,0.9163480446443242,0,1,0
102.77037632990391,5,649,0.8612023332479919,0.15564046623739014,0,0,0
61.46762326272658,1,742,0.994875163197213,0.9650071321463723,0,0,0
24.034890767159,5,1577,0.21085217948456636,0.011623931331186776,0,0,0
126.1513119213235,3,784,0.575258389055809,0.4879568565845188,1,0,0
69.1786433667337,4,1788,0.14537804398190646,0.03621988351711558,0,1,0
76.93609725832974,2,138,0.18557130759633467,0.8771591217570517,0,0,0
26.838543821409797,1,2057,0.7659689834543612,0.7987462813955156,0,1,1
442.03999648234424,6,1832,0.19968010730968822,0.22504353922124032,0,0,0
216.31035094394448,2,569,0.7490011765920678,0.13800314866773666,0,0,0
236.07649507310236,3,2350,0.40402871946656493,0.2120206912472632,0,0,0
66.32423047094089,3,631,0.47945935435284925,0.07832805611864291,0,0,0
15.971679306152973,1,1799,0.2594116990165857,0.23694093110310277,0,0,0
634.5508225253972,1,171,0.5489812819690228,0.06810857734294962,0,1,0
84.68195153468916,3,884,0.33155491766961975,0.8525181326434454,0,0,0
42.57214660975493,2,512,0.17456614419517302,0.8530559513463253,1,0,0
136.56512054934004,3,1920,0.1390730563754976,0.5489860186546782,0,1,0
289.2006645010078,2,2417,0.9996569619516414,0.9198879043976746,0,0,0
87.96591799200633,5,375,0.3456329779463594,0.35027748617958554,1,0,0
323.298216426062,3,1896,0.80492473255548,0.17883206312978672,0,0,0
265.86799827313143,2,204,0.3413851026904785,0.30431186890578776,0,0,0
30.680240412455777,2,57,0.6229592627329691,0.12367329289394102,1,0,0
45.88828677168233,6,657,0.8411624732337706,0.822358405346475,1,0,1
234.51913021002682,5,1049,0.696034064597799,0.7604193060584424,0,1,0
5.973825062308993,4,2195,0.06907620158694983,0.18978824544144135,0,1,0
77.5206464615493,5,72,0.19277595215810928,0.5455155994769132,0,0,0
21.524004450047745,4,1558,0.8735835140232093,0.28063699804129394,1,0,0
55.89339403922225,5,750,0.47122317856486995,0.13114198409000455,0,0,0
66.76506141280322,3,953,0.5984696331627841,0.2453185006992482,0,0,0
62.91317631238191,2,2184,0.02445282672870297,0.59983606173492,0,0,0
51.81806055637685,1,1070,0.48731664879522285,0.6506721125040862,1,0,0
30.049810366766938,3,517,0.4308564610955402,0.18686040402957882,1,0,0
890.6141374352316,4,1036,0.6861960227070986,0.7738120447323218,0,0,0
582.5773720433853,3,27,0.27444740887611585,0.5749083404099982,1,0,0
28.160891234564154,4,84,0.7438909045175011,0.4292606770298242,0,0,0
437.9552566115894,3,1931,0.6708958600549567,0.6462733032983154,0,0,0
60.372548677112725,2,1076,0.5097116953252202,0.3332873103308419,0,0,0
102.43080253023695,3,1666,0.37565091769612535,0.2638223536467791,0,0,0
84.4978457624867,3,74,0.30199155359774854,0.9263109079694388,0,0,0
46.537170494594285,2,490,0.5350995284109162,0.8992010677955613,0,0,0
240.77246132011965,4,2060,0.5768239184306114,0.4752386192038176,0,1,0
102.09324175563854,3,1360,0.4481320655824843,0.6038880805186958,0,0,0
55.89352696584836,1,1278,0.32057446803411516,0.6569447883496002,0,1,0
24.420197497963006,0,603,0.8799003914884252,0.6556160741712628,1,0,0
36.833397938731856,3,1002,0.3102129284712857,0.5281584007993887,0,0,0
17.437444632822462,4,832,0.6721658995018517,0.31271968151849383,0,0,0
91.12421250902115,4,1128,0.9048254715309964,0.889556351692163,0,0,0
27.20319440361413,1,603,0.646849712747493,0.561934533888884,0,0,0
69.02297964471163,4,2363,0.3659231100050251,0.9072635270529512,1,0,0
354.28506364295566,1,793,0.29720788794732445,0.8284050313763329,0,0,0
298.65813944134237,7,1896,0.8534017453022273,0.6496346538044181,0,0,0
87.1580472736298,0,68,0.48995639091038723,0.7105339210892356,0,0,0
82.50965145709293,3,1525,0.5933679616128903,0.9112367532082405,0,0,0
589.8537055278819,6,1196,0.5962998059448126,0.6312992869287444,0,1,0
151.525832256585,4,1707,0.5338017312118177,0.4683184863310932,0,1,0
64.85756385513761,7,1167,0.931326325721382,0.44225511851918864,1,0,0
21.627851013002687,4,1933,0.9310341759168257,0.979873062052081,0,0,0
133.46953081088853,3,1761,0.040421489963585744,0.7516117538436762,0,0,0
206.29842232794945,0,197,0.5056660505352408,0.6712812064725838,0,0,0
47.863273401210925,3,1734,0.5655676761934985,0.09605710151777258,0,1,0
120.44614880256222,1,665,0.9255584663940035,0.588031089972224,0,0,0
62.5788089164473,5,2238,0.0696576605377931,0.18888759645801556,1,0,0
74.88604819938784,2,12,0.7890745201102476,0.3897811493260499,0,1,1
7.479589736627078,3,963,0.6424186903040777,0.557307342458687,0,0,0
72.11186517488483,5,1053,0.7324992169588562,0.007972168008588576,0,0,0
237.31047440787475,4,989,0.29170536699774197,0.862286071668087,0,1,0
47.87519135353216,2,88,0.7466127344218589,0.4386948682316232,0,0,0
94.87178687530273,2,856,0.28267228690889934,0.6226856914028482,0,0,0
42.26880287684304,2,473,0.6756675729352654,0.2019562964715279,1,0,0
129.08120162538424,2,111,0.7870224651006686,0.7011432967986662,1,0,0
72.49204288042411,2,1905,0.7833066542126906,0.3100664213195863,0,0,0
35.189877116189095,3,2469,0.5443727880669361,0.5161179093962085,1,0,0
341.2282020441046,2,2117,0.41356722904285814,0.32324835265571505,1,0,0
227.9057151839037,2,2167,0.24355403210118676,0.6445344705208025,0,0,0
49.16063669366843,4,779,0.03349528124485035,0.8503943100421882,1,1,0
148.08527783592098,2,247,0.04889506573945368,0.6410804822717091,0,0,0
154.07076391588112,2,2070,0.4185156416264514,0.17817737688960722,0,0,0
171.10907779954422,0,2036,0.09493659854855963,0.24964993633190247,0,0,0
16.539378346013784,2,399,0.11196344260238766,0.5227422000108176,0,0,0
246.31385129314765,7,1522,0.19470133043283888,0.2712975304888491,1,0,0
50.92230486372997,2,326,0.481307450225695,0.19546291271722638,0,0,0
62.939381612658266,1,1216,0.5917506263409766,0.04665737290099414,0,1,0
1258.7591992648902,3,602,0.6942664665382515,0.10415507378849254,0,0,0
121.73826614929519,2,646,0.48622000785089814,0.5648181081358433,1,0,0
61.17126325296398,6,352,0.6647366145048167,0.19462696548257874,0,0,0
9.921514958665997,1,811,0.8621081726395335,0.4984119585158512,0,0,0
361.32005118629775,2,404,0.3741630234682426,0.6418452283103764,0,0,0
23.44812018966327,3,1891,0.688238936346168,0.250138825978256,0,1,0
33.00176670341237,3,1451,0.6585058048569608,0.9495350807369176,1,0,0
64.62799660687281,2,2371,0.6364956587537904,0.2566781062169009,0,1,0
371.07781765347795,3,594,0.5834959594126946,0.16210080572765062,0,0,0
195.04688911639715,4,2275,0.7261578165721041,0.4568757457467222,0,0,0
76.87359812282371,3,2228,0.8185433046051453,0.4421592362849315,0,0,0
122.52217863009848,1,1502,0.39212947880215865,0.8583647575189187,0,0,0
49.38339860715188,4,1439,0.6547631967558177,0.04735300174450907,1,1,0
103.50849530363159,4,951,0.24851090742324422,0.2724461461375779,1,0,0
96.8667908798478,4,664,0.7560062366009884,0.8790684199168541,0,1,1
237.16827153613454,2,1985,0.8803933176248171,0.7587388300738152,1,0,1
236.79105372980922,6,154,0.7614726026563728,0.0038889086112569027,1,0,0
147.52200958974643,3,733,0.49109073745783616,0.5278984139433888,1,0,0
62.655561130457954,0,806,0.13343756797505602,0.24474444020287378,0,0,0
189.0142283290043,4,122,0.873103084313109,0.9882723106313559,1,0,1
82.10767813251034,2,182,0.8146216226032875,0.9835653743154799,0,0,0
30.510949869139235,1,1450,0.6980038104719946,0.9273580479078091,0,0,0
60.142227057229036,0,1704,0.8514848751314773,0.009976909984404703,0,0,0
97.95684100750337,2,338,0.5330267982558303,0.9049492740678925,0,0,0
223.67984893089607,3,2151,0.9907823687332539,0.32667881983925906,0,1,0
74.92381729124574,1,231,0.8370727263553348,0.6419110247000646,0,0,0
26.86438116055884,1,1206,0.1635962756528644,0.4491863918636083,0,0,0
95.27254541767215,4,779,0.402153799760836,0.35460405375876425,0,0,0
100.83202767654136,2,728,0.17013502660989843,0.2869435089429896,0,1,0
108.40103412979002,0,863,0.22426072679134446,0.42778399981546655,0,0,0
225.8501025029078,3,1535,0.5009724698177711,0.2970315009747536,0,1,0
249.36638485248096,4,2014,0.36139931179364126,0.9260186767577621,0,0,0
49.68927562466391,1,1834,0.9097404785622897,0.437038340210663,1,0,0
48.61132565621823,2,3,0.00011613978421121107,0.944636461755294,1,0,1
31.810654760985848,4,1500,0.010355339716699774,0.3714841368105892,0,0,0
181.0576828511671,0,1345,0.9203668442444569,0.2599330531956662,0,0,0
383.30081871097155,5,908,0.239018241946381,0.8091482047386401,0,1,0
65.6881190060451,4,1572,0.002471646702859598,0.5204881001338169,1,0,0
70.70875761209243,1,1208,0.4376162402473823,0.16283144452919618,0,0,0
390.24804778059837,3,2228,0.19564854378064445,0.9280019672925495,0,0,0
149.24031412994302,3,1912,0.053329898760455574,0.9621000430710193,0,0,0
139.24510210575713,2,125,0.530469879033144,0.6882079181050361,0,0,0
27.360038338826694,1,1696,0.1401779955194532,0.9718452503153637,0,0,0
177.45695443493975,2,1464,0.8368785396840472,0.6741408805037732,1,0,0
35.54728064422954,1,2433,0.30216246631408417,0.6232096286692647,0,0,0
28.961860639785563,3,2045,0.2216573133854235,0.8259251578379372,0,0,0
63.63912303180441,5,2011,0.7397568887196758,0.0677079723583972,0,0,0
50.10933291905784,4,2250,0.8486483476977635,0.44289519466347194,0,0,0
72.12496976424684,6,664,0.09310058211711858,0.4304439163087035,1,0,0
21.306631567907637,2,328,0.1515718897074736,0.6208178737323523,1,1,0
234.81930570065614,2,849,0.4745501252325779,0.34717520249991196,0,1,0
278.01812086013,1,2456,0.5902208057646473,0.45348777055725165,0,0,0
12.841184256959982,2,589,0.08326408484730041,0.8494570056294765,1,1,0
239.477102215991,3,265,0.37501136711616934,0.9479153700814871,1,1,0
40.02368365125282,4,1467,0.897601863208795,0.4841226984503726,0,0,0
212.08253967363373,3,254,0.8760813592058881,0.7052128356877767,0,0,0
84.0619063138363,5,1094,0.31122476232912777,0.5473046039904997,0,1,0
92.6450536735832,2,1559,0.22743005468719113,0.8675982778369213,0,0,0
74.80631829359201,3,1237,0.5827664400989118,0.2617425731116432,1,0,0
302.5144981931064,0,1809,0.09612427747436214,0.8634531558748882,0,0,0
26.06027143659539,3,610,0.23337062502440797,0.5150871307420963,0,0,0
165.3129491021676,2,2010,0.16675686670728918,0.45614827342784103,0,0,0
270.7863584825737,2,2034,0.20774225649440758,0.9520070412727447,0,0,0
184.25857693964969,4,550,0.21481416858011637,0.3050732768621153,0,0,0
920.2992734037483,4,1219,0.6274841496953943,0.08241767179743575,1,0,0
53.04036552099317,2,2318,0.4881126014945858,0.6718977420755168,0,0,0
234.46464820381675,3,1514,0.8622928589562476,0.2630027492025073,0,1,0
80.95628880737141,6,778,0.7356166274379707,0.6418031356932121,0,0,0
309.0200236803263,0,199,0.4988538284993401,0.05599105517968073,1,0,0
89.32764409210783,2,2190,0.3074204214874132,0.5622945133144257,0,0,0
61.076319294940845,0,1265,0.8319623528273212,0.23713824479944412,1,0,0
332.31130786662595,4,1233,0.07953665567713453,0.07527190368417902,0,0,0
55.0608017491767,1,1290,0.6809999006545874,0.05555320866955715,0,0,0
21.91725532795912,1,355,0.11300328005200144,0.9575749454793657,0,0,0
53.68604600551293,4,2029,0.5327964139663999,0.265402102532745,0,0,0
167.1736256012111,1,2224,0.9016143955435061,0.5818184872275138,0,0,0
362.14285157205757,2,387,0.23806737405263434,0.4845992958594453,0,1,0
100.59769806000287,1,1869,0.07853019674057138,0.36290040042356564,0,0,0
336.36506301941597,6,633,0.33949895353721193,0.5425903064295401,0,0,0
23.146071731799207,8,167,0.47825735813728165,0.5596802484263312,0,0,0
57.78542233793326,4,1323,0.7248087250871332,0.8372516038929332,0,1,0
67.45258339743141,2,797,0.02973316929594183,0.3862486345056577,1,0,0
80.2735817581324,1,1127,0.13088287276999033,0.3528315032374373,0,0,0
97.91447447999226,3,86,0.4107340753663007,0.6792159948433477,0,1,0
179.63211562480296,2,1891,0.0950212397831347,0.3717733123360635,0,0,0
57.69630664401204,3,1874,0.9558905649374335,0.5110321458515671,0,0,0
103.44382243614011,5,1392,0.5109888031537652,0.1731418209477138,1,0,0
86.04557602665909,2,2051,0.3769335236826338,0.28384527444202223,0,0,0
35.66287016330878,2,1048,0.9797273147392423,0.20118119310123395,0,0,0
80.34527706417211,7,1498,0.6460948091721676,0.8406585464183493,1,1,0
77.9712734773634,5,1844,0.5158228917679233,0.798002899906786,1,0,0
76.3188100169176,5,1242,0.2411345327204577,0.3921263686692208,0,0,0
92.92190940289301,3,496,0.25307863602072955,0.4402920504712666,1,0,0
97.0934134755939,2,590,0.3622673346159847,0.4106194545179893,1,0,0
58.422717991395544,3,1775,0.7507258777386713,0.1927834262284076,0,1,0
321.4090895351763,4,1781,0.8160049285746518,0.7833371447438421,0,0,0
27.952855830814045,4,2041,0.19207458812871325,0.8289341694993805,0,0,0
43.77355603357061,1,30,0.8174115914224865,0.6099046903740268,0,0,0
1450.9352452583926,2,2251,0.3309382343631353,0.7421418809625407,0,0,0
31.88094975405657,5,724,0.20029540882203056,0.6526671119835534,0,0,0
23.24860953480238,1,153,0.1947825732537375,0.10258418086274501,0,1,0
187.63090184612537,4,678,0.46343047328058307,0.5510708884804442,1,0,0
11.278295722523357,4,2091,0.7671305239984445,0.34694956427473644,0,0,0
71.14542986151629,3,2462,0.5707154951274606,0.22019376552274716,1,0,0
769.5646190112675,5,1576,0.4646469815796296,0.6648608596426328,0,0,0
19.202953164297742,3,2491,0.01801636976332477,0.8888093388243467,0,0,0
12.404204829229506,6,2199,0.5635613109323686,0.9998528000241114,1,0,0
20.10198965631259,2,1617,0.674705999985753,0.577290420935634,0,0,0
221.04351185214009,4,1281,0.09807124230667552,0.672388744524548,1,0,0
277.2103820745587,4,1127,0.9561771083799567,0.651439338510318,0,1,0
53.91513320727871,4,1577,0.09154142840698765,0.6950344469322391,0,1,0
178.25451775121314,3,1724,0.6906766266592508,0.24623848756862232,0,0,0
361.4975728657591,0,1418,0.5245548403103456,0.15940773240874706,1,1,0
537.7245361410467,0,108,0.8841891400727783,0.40742817650852503,1,1,1
70.3628003099022,3,2377,0.4140938595512521,0.4658926238420802,0,0,0
9.011740996679183,1,1532,0.5085431565737631,0.7633029968696329,0,1,0
39.6115632773844,6,633,0.5529236515686313,0.6227251707914434,0,0,0
58.744398574424324,4,1834,0.874846958660972,0.5522750674485444,1,1,1
69.48154678436127,6,597,0.7996473891331807,0.49848802539523185,1,0,0
74.60000684690512,1,426,0.2801097117949797,0.2230683811543186,1,1,0
275.5845830340712,5,907,0.9552558299957474,0.3727959404277751,0,0,0
321.96035816848035,4,2281,0.7530702998249781,0.10938238811250411,0,1,0
75.81728842102524,4,2499,0.01204448371848732,0.06583026471749343,0,0,0
270.01698813884605,2,755,0.18374562240452308,0.013205579119892175,1,0,0
128.72281435801926,2,1291,0.8558061559735811,0.0876433549101926,0,0,0
96.01514820891592,4,1772,0.6458633448521806,0.5949139668318896,0,0,0
222.8600859105532,3,79,0.25812900322032317,0.9715239190099222,0,1,0
96.76177677143451,6,1266,0.17142214668378208,0.02868044043434037,0,0,0
704.7274815559867,2,2454,0.14675192785561797,0.7832075043741965,0,0,0
21.36147002684562,5,906,0.3181054471189517,0.6653050382359554,0,0,0
53.776098406149345,2,276,0.8985300371604622,0.8587467960788809,0,0,0
79.3192702113254,1,2042,0.35204633415222764,0.9453445407876311,1,0,0
139.69377289884196,2,178,0.6607005645938838,0.8129873978130301,1,0,0
319.8846580111253,5,671,0.11156565124096285,0.7977664845147173,1,0,0
87.8474188407051,3,812,0.531399568006476,0.08625871699787535,0,1,0
21.709942829039267,9,1567,0.342874426754574,0.3589301458943335,0,0,0
209.03754907109138,1,331,0.16052102969187376,0.6165462990959446,1,1,0
191.51358884743175,3,1906,0.7977787390140434,0.017064621003201497,1,0,0
12.911796367654565,4,174,0.8155395399881306,0.4746039527522201,0,0,0
89.67534461369301,1,1846,0.3062711031001921,0.008307061069401045,0,0,0
18.35419519441249,3,92,0.6537659961963203,0.741611733308915,0,0,0
46.30958237854743,2,599,0.3940722559545524,0.2656787981264048,1,0,0
36.49557692239593,1,1569,0.04447617114303082,0.7549528723791341,0,0,0
202.20149459828906,3,414,0.42777752981121997,0.48006414783117146,0,0,0
101.17282308245248,4,2185,0.5758607257787081,0.10799307097121968,0,0,0
24.888578395096093,2,89,0.2990367460071962,0.9192918534634856,0,0,0
217.03659132819814,1,1618,0.9488957145209787,0.6979649855055842,0,0,0
21.460073798256342,2,1067,0.5580432183409405,0.72439696520049,1,0,0
125.2252092796089,5,1671,0.37146973877538836,0.23086005870555004,1,1,0
39.884561959224776,2,344,0.7350200849076607,0.12558640297205215,0,0,0
62.4472947806677,2,2344,0.34092024349635763,0.9544799817187833,0,0,0
149.04834971476302,0,341,0.024706158521345056,0.34629238825562403,0,0,0
151.63091831146502,1,1342,0.008260744444185009,0.2344454432968056,0,0,0
342.7389482433469,1,35,0.3019696226582139,0.878414157004985,0,0,0
82.90922215864558,0,171,0.15598404854236247,0.46334062445162005,1,0,0
122.29679826095769,4,386,0.35246324818330876,0.6541546498499278,1,0,0
58.10563677158446,1,335,0.7696606573673948,0.2662606367864776,0,0,0
107.98473587262207,6,79,0.30905055537332204,0.9691238980250522,1,0,0
139.6984328186502,1,2420,0.5596473558573968,0.4740213186535299,0,1,0
81.58864946046769,2,1192,0.9196456550984301,0.4243536802569514,0,0,0
14.824030047158425,3,2000,0.6982928597694387,0.06463424811221308,0,0,0
125.39526851302668,4,2284,0.5617581468909559,0.708021989428614,0,0,0
129.6140874350638,0,1838,0.8670557339246486,0.5410253415481961,0,1,0
45.59629775550588,5,1557,0.3306439355851962,0.9662212862567746,0,0,0
24.918561410130458,6,493,0.19784474721895873,0.12762933570572355,0,0,0
393.81417087188566,1,1351,0.7471694970547198,0.391049084132161,0,0,0
147.14897528259348,2,155,0.05879386020077371,0.2540405540999766,0,0,0
71.58739200019482,1,2114,0.42418240456020306,0.6676323962163538,1,0,0
28.874738624987764,4,1768,0.28707649907238364,0.07169342300689496,0,1,0
39.57450792005252,4,1562,0.9713250026161871,0.9926123489672912,1,0,1
331.15627596633425,4,1389,0.3770956305524108,0.7143049100572103,1,0,0
103.30253756906266,4,200,0.6634291272038068,0.38126371181140595,0,1,0
51.90488624274343,7,512,0.26848459746547093,0.36832739795944824,0,0,0
149.85815767571785,4,1064,0.9831725608126365,0.4804979183509932,0,0,0
39.86910896172252,3,2320,0.1803917033821536,0.6978678018592243,1,0,0
403.76903958035246,8,2208,0.9067027856045765,0.5914827449805443,0,0,0
348.20818542951946,5,2083,0.4453716215064569,0.484022390557007,0,1,0
56.453987667316795,4,1984,0.4272755442383528,0.19540819411668653,0,0,0
48.00618001674545,6,2474,0.7012972313039634,0.17379112198571134,1,0,0
6.565750380056172,3,2169,0.09331750811165995,0.9157758944588312,0,0,0
20.458925221979012,3,1458,0.5466922685622165,0.5516472973516953,1,0,0
23.583096963178125,1,2464,0.21997065688977901,0.5799061979967656,1,0,0
103.04753029732206,3,286,0.1571216886283493,0.43280969466216535,0,0,0
64.95964919779817,3,979,0.8774745190668732,0.7081251337015315,1,1,1
23.445170212330908,4,405,0.9972867863889588,0.8015917277324669,0,0,0
67.95433649932636,1,488,0.9711968575330426,0.4112399427165484,1,0,0
149.2073795962465,4,1255,0.8211613200516222,0.052622435909634446,0,0,0
152.6029346887727,2,1124,0.91997063421353,0.25241242852376666,1,0,0
13.468178019076479,2,1978,0.9242125426680462,0.8216204405642581,0,0,0
79.18101175569146,5,1026,0.17636145970598927,0.5602034848289482,0,0,0
22.57084937471202,1,1533,0.08569846723914087,0.881283863433357,0,0,0
221.78949185821295,1,528,0.12678559532185263,0.38175223078022347,0,0,0
197.18579702077145,0,2447,0.1626043853770186,0.31496578343234194,0,0,0
36.670505741177365,2,247,0.8224469858899582,0.0014212860280847783,0,0,0
41.84426697051284,5,1989,0.9412748580212976,0.18020822053209984,0,0,0
56.754386555228386,2,628,0.3518388137498897,0.3351598809627365,0,0,0
9.461269827275709,2,2117,0.034363660339515545,0.07945330349991853,0,0,0
125.96047577798711,1,1946,0.30748019713815866,0.6045985669658985,0,0,0
68.52204056995882,2,397,0.706138547874406,0.989715516401867,0,0,0
237.50177154123338,2,608,0.9429048450460479,0.05821073197503612,1,0,0
30.01180433302104,4,2333,0.4496939983875686,0.3918758993165906,1,1,0
48.46670424379708,3,2194,0.33606728063492697,0.4000827515841322,0,0,0
19.954900294297133,1,2434,0.6532233740552803,0.069830648617621,0,1,0
32.97367238405708,1,1307,0.2111267290758263,0.185453317416296,0,0,0
27.605582145782495,2,298,0.7658140052177922,0.45284496865579393,0,0,0
243.70870468452202,6,1731,0.41403347657812195,0.9555673965991485,1,0,0
44.77894947701543,5,1545,0.9772713949883856,0.5701772881812028,1,0,0
101.91872528645534,1,1062,0.9341187939605837,0.09984355254054755,0,0,0
61.51226563450589,1,1483,0.6653687766874241,0.7421729526481468,0,0,0
25.293178477612084,4,1094,0.6479813866854023,0.8572880644924121,0,0,0
76.07346946591932,2,670,0.1231503609707083,0.8081776407075777,0,0,0
163.8749000001839,1,782,0.28094530702857257,0.8183335622642429,1,0,0
26.903075406622378,2,2050,0.8619293416626741,0.8117537342003337,1,1,1
202.17078100547542,4,83,0.3629839554151959,0.22280306898602464,0,0,0
38.48540500041486,0,355,0.42412602833692215,0.594160960161279,0,0,0
55.5351455745348,4,1810,0.8398230709088481,0.16262105294140772,0,0,0
153.03752044734395,1,1991,0.42692580103043154,0.32836300331751644,0,0,0
46.36587994781571,3,141,0.8500116694854958,0.41727385181225896,1,0,0
93.4638620398559,6,1832,0.06942901960378522,0.43192610641159435,0,0,0
65.71381459607122,6,2002,0.6910752550809548,0.4378811783666354,0,0,0
102.44929637775351,3,1958,0.06300930183547837,0.7835117995269615,0,1,0
8.324982172947298,4,1420,0.7900124800662972,0.6201847028121479,0,0,0
14.44456450243583,4,835,0.552218026298993,0.6417793580646283,0,1,0
166.6618661179298,4,931,0.5558725221827236,0.7686606386487543,0,0,0
253.96117617955736,2,912,0.37668833148957426,0.20691109079216674,1,0,0
36.21644496463538,7,2289,0.903336309562803,0.4644253902216242,1,0,0
70.5253096717802,2,1325,0.5090949498067703,0.8551832401600401,0,0,0
120.87044299310101,4,1017,0.26043714089443715,0.705703313158852,0,0,0
180.04694125804744,2,1176,0.8241298704009593,0.8800949845009103,0,1,1
11.849939100020423,5,1021,0.9481334138982161,0.4532221649192716,0,0,0
37.11271944432815,2,986,0.24229114553712572,0.7658795042401881,0,1,0
64.5487414717188,4,1902,0.6052644442385674,0.2659856107642984,0,0,0
181.8423671524773,3,787,0.5885717893878559,0.8677898034945435,0,0,0
1094.9133248412127,2,2262,0.6096201461934493,0.29668360256676674,1,0,0
71.66441161951474,4,1213,0.564233753646009,0.3405993662003668,1,0,0
22.043605016391684,3,2181,0.10017733221995606,0.7176642320018347,0,1,0
134.59470493889884,0,2128,0.4124865981204404,0.7477587570042097,0,0,0
337.30777400226367,3,101,0.9857156731432278,0.05260241687665357,0,0,0
100.28479828108628,4,1382,0.0882037161757725,0.15017098085746372,1,0,0
36.35571651843755,4,2012,0.6696348479908458,0.24971165325982292,1,0,0
234.62627790575152,2,1548,0.8942993025824731,0.9998660669871883,1,0,1
174.78307236210898,4,635,0.20065771657333165,0.8224449744113093,0,1,0
32.26293847486259,6,1389,0.8024195900822403,0.7150472907988394,1,0,0
131.81845269402686,4,187,0.24177469396214413,0.963437397233339,0,0,0
244.02375269327655,2,1376,0.03037891720264263,0.6871943791564296,0,0,0
293.5036403884092,5,2254,0.5211321759619072,0.6916444136752362,0,0,0
84.22998924915909,3,47,0.7108736997203312,0.8981788405605277,0,0,0
62.92355354702104,4,2147,0.19694093208759522,0.3019565734626203,0,1,0
307.1308327399457,3,1757,0.07042975867998247,0.001758442608025712,0,0,0
26.838555642000085,4,423,0.5534581738532487,0.714946833455477,0,0,0
139.57181768783735,1,1614,0.14772141871552147,0.1561133879607839,0,0,0
22.873370476760535,5,977,0.18431521631991632,0.2872401876362236,0,0,0
261.2234763676856,8,2265,0.703456030058054,0.8225045853038355,1,0,0
69.54364105736447,2,2222,0.6121069998378683,0.7779150515334997,0,0,0
320.0839277573034,4,2489,0.946972987094273,0.4747740724292745,1,0,0
147.1441555646964,4,2154,0.32341580496173716,0.10433719935119212,0,0,0
26.490330243725403,4,1701,0.2143904495103851,0.29830981089142505,0,0,0
374.1391294357801,4,2459,0.6557398235811696,0.4755285157700836,0,0,0
424.6414927327734,3,1437,0.9719975079468254,0.7681788162654374,0,1,1
217.51906298567621,4,113,0.5534789526720034,0.9847129458552987,0,1,0
42.03119728139487,3,146,0.29381647781829756,0.6255828210985344,0,0,0
66.28648601975601,2,2346,0.9104697471091635,0.05336246738127637,0,0,0
104.1078329644809,1,2236,0.6103958401841244,0.22113161800651782,1,0,0
44.53563257004556,0,2159,0.21272847172690978,0.25953532277719016,0,0,0
488.99221664323863,2,56,0.9496155283964278,0.6344365136650331,0,0,0
103.99329976464676,4,581,0.2730103932060546,0.018425105872296288,1,0,0
6.029426828428558,1,530,0.898483741259235,0.5065585214598587,0,0,0
126.38790802231638,1,449,0.6145863693430952,0.9957195042940772,0,0,0
63.550991740264394,1,1937,0.5026473785348812,0.7686764895301964,0,0,0
83.51894095200262,3,1187,0.3325671683212813,0.7693703982544002,0,0,0
62.26382719007016,1,1668,0.11885190919173816,0.7453842437346969,0,0,0
201.75345186240463,5,219,0.24481250795315024,0.6833979502279939,0,0,0
275.8032580981989,1,892,0.33100855250568395,0.298367355389377,0,0,0
119.46855065006633,2,331,0.28873717481717043,0.7829063923202957,0,0,0
64.11567109206025,4,1163,0.07332700471551967,0.6458859093610662,0,0,0
86.37193487365751,0,1380,0.5797814700417361,0.2289030752022847,1,0,0
91.79883588709976,5,2329,0.47517960752996136,0.9789998470576086,0,0,0
40.34913512393409,2,844,0.10646287241926289,0.98452442952127,0,0,0
160.60190264887734,2,12,0.46385395758533754,0.3739122191931723,0,0,0
142.59983114462653,6,1969,0.07896455356158594,0.7531832829188664,0,0,0
420.07834927664834,4,1120,0.9315293317864235,0.6813670740195762,0,0,0
315.87601540712626,3,232,0.2590787481758524,0.5839103303949652,1,0,0
45.34614114442499,1,1802,0.7248243479698765,0.18085209421994297,0,0,0
204.4448740321803,3,1136,0.2512492836370952,0.46784719364918115,0,0,0
34.78014287581669,2,1939,0.474512943596626,0.7299316221204883,1,0,0
180.5363424899783,5,1071,0.933266253012183,0.9883384831538139,0,1,1
53.69853936510137,1,2302,0.8716871346082986,0.6136154915043243,1,1,1
32.35429493124927,3,1543,0.7788807024400357,0.7521861596554109,0,0,0
119.10975067975619,4,1880,0.7901912006696625,0.9138915893137095,0,0,0
6.205480615651903,3,1447,0.8234620740164595,0.6137818073092237,0,1,0
15.627378774373081,3,2336,0.7426358810681501,0.7645207878623801,0,0,0
75.37744680103226,2,1330,0.8968556510851392,0.4580621873027241,0,1,0
97.75279253934373,3,1939,0.35023526958350726,0.2918914309268058,1,1,0
62.22029482222427,6,2422,0.5261276591603757,0.49303950078057335,0,0,0
18.551742153650643,3,195,0.6464142503567422,0.08895919516192896,0,0,0
39.730063092680126,3,1945,0.19779589104495943,0.9299972055465868,1,0,0
133.1144556893582,6,1030,0.5032631783126706,0.3104288075300944,0,0,0
161.06077377612948,6,1505,0.12407934641373108,0.4610326020868386,1,0,0
88.56855477812915,3,865,0.611640679487773,0.6533787636279872,0,0,0
286.2409048852384,3,2191,0.0976212877997974,0.5044945540169042,0,0,0
133.94068108359525,4,1684,0.5033530057549231,0.2827802074146881,0,1,0
42.62940809784203,4,2219,0.4616464966431112,0.9842917413510804,0,0,0
67.99933641927255,2,490,0.11179094740332285,0.8482938057420334,0,0,0
22.134419552829666,0,2144,0.4393357547108174,0.10278755952802288,0,0,0
80.79063130497619,1,1219,0.6778068132885996,0.3673889154783576,0,0,0
273.71861310178474,5,2308,0.5947141440918776,0.19429301548799482,0,0,0
178.6252587315222,1,1260,0.45804708151792695,0.47867245173915696,0,0,0
365.7716845041962,5,2043,0.3649450927734006,0.20879592456781193,0,0,0
66.4942020206275,3,1542,0.057388306079244056,0.31227345989091326,0,0,0
345.8827326087655,4,1785,0.9558975392531897,0.5208985767498845,0,1,0
74.19492662815117,2,52,0.4027077293752901,0.1440848447400841,0,0,0
392.1267316509793,4,787,0.4164771922546642,0.8609448039935362,1,0,0
88.07099517376913,8,122,0.1283428192825542,0.3626503385402686,0,0,0
182.5878402753754,0,1562,0.5326682139292996,0.9142997828259561,1,0,0
393.5123153467307,5,1840,0.9792209971281175,0.030090253005569334,0,0,0
74.18577138083015,0,2137,0.2530254789825179,0.771700547234436,0,0,0
111.98769369604075,4,1467,0.3133362219970385,0.8649512876911692,0,0,0
326.64156075333767,2,38,0.2362145126804127,0.9845701962149627,1,0,0
78.80660680639174,5,84,0.8665855846686484,0.13186994821591824,1,0,0
24.02530662432218,1,1925,0.47520993397103717,0.43374893085622857,0,0,0
767.3991380353613,1,1962,0.8235234884254031,0.76030878279079,1,0,1
56.27416425886887,2,1010,0.8500868437153052,0.5135586781683432,0,1,0
105.50475794854617,4,739,0.7490896711322115,0.8207905744207136,0,0,0
286.00424960011605,1,1027,0.261044172261262,0.9839034958597577,0,0,0
48.98460652820563,2,1833,0.03526370138092272,0.7566463807680677,1,0,0
32.85592476390755,5,672,0.1432893854867897,0.7421886162805494,0,1,0
116.01706551272841,5,30,0.6969496476862385,0.5678957825319565,0,1,0
14.983110530397292,4,628,0.7405501371088414,0.4631614962595185,0,0,0
67.49772699288937,1,1191,0.7663767064774946,0.8350226802924361,0,0,0
115.01225228714092,3,93,0.2439692907847053,0.2328772465846224,0,0,0
68.72053777038415,4,2266,0.15303601193629168,0.861451680245783,1,0,0
19.231490329164277,2,1212,0.9230614980614587,0.837354044431571,1,0,1
443.269508415719,2,972,0.6642115918642327,0.7371879846392699,0,0,0
99.83692990011737,2,1746,0.7419628016659179,0.6958844451649105,0,0,0
376.58813786629065,2,886,0.09390490485066738,0.008081766822448877,0,0,0
69.40533583720479,2,698,0.41245883299722474,0.9904196782337491,0,1,0
37.337120457542234,4,2330,0.06330789675569337,0.3919123447653877,1,1,0
117.82269624277238,1,975,0.6577517263079923,0.3798238259002632,0,0,0
72.54542182893765,2,389,0.4893582793340788,0.9883727138598112,1,0,0
27.722338770938922,5,929,0.4514639198177879,0.24188914924327665,0,0,0
391.42121595229594,5,2185,0.9029073354013695,0.9531317321608225,0,1,1
48.314406002359796,3,288,0.7401186042657689,0.3851915801782443,0,0,0
14.292481291822105,1,1357,0.9642532280346214,0.09818522794141626,0,0,0
339.7350516434948,3,619,0.04626935598747839,0.5230726264667398,0,1,0
54.36398989342216,2,412,0.6156775526881434,0.7062301849792935,1,0,0
49.017437756487475,1,407,0.6302171904557753,0.6090533417591784,1,0,0
15.403771976543187,3,600,0.026543135856186284,0.9521706866608106,1,1,0
513.3415877265096,7,2025,0.7870810377019001,0.3837199906592921,0,0,0
24.79196014205427,3,1149,0.1536148848845733,0.442004541350836,0,0,0
95.43539063761229,3,2015,0.7012720307381759,0.245931168790958,1,1,0
224.2183429788405,5,1854,0.03782394129819411,0.5778402683748389,0,0,0
137.23803954236584,3,1346,0.6136874455051846,0.9396466931706551,0,0,0
84.80425242042224,1,1758,0.5207807967233953,0.3456146090351083,0,0,0
16.417275124961442,5,1521,0.48327694940641397,0.1149587108832486,0,0,0
40.05586738301791,2,2117,0.36666536569385166,0.3661212485848325,0,0,0
108.61400275960811,1,884,0.4202379393852469,0.883199286901074,1,0,0
40.969419805577786,4,1700,0.47689427762675973,0.9001725787817545,1,0,0
110.31715670563472,3,2340,0.29768951041699376,0.12196111672869736,0,1,0
177.99285496051124,2,1543,0.9352888609196645,0.7645300187824022,0,0,0
235.6865833616033,4,416,0.9650015710961773,0.14164170213979932,1,0,0
26.412057838513363,0,1243,0.29990281229055304,0.8844230939073365,0,0,0
809.6856249460968,2,897,0.7786917390928654,0.47520417743684595,0,0,0
193.92652390300017,3,418,0.7516188174780664,0.8987661895423916,1,1,1
89.86296027878605,3,563,0.8755824039734911,0.07449679499992634,0,0,0
267.61157524085957,2,1444,0.0038457736047606828,0.0763961203454967,0,0,0
958.5366245191301,3,1946,0.3381179947509175,0.9353347094377498,0,0,0
21.354871756129434,3,1185,0.1449878093466811,0.7723417591189862,0,0,0
71.86126300975965,3,2049,0.3908582528631771,0.1455369604420691,0,1,0
8.344213796279881,2,1091,0.5756281031589612,0.890493151742559,0,1,0
109.14219055891111,1,163,0.9088489159527211,0.8537852226183527,0,1,1
129.72207041076928,6,315,0.8396140397609573,0.5377843872537479,0,0,0
86.56000601237723,3,333,0.4990223710096361,0.16506229020933705,0,0,0
46.78049904448171,1,525,0.023502124148761294,0.4224363695529275,0,0,0
11.593974039835649,3,2104,0.3008936202657534,0.5502648893267539,0,0,0
130.78224437127852,5,2437,0.10661008468565181,0.2095583880815367,1,0,0
385.8445175008199,0,593,0.6506330666493085,0.8584601388217541,0,0,0
49.84815796979092,3,1738,0.6954281791504849,0.8335518067631877,0,0,0
139.77862610552043,5,731,0.6488024477208113,0.023305365999912064,0,1,0
18.762415374193022,2,527,0.2747169683439801,0.019648299645371292,0,0,0
142.19694931990796,5,124,0.9195087194855383,0.4368406536367462,0,0,0
60.74092584487247,5,1721,0.5885062465335137,0.9242058232685492,0,0,0
41.99632226780594,1,2442,0.5972486748510499,0.7681193440926761,0,0,0
42.08268438373176,3,704,0.8155573150310915,0.958466472949567,0,1,1
60.72700050140847,3,909,0.06924466173681076,0.28396237469356445,0,0,0
131.95135285640072,2,994,0.2096078069772136,0.9681640300913299,0,0,0
24.235943474969993,7,328,0.5895814593308837,0.5315070242997177,1,0,0
60.514600616937145,7,1567,0.6104328032780119,0.6110149710980236,1,0,0
86.3603123089174,2,988,0.4667654454739739,0.228900510131831,1,0,0
29.992902653850702,1,455,0.7799384167112106,0.46137962166351343,0,1,0
542.7588973284196,3,737,0.34562345033807906,0.7562270119216419,0,1,0
38.34041339642196,2,1156,0.011233901586165107,0.3510987677020547,1,0,0
46.088482725310094,7,1975,0.3399592785589942,0.06966677310939151,0,1,0
33.84164180229804,3,102,0.9658804541647059,0.8377532243878514,1,1,1
543.7448369742901,3,1882,0.7790356113722069,0.033394558301827804,1,0,0
156.4764044928426,7,1255,0.3182515362127526,0.09629175730713535,1,0,0
35.283237533694845,3,1898,0.22244937940079967,0.6371006917834416,1,0,0
272.1168470680776,3,809,0.8102680188910935,0.6685019707202101,1,0,0
110.02401875650489,6,1242,0.19989770872313295,0.5498429580058809,0,0,0
116.4257139485874,4,2416,0.5801982704569486,0.07775917799422483,1,0,0
63.785302230457496,3,91,0.5079605312436511,0.7768537601898934,0,0,0
42.54592211932522,4,1762,0.4226691217654476,0.5982072148439631,0,0,0
126.18714705172731,4,1393,0.4259613642910923,0.6704746990196978,0,0,0
52.1911411128537,1,2187,0.7023608164788018,0.0029008974574594726,1,0,0
553.7734286700858,2,2162,0.10283699438779315,0.08789748309867296,0,1,0
25.297583940662413,3,2070,0.39522583426750346,0.7209288556436045,0,0,0
418.28238760115426,2,1047,0.9683813225232087,0.6777743230562847,0,0,0
80.53413656147602,0,1089,0.7781594403295924,0.19835412850391232,0,0,0
121.3993754466455,1,460,0.021033068986924253,0.5048719130048098,0,0,0
207.0908874334833,0,1734,0.44705641493909354,0.3124051118726806,1,1,0
47.93043577310645,3,114,0.11719417850038916,0.6249029583531703,0,1,0
213.6306062905964,0,1905,0.48471226802830936,0.7974885905262783,0,0,0
6.004181508752602,2,1521,0.10358309267477628,0.18803491759349922,0,1,0
43.81650035075843,1,1506,0.3892144369396191,0.6493053032982923,0,0,0
35.72808923297558,2,921,0.5449958147183421,0.43438744918330463,0,0,0
25.70007699030087,0,2305,0.36730870490340406,0.1927544528563091,0,0,0
72.60582566427848,7,1309,0.5785759529605204,0.3965263569209787,0,0,0
132.38971618687577,3,1070,0.985048182603393,0.10422814971797034,1,0,0
181.7550676397197,2,1869,0.24578663539888845,0.6576625044273833,0,0,0
114.53457668627942,4,652,0.5645079394599244,0.998197498976263,1,0,0
46.26133592959378,1,456,0.47132499372820247,0.7332657140503467,0,0,0
130.192801187221,4,392,0.8092643738760629,0.8519878458914005,1,0,1
101.92993799299595,5,412,0.3148821838673409,0.2257665615539558,0,0,0
229.53514796211127,3,1183,0.6380144403419091,0.10618778658424066,0,0,0
195.76925649495976,2,911,0.6929584779340483,0.002146542278139818,1,0,0
92.80276308025631,0,1980,0.975660038260779,0.7295924080509222,0,0,0
36.69890777941361,0,551,0.15126473065742674,0.8231391675404758,1,0,0
46.854630671234965,4,1638,0.9982907457118823,0.1890882871152545,0,1,0
51.94630767155085,0,1872,0.7212096679603274,0.47828413264438385,0,1,0
65.6760068391025,4,1941,0.45633802074404284,0.5850267274971099,0,1,0
117.68957380999618,5,776,0.2635632348007466,0.9581887038436845,0,0,0
184.04391362291017,2,443,0.6287019520122038,0.913943982809017,0,0,0
85.5312072979927,0,1359,0.1417929915304853,0.01573832791387808,0,0,0
91.4804042277673,1,916,0.9467780148575425,0.04922459739269669,0,0,0
103.88726335710027,6,544,0.1844251380933718,0.9589012144398691,0,0,0
53.73661898334179,1,900,0.7743034170047464,0.058099521004344234,0,0,0
35.68062207356479,0,645,0.3451464573322771,0.5820019355301677,0,0,0
15.557799721672547,2,1259,0.21584557419872274,0.0792749952188645,0,0,0
44.91854066512113,3,1771,0.8086652193182321,0.6668714208044998,0,0,0
144.48063045417513,7,23,0.8878372117435042,0.18420943485480445,0,0,0
44.57122903478295,3,144,0.005621119166318911,0.03414963571229013,0,0,0
70.9654374880013,4,2354,0.9741514967494915,0.27883108689552927,0,1,0
143.5138128572624,4,1419,0.4219191793061847,0.5313420266440676,0,0,0
151.51573734551314,1,584,0.09607652859260418,0.5350004215901525,1,0,0
30.58369879311958,3,1072,0.4532452656093561,0.7635419572172136,0,0,0
243.97343744909065,1,2453,0.11856807136600889,0.06047987803863086,1,0,0
277.924665444038,4,1599,0.25878148080409114,0.008182936421330278,0,0,0
29.082893316502627,4,1126,0.5575106221971952,0.7142072370595481,0,0,0
39.4945674824519,5,1553,0.35919746097503114,0.9542403885790455,1,0,0
296.21652288559017,3,241,0.22784410477821415,0.1927090827481892,0,0,0
77.72263119571821,6,1280,0.19648249776241278,0.14990600634372686,1,0,0
9.778851587375145,3,1971,0.6365892715552773,0.3429549878432473,0,0,0
22.205022349859977,2,2409,0.9096891158275061,0.7022329850078181,0,1,0
70.14961896581009,1,2115,0.056425094802760034,0.7617991460908952,0,0,0
28.133396261525952,7,2328,0.2442252465129523,0.9366899835175003,0,0,0
59.535705759484294,8,1430,0.6654090375261982,0.8019247057213484,0,0,0
92.98109693068807,2,778,0.9873480254610977,0.02775859791635682,0,0,0
388.4850174861078,5,1029,0.6813494861673908,0.20637738330467992,1,0,0
67.32597252166802,3,1291,0.05262378835932979,0.3555299252577836,0,0,0
263.1020026002468,5,1783,0.17886338845812333,0.9469115763298788,0,0,0
375.68843217102824,2,2096,0.3476666425999311,0.6056099895321103,0,1,0
377.77911363411124,4,2382,0.15740277434981198,0.9963173803689997,0,1,0
119.67199118177858,1,2030,0.1822764012934246,0.3176214116177999,0,0,0
12.638034170793969,3,1668,0.27365419058885276,0.9213831300541117,0,0,0
142.71146510998997,4,136,0.372775983345072,0.698634327118064,0,0,0
256.82627609242763,2,519,0.3918444649383094,0.887064698665149,0,0,0
83.00766015520281,2,2167,0.49937712976385307,0.9226248449528544,1,0,0
515.2147840230009,4,342,0.9282358212459993,0.45302477564513677,1,0,0
212.68954376789142,3,1003,0.9933492325614248,0.8719532447092138,0,1,1
158.89973044387574,2,2212,0.01971433565545755,0.9832390785015824,0,0,0
266.7683586398682,2,285,0.49376847738308305,0.667117013597576,0,0,0
125.63361470908441,4,964,0.7520806538370853,0.2590455525315808,1,0,0
7.442371146856762,6,1622,0.07329484570047029,0.2693227823970179,1,1,0
54.64518193542036,1,1725,0.9411883890912732,0.7523973162578902,1,0,1
298.02221396916235,2,377,0.937711197298412,0.32864952341761544,0,0,0
40.14141763068792,3,53,0.20839289279394013,0.4110467459165442,0,0,0
71.99001974555301,1,328,0.7857453499656408,0.5265220274648406,0,0,0
31.66347112812029,4,2389,0.5814658709067626,0.9116848691123471,0,1,0
535.8866126890639,3,639,0.033900021918660594,0.711320886632359,0,0,0
483.71333946377104,4,1604,0.29730232085349495,0.2909865400792152,0,0,0
37.1933917681971,4,506,0.26337587813245056,0.13367611204755492,0,0,0
104.30277842028596,3,868,0.8797182091796831,0.2898007852238519,1,0,0
45.5816832283906,1,704,0.8975007930125711,0.33352068726937356,0,1,0
166.4915635939513,3,2226,0.03446697030980872,0.7326206810214344,0,1,0
149.85723545410158,5,968,0.741411706022608,0.4252453932223397,0,0,0
202.6956456768511,2,559,0.11985328167380227,0.9979364907946072,0,0,0
125.451401898468,2,909,0.7909238357468305,0.03449392384069483,0,0,0
1694.94607710053,4,9,0.8456104916451326,0.35425144084689864,0,0,0
32.2035351885798,6,1436,0.05924979505570338,0.08593218112980272,0,0,0
16.27119953910748,1,934,0.32626038947993274,0.35672321493990433,0,1,0
60.75867068119367,3,1628,0.37969436178364924,0.43371404027793015,1,0,0
18.76534343740958,3,277,0.9551486239105593,0.8911459862360074,0,0,0
20.237508317416967,4,2487,0.3709189038728271,0.425362222261793,1,0,0
33.071945195198005,3,1062,0.2559968856407202,0.025503178152655237,0,0,0
35.79510293655343,4,1818,0.6196975585998947,0.9551879741789286,1,0,0
34.65291669689705,0,1814,0.1588933887710411,0.14525607653605332,0,0,0
151.1418727651004,1,435,0.6250853855300013,0.7737102469018848,0,0,0
54.26128227031828,5,1268,0.4585745513756543,0.20026814237827584,1,0,0
75.22513560156558,3,840,0.7314389044438216,0.9233334884893393,0,0,0
220.13319049393854,2,1197,0.5788203310621142,0.22654465096020338,0,0,0
41.83266422768877,1,2299,0.17658247339191613,0.8551656959299179,0,0,0
69.09304685289791,3,632,0.9373768212665756,0.41455747669397214,0,1,0
129.7695241788942,3,1366,0.44878095134356333,0.44714308623433807,1,0,0
12.915552422939218,2,1957,0.7445619091964489,0.6292073628897902,0,0,0
8.290369094785694,3,14,0.531941606557106,0.48742113690760425,1,1,0
127.24537751992237,2,2322,0.8652714756450152,0.3367432964349031,1,0,0
147.2326929628551,7,2401,0.3370253556728352,0.24260439541415602,0,0,0
709.258554431765,1,1159,0.6388637104603827,0.2662348809115924,0,0,0
105.43502388849838,1,1724,0.07938625049417336,0.7035659568947362,1,1,0
204.33069131836928,5,2490,0.0777399305413583,0.10874903675829084,0,0,0
74.034215385177,5,1403,0.8435377558613084,0.5615658788243866,0,0,0
121.17396272870528,2,567,0.8183771267758079,0.37950980706856396,0,1,0
476.876163438513,1,802,0.35929339073370026,0.353121741573164,0,1,0
10.761846866515889,2,127,0.676013740231859,0.7154913903828298,1,0,0
136.13080943782526,5,1795,0.8289848643203293,0.503227698191572,0,0,0
761.7258622095848,3,1019,0.1438541987378512,0.07719315984476471,0,0,0
119.34688099851999,4,1960,0.984736740769253,0.9095674865869405,0,0,0
468.9860215632167,1,1868,0.8858516080648576,0.8980196876634592,0,0,0
47.98017239528097,4,1559,0.6909159760492803,0.42535638917739615,0,0,0
87.17804361784177,4,1224,0.5432286258040594,0.013755864234774373,0,0,0
93.0860842757285,5,695,0.8949261759663634,0.06025148084281462,0,1,0
9.800260046104231,2,739,0.7393319351880768,0.491597076693026,0,1,0
27.98929658158101,3,79,0.5847162181801574,0.08142849857185419,0,0,0
30.057881935537242,2,1781,0.8915889164016989,0.4432266794826252,0,1,0
204.8065915668712,1,2188,0.21061950886926661,0.18974774316514076,0,0,0
215.32598856124295,3,1025,0.24437451562725232,0.8024718521208608,0,1,0
124.46648000004181,5,267,0.9301123392278476,0.36757390464404716,0,0,0
205.22417060974786,3,229,0.06709647827317045,0.37848842446338216,0,0,0
76.38990754714546,1,1393,0.04615883236420082,0.024934670847927887,0,0,0
299.4452719700914,2,2498,0.7919421475994338,0.6537640413655795,0,0,0
90.8117282152284,6,1123,0.4139967476195693,0.7734644721586824,1,0,0
95.37953593514489,5,597,0.9162557408472048,0.26347596811357354,0,1,0
69.02076261086789,4,1205,0.30068970715036747,0.6167960926393609,1,0,0
178.4753466430313,3,835,0.28723183134648256,0.6468953408844755,0,1,0
59.07460776185855,1,729,0.9572168984526309,0.6296653866446176,0,0,0
238.99231036241392,6,2204,0.5537677695384569,0.698306899930312,0,0,0
29.016100317288632,0,1922,0.6137087140639577,0.7849881036262909,1,0,0
29.996591101980616,1,840,0.8980773655493621,0.7580499799286222,0,0,0
179.00733007222863,3,917,0.380819683469263,0.5740325653071626,1,0,0
82.3893174090506,3,655,0.24786138851785078,0.9388749271519031,0,0,0
57.17453367905835,3,1975,0.5710721446795202,0.7804599517865529,0,1,0
219.2160410733454,3,392,0.4100217441123418,0.8908583910564044,0,1,0
49.045016768372456,3,1384,0.1635902686882994,0.5078259172248426,1,0,0
73.68496279161944,4,333,0.11860105420233791,0.7004764992792183,0,0,0
364.75574947856285,3,2240,0.7254587384053798,0.8630800730718141,0,0,0
419.5330662525942,4,1370,0.034203958527645906,0.5397741806364085,0,0,0
433.71958608660503,1,295,0.5275429959692393,0.8740305004545316,0,0,0
67.88901388811122,3,2183,0.3296485154737754,0.7252341821382409,0,0,0
308.1858176090683,3,2251,0.15090897549795013,0.7537824124337613,0,0,0
34.84979212123389,2,1739,0.8906668449341183,0.9273436461618486,0,0,0
36.346471360477864,2,2136,0.7405411428382433,0.33029790413411875,0,0,0
8.580945858785972,3,2393,0.7730988535435875,0.594666163785088,0,1,0
479.55960918709036,2,1720,0.43588783847275503,0.2726601201731532,0,1,0
37.940538236480826,0,250,0.648347362646075,0.5291838548150466,0,0,0
79.31818490958645,0,2367,0.09054321308733704,0.4436488663526985,1,0,0
36.22232560208533,2,2337,0.1392764271816911,0.45742291992315876,0,0,0
180.39795079421057,4,301,0.322568888814199,0.2085771408356184,0,1,0
61.82861846811898,5,1030,0.4577760473775344,0.6255007168437309,0,0,0
24.414643837882267,2,549,0.09381880679457255,0.7955782169183,0,0,0
140.0028198491439,1,2306,0.5649741607331956,0.26865789448598887,1,0,0
21.46170051457751,1,618,0.23980256775146858,0.12392610192928355,0,0,0
38.96229075600328,3,222,0.7745580035601918,0.2553592761036879,0,0,0
10.947497434787605,5,2361,0.0004691897975180881,0.7552305426541697,0,0,0
21.672450414281226,2,348,0.8660784732092661,0.06340506973021265,0,0,0
107.61167760005137,4,691,0.7325791653023936,0.617801538060391,1,1,0
12.622285749348007,2,2139,0.5461724390225065,0.8198084821852397,1,0,0
20.46782775094935,3,1195,0.7375336019637883,0.8016549180318389,0,0,0
89.80414064406041,2,294,0.36457984400898213,0.9875373088338729,0,1,0
52.26845864221577,5,2240,0.16258622426933267,0.7899869131038456,0,0,0
659.8659022443633,4,31,0.009111366410840649,0.1348350917583102,0,0,0
563.3474319265431,4,606,0.5485552202801102,0.34712175705926085,0,0,0
37.79124784214839,3,782,0.2919424456462878,0.21698166793705698,0,0,0
157.14007710167238,3,1528,0.21268919124634622,0.3763803143416389,0,0,0
190.42959703316498,2,1122,0.8670097263388455,0.6369152557935968,0,0,0
49.52715683055238,1,52,0.7251677932631869,0.2898325974586604,0,0,0
20.175287482599398,5,1987,0.9901755493585803,0.12876848082419023,1,0,0
88.9168399812629,9,350,0.6615646998422042,0.7142030177492438,0,0,0
75.72848102744953,6,1001,0.8953661839559024,0.11719559439397165,0,0,0
58.22038219878154,1,758,0.1183361064051156,0.9479033799099443,0,0,0
140.09445422626143,3,1042,0.7227628116038758,0.6185772011208128,0,1,0
42.49006963554483,2,2278,0.08622445756476782,0.7644071365252207,1,0,0
28.4458549050847,2,714,0.09457047167354371,0.8242809378802829,0,0,0
100.3920449296289,7,610,0.8578354821947872,0.6430114565758923,1,1,1
132.41886159971088,4,1505,0.3600852664487555,0.7019975760783297,0,0,0
27.753308438638566,1,863,0.31643250450951255,0.7903481762606229,0,0,0
227.7140353872514,5,1436,0.1837830646102837,0.4540917540655828,0,0,0
15.325511563193286,3,2436,0.4849425211938634,0.002754558969690901,0,0,0
50.495617042865774,3,655,0.20358262312062403,0.9669880461297989,1,0,0
69.54621278797732,4,2050,0.5378475602190876,0.2427218686810947,1,0,0
47.64493303728265,6,151,0.6604380706433062,0.14968945007419443,0,0,0
51.159056093312245,4,1979,0.6549112021223211,0.9192129860530011,1,0,0
584.6857259670937,5,1371,0.3646496120706876,0.5412374594088019,0,0,0
38.44066605023059,1,1818,0.7040378134558831,0.2756600911247199,1,0,0
1034.0327446137255,3,753,0.26608400998840376,0.9317651344531658,0,0,0
139.3692352231093,4,1677,0.807681174367663,0.8553630076072569,1,0,1
98.6970578829725,6,1192,0.0001151092571001211,0.45581180024929613,1,1,0
144.9284762361995,1,628,0.9665651126513422,0.9561826024409399,1,0,1
1129.9489675788725,2,900,0.43357320549788747,0.09322174739639388,0,0,0
33.32830367111973,3,1891,0.33399587080678883,0.9376079234542698,0,0,0
29.358499076401763,2,111,0.6244823745198077,0.4603648761954825,0,0,0
42.31466868779583,2,2228,0.8790971648126253,0.4614343642113381,0,0,0
92.95756948668924,3,977,0.3525712968908512,0.45332114537211576,1,0,0
16.026263979746492,4,1435,0.07004253922798465,0.43050011500043106,0,0,0
92.05067487989191,5,181,0.35383353207989343,0.5373783510229486,0,0,0
489.5796341483261,2,367,0.005086669289978252,0.9951601343104696,0,0,0
104.73228113218663,4,1549,0.1850421529032421,0.014479705721564207,0,0,0
67.17589924571269,4,2222,0.05200755633434884,0.500069857624876,0,0,0
48.51337588272497,4,2134,0.3875853248087907,0.2836295582913949,0,1,0
221.07714313128284,3,1707,0.05974916922995699,0.17147316522428646,0,0,0
39.41581874674052,2,1630,0.9839260835736346,0.9250942192261512,0,0,0
570.4331135362577,2,1955,0.7819161529710044,0.3844857831157331,1,0,0
622.2610801725258,2,947,0.41953333280841876,0.5463973774740334,0,0,0
116.36721047484414,0,431,0.7904220317922639,0.9303774140568254,1,0,1
88.98652127577296,1,1670,0.4173618004244959,0.4794073794261259,0,1,0
252.31033255117515,0,658,0.6470815238648604,0.28819706549616786,0,0,0
269.0234370071878,7,1398,0.8215161163953528,0.0967861212090575,0,0,0
40.205679588465195,1,264,0.6844024887540201,0.5983661270715916,0,1,0
53.16737024211802,6,169,0.08451084263816522,0.9115933953712019,1,0,0
23.99037157115531,2,317,0.04348557084148075,0.08076200286754343,0,0,0
135.51264247068744,3,2452,0.5699049314310458,0.44592226039891125,0,0,0
175.32263120587382,6,213,0.19642857221193466,0.6646292389686158,0,0,0
23.337799965137066,3,1592,0.9840930302009895,0.10071124869115733,0,0,0
57.09982747385978,1,634,0.016294195326594152,0.07871469576535883,1,1,0
23.40023540647099,1,1922,0.7485260255634247,0.20449608479875736,0,1,0
36.64218563936252,2,1385,0.04244338491662247,0.13131244418015897,1,0,0
156.1812294525138,4,672,0.6108725159020588,0.37782089279144526,1,0,0
43.22927523965691,1,2171,0.4200436696623987,0.4101872091739295,1,1,0
66.63127380408851,1,1046,0.63282320776771,0.452746051782944,0,1,0
17.68449508976261,4,877,0.7619583909378543,0.49112068862009906,0,0,0
108.52604711274726,5,394,0.03320041617541025,0.05825161525165201,1,0,0
86.11870886928789,1,1959,0.5212605704985807,0.6629654116463117,1,0,0
43.42523613882967,2,2309,0.9423397752975873,0.733716973005951,0,0,0
74.51390127822347,4,1769,0.21778324351289768,0.13723207144877203,0,0,0
107.80185655066417,8,233,0.07746834467884967,0.22696771974449503,1,0,0
39.85037641907691,3,288,0.7709650084251624,0.2805640920929874,0,0,0
20.568020280770316,3,2424,0.7414417905846423,0.4161874912559125,0,0,0
547.6160664213202,8,1810,0.39015450350466063,0.40156306572784584,1,0,0
47.78574127398268,6,714,0.8302472073465933,0.20567015755036022,0,1,0
81.71518902892059,1,832,0.543901090545994,0.07346983578325128,0,0,0
247.35875568864373,5,87,0.4753602980571918,0.2904653944810641,1,0,0
3068.8408241538746,3,1909,0.8218552637999187,0.7792152240183842,0,0,0
25.93292897344683,2,2218,0.09813992346486011,0.05834974484737154,0,0,0
141.1505729328255,6,1253,0.22389986038804932,0.36615663781113694,0,0,0
44.36486000285175,1,1235,0.4441356346397747,0.19278495110571003,0,0,0
52.52082173375459,6,493,0.08543307601349526,0.7125114864970171,0,1,0
43.80675279905127,0,1937,0.9958715926803883,0.33144586305260104,0,0,0
29.205149083352605,3,1982,0.3135310007820872,0.397278024136813,0,0,0
86.37589451514509,2,1564,0.9477445524832339,0.9171012738382187,0,1,1
20.604248923546216,4,22,0.47445160949905096,0.6111974539064136,1,0,0
232.016285775752,5,32,0.9245185584668284,0.8238209985785084,1,0,1
95.10703447259542,2,345,0.43998492761615005,0.6849112758518465,0,1,0
137.3366173174801,1,1904,0.814724616652561,0.9600043127278066,0,0,0
56.47575257390538,5,1161,0.7510986064798277,0.5715688886468017,0,0,0
62.3520197775524,2,484,0.946895282232969,0.2499217785614356,0,0,0
120.00865979868597,9,1829,0.6374515405572024,0.694361649847447,0,0,0
28.105052588442728,6,1885,0.22708503841819294,0.8202559369643391,1,0,0
62.92915473292626,4,1615,0.54190162279795,0.9675787211920036,1,0,0
38.10656153692194,1,316,0.1458747192408396,0.6177502468156117,0,0,0
36.94503211143956,1,767,0.3348700695676907,0.8219657205615128,1,0,0
10.915259445783725,2,925,0.7891879374522189,0.7106166500708095,0,1,0
343.54791397173454,3,1877,0.01396792578930206,0.7750369492511208,1,0,0
45.306986449074635,1,1087,0.620864163289935,0.5977705280784051,0,0,0
288.1197104805702,4,2330,0.6929863390807708,0.29106612997042347,1,0,0
262.11735449464214,5,35,0.8997908572930744,0.08760162345439226,0,0,0
24.878408368152066,4,1614,0.7564660119395336,0.7199124802923641,0,0,0
30.313366817411318,0,375,0.40282251086387433,0.8295147881880219,1,0,0
1165.0309816715555,3,1287,0.7655780046018871,0.7711578669241539,1,0,1
518.4926965939825,3,1987,0.6254787492099011,0.03962116921752257,0,1,0
87.22417133146422,6,2101,0.5867508429192092,0.05498534138476574,0,0,0
116.43964922967739,7,809,0.0737427628286651,0.10313117560313279,0,1,0
47.90182467201468,3,516,0.5396824032468825,0.824441393598448,0,1,0
138.70546306778,5,514,0.8670969100216577,0.6106281165828682,0,0,0
43.93969384125418,2,2339,0.4368509440347015,0.5897045092534171,0,0,0
11.794652322045422,2,929,0.7041580069870328,0.21333209376660334,0,0,0
24.009371024410044,1,485,0.9037378816696854,0.07655607530094333,0,0,0
91.9360059807779,7,1897,0.5341690008430259,0.7961178423222192,0,0,0
29.047509975567717,5,1139,0.08812440274923394,0.8284043145166403,0,0,0
84.16023447825573,0,124,0.054249149512944794,0.2513520420507557,0,0,0
30.73306038175302,4,1903,0.7977042156131576,0.8259550819983291,1,0,1
41.167375155134366,6,1627,0.03270313448211626,0.31295166636703176,0,0,0
211.2759938362709,1,1585,0.9989174817246339,0.811973928619058,0,0,0
115.29344196460609,4,273,0.12750888740807365,0.06867538898596504,0,0,0
89.15135815509976,2,665,0.7751379355431955,0.3447295264239071,0,0,0
216.7975509337517,1,1406,0.8677166165550355,0.7704139036679462,0,0,0
145.56294334078717,2,2039,0.3064285718939961,0.28877388099979506,1,0,0
382.43675425854286,0,1245,0.5416232048224345,0.0402961872552936,0,0,0
56.834340976203336,2,1797,0.9523754641570588,0.15034184334860867,0,0,0
58.57834104216159,4,199,0.955154902371461,0.9616864267287466,0,0,0
24.505332173582605,4,2131,0.9301119343448531,0.6002412298942429,0,1,0
58.61667911542354,4,1527,0.2749066874569992,0.17695844733446364,0,1,0
236.22149294316765,3,1331,0.059543329965277114,0.6476939914459456,0,0,0
330.2953889997234,4,378,0.10279001867351956,0.6233123893920022,0,0,0
235.16917954455124,2,1662,0.14187665419687845,0.40780026278979975,1,0,0
14.966406658569808,2,983,0.6716781607156781,0.6667791244887151,0,0,0
265.9066248246135,1,347,0.8024373139416309,0.11180871164094919,1,0,0
14.317482982831716,2,2079,0.05032572003791058,0.32141420681597765,1,0,0
220.98997182314346,3,1384,0.89040530151474,0.03758300864272435,0,0,0
62.31582917829148,4,1345,0.7473037021896738,0.9144632791573027,0,1,0
181.7320435363874,2,2324,0.5302857763385452,0.8929860379160288,1,0,0
23.749266649911004,2,745,0.9899603192796189,0.20395420799699693,0,0,0
290.37338598860777,2,2466,0.26518614614755964,0.7076553428187081,0,0,0
20.80150321182284,1,833,0.21800783498989484,0.8130613424364886,0,0,0
46.133763973003475,2,1824,0.3348028553047171,0.407204580148842,0,0,0
33.17860937135294,3,1174,0.5265207306551917,0.8169429329130489,1,0,0
15.575748903003975,2,733,0.386837230803312,0.49239506605256333,1,0,0
98.94138138903762,2,429,0.8295010982158333,0.7972050863833723,0,0,0
547.8979888231021,0,2299,0.894490430436988,0.7573505907525038,0,0,0
1295.828091051003,1,2059,0.966667674769334,0.5619079033316251,0,0,0
99.20176307697307,2,2465,0.8182511457884445,0.5073580189421318,0,0,0
274.97529989459196,4,577,0.6081124540743675,0.2927790455670962,0,0,0
113.53312424691286,0,550,0.6136151986713259,0.41142647161817647,1,0,0
148.2475030300269,2,767,0.18649143389286116,0.39174219813557865,0,0,0
63.93400304435963,2,457,0.2632122592991869,0.10326025238440684,1,0,0
109.40722451509286,4,1293,0.9972594523814705,0.5240776939535364,0,0,0
154.0810410537599,1,944,0.26129839395154586,0.5803146050350545,0,1,0
50.47813494437751,1,2292,0.4668735382754895,0.9690096371646542,1,0,0
83.30476080886119,3,280,0.3853100678311461,0.2828832366696269,0,0,0
84.90813276397748,1,804,0.6882584512361315,0.39945863969920614,0,1,0
205.69681592679453,4,1133,0.33549667130041616,0.5518758262747344,0,1,0
30.999399346321546,6,2497,0.6829499591759627,0.8530351051327116,0,1,0
85.49499116766522,2,99,0.9608019631389173,0.257964339761367,1,0,0
609.114016289434,4,1579,0.2523866737100199,0.23430856829923197,0,1,0
288.31687986569375,2,852,0.37067710118322783,0.5318828422332128,0,0,0
346.9494350073549,3,1128,0.3421751312980579,0.128564983278475,0,0,0
92.24350188587015,8,627,0.3003572759872347,0.6964272474193421,1,0,0
124.08881555413119,1,46,0.2702848679972061,0.8597858706999087,0,0,0
245.23971645574525,2,574,0.6300426814559857,0.029504838977783,0,0,0
428.4849134203813,2,626,0.5481099035518803,0.19497175108468945,0,0,0
12.786591555066158,2,1222,0.5086666570379693,0.5791185755754538,1,0,0
24.156625564062615,2,2153,0.8005874803799159,0.8277910346590276,0,0,0
333.4337188090384,3,29,0.14653021954041845,0.49007507657403393,0,1,0
68.2454417460624,2,169,0.16972534187742672,0.7843527318110542,0,0,0
45.98334247237172,7,1551,0.5130610651664878,0.42225096297497633,0,0,0
25.6832496033987,4,634,0.3537271537605692,0.38753468580945316,0,0,0
51.67547504467395,2,869,0.17378890302083794,0.18165285794849673,0,0,0
22.145420298394892,1,888,0.690632661940649,0.151593951619856,0,0,0
728.5776965533049,2,2491,0.4960750350391817,0.7452733383169203,0,0,0
88.01999002174364,1,1361,0.2022382326167912,0.16935960445934006,0,1,0
84.94886253725333,3,796,0.2644052866887875,0.40773996197124374,1,0,0
162.07783376137797,4,2447,0.7230526598228055,0.545001560608346,0,1,0
235.64941462181503,2,2234,0.32747322221802044,0.264395740915249,0,0,0
231.80306572570854,3,2346,0.2045184906016151,0.8324007167132816,1,0,0
263.38634427521254,1,1479,0.9656010591123348,0.40476727609792196,0,1,0
47.90186549187529,1,2014,0.08804468757464534,0.37673247778556385,0,0,0
66.82873782847132,0,658,0.1469140338876681,0.17817715026716985,0,0,0
194.22779192787615,4,245,0.7172785479891497,0.21979788644292242,0,0,0
53.12305093878149,2,1018,0.4257112849362008,0.29127967078850847,0,0,0
89.55861865890608,4,136,0.7529313036044526,0.3493290633907039,0,0,0
134.1238684557169,7,1748,0.5527780653145749,0.7012978107034344,0,0,0
197.39071359683015,5,1161,0.04021549304812755,0.9963053459143094,0,1,0
15.215566834441788,1,205,0.6841479364424636,0.5065582722681924,0,0,0
183.9650235042688,2,884,0.8057633646203837,0.7053532166243858,0,1,0
71.25578024816777,4,1884,0.5526748705568779,0.24370835207340524,0,0,0
182.62917134755446,4,556,0.30755929282175587,0.9470964611851778,0,0,0
195.76827558054447,2,2108,0.01552184567044712,0.8103906378256307,0,1,0
449.4007645953978,2,2297,0.9066824239298017,0.6850762081950064,1,1,1
348.4356789075468,2,1439,0.7069797330515902,0.31339286920463905,1,1,0
346.0459821483499,3,885,0.04479688041180607,0.08160308067417155,1,0,0
381.33197422356466,3,983,0.8405918160587201,0.9682245508830959,0,0,0
120.46737685902349,1,2445,0.053061151448686505,0.7252034695054222,1,1,0
92.96146821562832,3,2093,0.7114761169318745,0.13657260159697604,0,0,0
215.4690076470539,4,2050,0.694067187616221,0.5518424042085942,0,0,0
187.18191499295418,1,1186,0.9161481112375398,0.6110088989349883,0,0,0
66.08446940909944,1,1221,0.1654296936516937,0.4434517547393564,0,0,0
134.93907884994096,3,706,0.5672712500504008,0.4717628586910608,0,1,0
86.91264495194267,4,2274,0.544703866527343,0.5459893952048097,0,0,0
38.323645878345566,3,1026,0.03497921840427198,0.8015060334420275,0,0,0
327.16372752182787,3,1992,0.6383077681645929,0.8116902632713194,0,0,0
95.12570643399938,3,1317,0.2540293472109969,0.9605982300193087,1,0,0
698.3415136653996,3,119,0.3324915669802535,0.171900144206259,0,0,0
17.716700570735444,2,598,0.241353922297461,0.11024758199592355,0,1,0
51.58449934959204,4,1855,0.05592319411545865,0.6105398374855104,0,0,0
93.00365902097721,1,8,0.16662813355172268,0.7038357336672008,0,0,0
280.7265594795174,2,1909,0.20730805195987934,0.3399436983885922,0,0,0
134.2185407509248,5,2283,0.57732556510336,0.9848486668153101,0,1,0
122.78965311976283,2,427,0.1349562768944702,0.8411945436652989,1,1,0
29.158200892408104,4,1640,0.9207138950620936,0.4931319281647154,0,0,0
28.305569934892215,4,2327,0.2317865759562897,0.7242000521738615,0,0,0
124.27597038141045,3,1786,0.6517446619720351,0.4530587395400455,0,0,0
23.00919701412311,1,640,0.15758143319070916,0.1996223463916439,0,0,0
52.88513247342362,3,2408,0.7951326973802078,0.1593684429373814,0,1,0
148.54936527353516,2,1204,0.07151272326440994,0.2899793992052495,0,0,0
33.705995438546964,3,605,0.7375933181836563,0.8957298356283478,0,0,0
448.25217396244165,3,2260,0.39316543594561826,0.37573324413812104,1,0,0
306.10749901736085,5,2266,0.46551930463770175,0.9067066814983877,0,0,0
18.701056164706312,1,146,0.36631917850015516,0.7981070744204429,0,0,0
35.43247444464065,1,1677,0.4020474474916379,0.6069158400458915,0,1,0
9.154291223338891,2,1057,0.005325206146230221,0.8974226671471109,0,1,0
41.15760153204875,5,2459,0.026149345186953443,0.1894632103144347,1,0,0
193.71509101091902,3,1458,0.7939362310936549,0.07622209400681856,0,0,0
59.507660830963665,3,1395,0.213485016658568,0.7503750258269396,0,0,0
142.70752321861139,1,1608,0.6072973694063614,0.9054162311488121,1,0,0
19.64191261259607,3,1724,0.6533254160844624,0.38309432537762333,0,0,0
199.9315893094988,3,1074,0.6979811893980965,0.004655025655884049,0,1,0
51.670693921007604,5,2370,0.5973417042340106,0.7663311042538705,0,0,0
91.11930413233642,3,1523,0.6287868215611613,0.36493939740325065,0,0,0
82.03331937766364,2,536,0.5815047204073998,0.585621432986186,0,1,0
25.240541187613815,2,2117,0.9281786623201788,0.2093969238896215,0,1,0
28.414957193151093,7,761,0.6645852150704252,0.6813196733948153,0,1,0
236.93704406797448,1,1123,0.35293496197732976,0.5318965818764018,1,1,0
134.1545049171615,1,208,0.3566363822320223,0.02811634664703111,0,0,0
257.25017154445885,3,815,0.07960676706670666,0.006117749643537174,0,0,0
124.54389642664137,5,898,0.9917852782143125,0.43773327144052365,0,0,0
103.85447442037315,2,1998,0.8907656210184359,0.16393555427609796,0,0,0
16.022426247592648,5,1396,0.04306889944809533,0.9056358469438717,0,1,0
68.69203840689045,2,26,0.8617789524366717,0.10435867930433496,1,0,1
87.58551930987738,2,507,0.13842413839476042,0.7161858210888888,0,0,0
634.6712817188351,3,2196,0.2390489430235203,0.34995090334970613,0,0,0
178.92319438282414,6,861,0.6807855558326834,0.9349715845913584,0,1,0
418.2424054196174,0,378,0.7302144606790723,0.13293084006319866,1,0,0
163.6185339401455,2,65,0.5057497383275481,0.7777243616861576,0,0,0
44.198761708681666,4,597,0.9677435294631836,0.9592254478551493,1,1,1
101.20257651360238,7,2020,0.4896149810540378,0.9569749793090169,1,0,0
114.00287259334155,2,2327,0.2583602819318298,0.25620355141588835,0,0,0
35.192902552042064,3,366,0.009059892389310265,0.2964672076308842,0,0,0
61.28975029949811,5,1812,0.8673007985255968,0.14948513287078258,0,0,0
73.27599066460999,3,1882,0.3953095535475223,0.37263742470400985,0,1,0
448.3704699614282,2,499,0.782537654976013,0.6820949032309783,0,0,0
11.237534553244915,6,169,0.7738537516718748,0.010756471461146444,0,1,0
300.61140600157887,6,2468,0.043566719401887166,0.6503074816357213,0,0,0
35.276067695226914,4,1924,0.8215739528073679,0.017826773835220244,0,1,0
22.826469663454045,5,876,0.2891478089220274,0.667403172253234,0,1,0
292.9324774408334,2,40,0.8412308396395378,0.8404288779219723,1,0,1
187.14768588283715,2,2411,0.4921719344745785,0.3601607548678746,0,1,0
315.61360688534637,2,2132,0.5915909483553593,0.40662428087890035,0,1,0
200.4774852744065,5,2392,0.10137057629529589,0.7276519350015114,0,0,0
706.1622321932421,3,509,0.37928897099983216,0.8092728282535654,0,0,0
157.3895333993035,1,2386,0.9708942343379919,0.9996467168647171,0,0,0
76.97822763451872,2,1022,0.9258904679290748,0.540609257000488,0,0,0
126.83999082327801,1,874,0.9942013312991805,0.8545836170832789,0,0,0
312.14540732033385,1,2030,0.510215639208984,0.05611576984115241,1,0,0
41.29017898600934,1,1728,0.8182742381870624,0.1070852796444246,0,0,0
46.904396706643325,4,1821,0.4550490444158197,0.8704160807688223,1,0,0
66.09148941571763,6,182,0.9414012949304504,0.37843267117111257,0,0,0
10.97277495953062,3,7,0.9859905005920527,0.2260566373046916,1,0,1
103.34556868365074,3,665,0.877792865718633,0.40523455198329317,0,0,0
13.65179883932367,2,408,0.6211632645486044,0.5256181465605501,1,0,0
94.92236176855299,3,1323,0.988953935784146,0.32410932975052165,0,1,0
213.85319097852678,3,2310,0.9837427191803281,0.19765409635347408,0,0,0
55.87536243002879,4,1423,0.47507906714419146,0.03700527617423233,0,1,0
481.6009517351325,2,1615,0.3037714134949874,0.7675883681595618,1,0,0
20.89477443304027,4,1576,0.187420744638512,0.9039758186033445,0,0,0
296.26688352639775,3,2325,0.6770124164102408,0.01720948277115919,0,0,0
176.8208470457311,3,826,0.03479765028677073,0.34946450754258374,1,0,0
16.183088086810024,2,1645,0.7638278284354969,0.8926651924868716,0,0,0
1353.9672952944784,2,96,0.05132043565272604,0.02067248026794255,0,0,0
84.45802914807037,6,2441,0.26537194319906565,0.7314795418875466,0,1,0
37.43162659072843,4,2033,0.49799728742373617,0.2432968276382722,1,0,0
22.041186245247296,1,399,0.09743293128856068,0.7730334705926314,0,0,0
72.23913769299708,4,1262,0.036297669309156566,0.6792631663012973,1,0,0
79.24886791015857,2,1928,0.47980235758465994,0.9412098088765433,0,0,0
99.74785268188971,3,729,0.8867562362737325,0.30662268969554396,1,0,0
66.83345936090348,1,995,0.40831442540219975,0.1515572960624436,1,0,0
169.56313072211645,5,1657,0.20027934418560334,0.49503749719432333,0,0,0
61.09134281419845,1,808,0.40835068113665374,0.9848283704107761,0,0,0
13.001124877538379,2,1374,0.722634476555211,0.04042029925482338,0,0,0
77.52794905777196,1,1375,0.041362638566776244,0.1783758306090688,0,0,0
8.436118813546678,3,767,0.03074544889395525,0.8572774308725822,0,1,0
128.22296093303203,3,1035,0.4627819605761855,0.6862997045419666,1,0,0
33.80807805747669,2,1088,0.6766942340537984,0.42490823656424603,1,0,0
105.99165397377976,4,1146,0.6137571665134098,0.4936579210163792,0,1,0
334.9813911662132,1,2235,0.6378212730165523,0.25580341409923957,0,0,0
34.85690682259389,4,2440,0.16571792219521886,0.9624490260214354,0,0,0
260.1494460829154,3,2248,0.5387353079741997,0.3430302094106523,0,0,0
58.35881586772779,2,2103,0.3779227351212229,0.37986767045714276,0,1,0
519.67041954447,1,382,0.11049536956717976,0.46906809346409384,0,0,0
62.48005506179612,2,295,0.12806266291012758,0.21364848160296168,0,0,0
38.842189514078,3,1971,0.6453434149104169,0.19648704705860331,0,0,0
178.9736253185356,4,55,0.9572206372490514,0.6006404455542216,1,0,0
58.218913162612935,1,1868,0.10629974639129558,0.7746994911629429,0,0,0
38.805053611662565,3,643,0.49489043309589764,0.7521697945572368,0,0,0
55.821558582474616,2,1451,0.2479264277334131,0.5656119034822671,1,0,0
86.09001783329872,6,80,0.28160823131887924,0.6389209217139856,0,0,0
344.52964232775435,3,640,0.22445426666497048,0.5636918971667335,0,0,0
13.01252369057042,8,1513,0.5456914800542153,0.8749274776832853,0,0,0
92.11894836389264,4,1275,0.056712976994458764,0.38743851410766106,0,0,0
168.15792954701786,1,2344,0.7424973907871611,0.12329446591808058,0,0,0
109.22921618322522,2,739,0.6067299534756255,0.4354955542768244,0,0,0
333.574146651211,2,173,0.3848309815131554,0.8707916730079411,0,0,0
83.56749847212514,8,899,0.2178502717199332,0.9007819951654523,0,0,0
74.84718920686628,0,536,0.5363193212652844,0.5894877307447316,0,0,0
162.76859784176875,3,1513,0.9551527662683809,0.06223846960645729,0,0,0
99.41607440770002,6,1821,0.7081061434108934,0.7223555112336492,0,0,0
60.921811403480945,3,2487,0.27935563779741635,0.6530483153006477,0,0,0
150.828591979294,0,1313,0.7429178399977586,0.4516887412065753,1,0,0
46.87440105817557,2,2022,0.5040409032354364,0.1630008917591964,0,1,0
48.85334484918715,3,1104,0.048017639155301106,0.60646637042201,0,0,0
53.0909233301333,4,97,0.6175361107249001,0.48230101710414963,0,0,0
348.3017355116316,1,714,0.23389465011953314,0.060425155540188236,0,1,0
3.5929861162541012,6,30,0.40965886151262354,0.397806436103072,0,0,0
133.70004688258766,3,994,0.4784675949563675,0.9386958382671658,1,0,0
93.1556559744726,4,1597,0.7993078788804765,0.4114780147428049,0,0,0
16.762253461545846,2,1468,0.5800684231640888,0.4294138504974633,0,0,0
122.69808925920567,5,1699,0.34009641478019337,0.5574355595382525,0,0,0
144.8577160197078,5,1287,0.6572485982228166,0.29712593268484777,0,0,0
162.33128744995955,8,1414,0.19209507938333215,0.07353603209939252,1,0,0
6.348203991756107,4,864,0.8227927056164138,0.6012650558396283,0,0,0
352.97223937879545,2,1090,0.201430290666193,0.4950716936955374,0,0,0
43.04574103488811,3,853,0.5585318286500713,0.6832419770666114,0,0,0
178.8536273022441,2,1809,0.20512814389174283,0.47641240736124635,1,0,0
188.87280152467716,1,1058,0.325563026979351,0.24733486724697684,0,0,0
37.46109449847318,3,2288,0.4224884686596063,0.38437425622593,0,0,0
174.24458138162984,3,596,0.367419537308177,0.01350216415330896,0,0,0
61.222009614401586,1,1941,0.9338665464126155,0.15515294294674398,1,0,0
11.343249629111238,1,2362,0.22349074649120326,0.786009000761607,0,0,0
289.3803536859051,1,1819,0.18014983599204715,0.9316721465206297,1,1,0
41.46936811503936,2,1479,0.5175363408668902,0.3651214781711144,0,1,0
38.30216941462414,2,1002,0.9489159930233385,0.9274545320095161,0,0,0
60.15557553437965,1,157,0.5033288064369624,0.6354708053515818,0,0,0
118.18329010725428,0,1231,0.9593744770113934,0.2804646885957942,1,0,0
85.00665853923162,2,2220,0.19035540379738958,0.5997541122579483,0,0,0
155.7211526382426,2,1190,0.010256379715254837,0.8081154143893929,0,0,0
23.582634937787777,3,1807,0.3029452046962434,0.7858468825782777,0,1,0
42.84605731831331,7,1950,0.6381985133860232,0.8851018306974024,0,1,0
80.15825977269756,3,505,0.5920500098905911,0.7871840177939275,0,0,0
600.5748576742197,2,544,0.24172446478328513,0.6955422155038293,0,0,0
80.33355961366897,0,1576,0.66157415136387,0.383701283040227,1,0,0
266.4595004224923,1,1100,0.8302473174178695,0.17973716116713645,0,0,0
93.55553047127593,1,1236,0.6871963697619585,0.11265626124937911,0,0,0
55.49768801861418,4,1794,0.7278575548880728,0.8126708182520452,0,0,0
70.33542445021013,3,1769,0.30760678681111553,0.766731821078883,0,0,0
76.06439528991538,2,1046,0.5292083102076763,0.8944370575611518,0,0,0
164.62097972505683,3,2202,0.04270531367516772,0.07065008733600608,0,0,0
355.88628923810387,2,2472,0.3590813387109816,0.6353037795582824,1,0,0
128.9830303051425,2,648,0.8157227517479362,0.7204680545324582,0,0,0
295.0301866529301,5,292,0.7901095911167225,0.4125551308613685,0,1,0
34.302226423461605,6,1434,0.9408000396366385,0.5314228066252498,1,0,0
59.46390508143742,6,613,0.9687632224224001,0.4965564364377335,0,1,0
43.627926693060395,5,1536,0.9726725171742214,0.43494308466994,0,0,0
123.27832338651085,4,2433,0.1573813020957079,0.29061643279946014,1,1,0
62.86827187994952,3,731,0.12063359461162904,0.9890082002457458,0,0,0
186.75039460713887,2,2282,0.8750822711366595,0.883370884167149,1,0,1
35.481033580315355,4,218,0.38313751192830425,0.7865741622088834,0,0,0
93.97520522950504,1,1440,0.35718336696101904,0.8418666977637396,0,0,0
178.90553176253945,2,1486,0.5336722443840098,0.8373418324029278,1,0,0
11.4123628115992,4,1771,0.4514124548225683,0.07477930829509327,0,0,0
751.1694864521786,3,1595,0.22304049522423108,0.5747578019214569,1,0,0
67.8193881593828,3,1601,0.8446124230953238,0.4707046001938985,0,0,0
11.881232879953561,2,246,0.9092610335222537,0.19873995848446746,0,1,0
105.4349208479517,2,2197,0.7475063673409523,0.26121196634753074,0,0,0
93.07852278921774,2,894,0.04807211770815145,0.14130111151826796,0,1,0
82.939018461441,3,404,0.11791653053618678,0.47329211689429507,0,1,0
242.5459344680789,4,503,0.3460111000228103,0.256328338050283,1,0,0
190.07998769284802,3,2017,0.5567102574894326,0.21253357666435946,1,0,0
121.25262644970407,4,384,0.6095145891048009,0.54871319337489,0,0,0
141.19693724813322,2,2081,0.0999952503247441,0.2126485583099179,0,1,0
81.0966416731639,4,402,0.9602412541447706,0.5896151399369,0,1,0
531.3871487322765,3,1449,0.529570385869802,0.15553930256659954,0,0,0
20.507772930954825,2,269,0.4317470655390626,0.7056230130252257,0,1,0
103.50828669805225,4,1777,0.19111783960067552,0.303200906127448,0,1,0
96.06496018155721,2,2347,0.9508434836647661,0.7633968907890775,0,1,1
203.0151092478908,4,113,0.44739583473749966,0.7965194600616652,0,0,0
38.71186424050909,8,1528,0.11778546054303796,0.9857931761489803,0,0,0
15.741922831066564,3,1006,0.6143648997249485,0.016536817093795952,0,0,0
105.30101056455429,3,1345,0.35015245250176386,0.8098987179301986,1,1,0
119.25099722635046,0,365,0.8079963689992778,0.4818896976856042,0,0,0
399.2546402512118,4,206,0.5454657160306059,0.1227293913629176,0,1,0
25.270506220654827,2,1910,0.10569920329196958,0.7577012544290384,0,0,0
285.6290002256309,3,981,0.7506054924318316,0.06580908572544453,1,0,0
960.4619474904696,4,1259,0.3046666101706873,0.8676806810988823,0,0,0
61.696987976155114,6,107,0.4082440056304899,0.632377783630701,0,0,0
24.75574988222741,6,1760,0.7756442860068067,0.18868286470887796,0,0,0
59.92091644851476,1,40,0.10645318859360431,0.6808868218671952,0,0,0
91.28668758367624,2,2444,0.9777791859999257,0.16729878419097766,0,1,0
158.18858148442675,4,2354,0.7020863185985605,0.5654152881806498,0,1,0
49.82940492714752,1,1770,0.1925937594172351,0.00497896248462637,0,0,0
426.32353683309725,2,2091,0.05812520993996406,0.9372372183662815,1,0,0
29.531801067064528,2,1008,0.5445355057109669,0.06397987615130507,0,0,0
15.81240641145719,4,1618,0.3792579516853427,0.7498178578196764,1,0,0
272.2471856231609,3,149,0.029504855246698325,0.7050137755914899,0,1,0
9.256990249687814,4,2119,0.609218752132402,0.6515654068616409,0,0,0
73.39605819604735,4,2369,0.30874837808818933,0.03910965679911138,0,0,0
2033.8404442459187,2,1627,0.3219826345384915,0.6555112754802055,0,0,0
88.93950744786555,4,2492,0.16217180333769476,0.6128155454515098,0,0,0
29.348233272096447,6,1922,0.1403782574724476,0.6326334310912096,0,0,0
84.99585887732478,4,1186,0.1443420194891467,0.5382880482972522,0,0,0
85.55840236726152,4,1808,0.8860600018463606,0.33045062327494934,0,0,0
105.70476162555973,3,1384,0.5330778905468242,0.23415773015344787,0,0,0
174.55903295334605,3,458,0.46942603858064913,0.4563168730657632,1,0,0
31.845269021611742,3,1876,0.7044677618124804,0.3849130433177115,1,0,0
486.6513997846953,3,688,0.3197677281603226,0.687718955266149,1,0,0
115.02094984908983,2,2021,0.8222244610900522,0.2706696294565616,0,0,0
186.19491337573515,2,793,0.19719554855259935,0.7917010639100178,0,0,0
48.03119041753494,4,1220,0.8026635286298432,0.9798668569508764,0,0,0
325.8320736002785,3,92,0.05604728915462909,0.6985507603663812,1,1,0
69.61273962551272,1,2309,0.15683943056422667,0.5123210307883389,0,0,0
118.81320019322101,4,2193,0.892654541545691,0.17133317928533198,1,0,0
35.40644702162206,3,2287,0.10900837477103631,0.9821321408509748,0,0,0
33.21721858633703,2,1095,0.2455573908402099,0.27270587271915503,0,0,0
179.14675073251547,3,906,0.04269700033008261,0.5683765334865704,0,0,0
57.7655842299405,2,656,0.598664535649348,0.4425026753279129,0,0,0
38.32785484887337,1,308,0.3277107710948187,0.19931919603536985,0,0,0
47.314493165038996,3,774,0.6334865688048732,0.7808175527194698,0,0,0
181.082562146147,1,1127,0.08578056140582513,0.11785334096057165,0,0,0
47.98853550797613,1,280,0.3951053715430406,0.429825759918407,1,0,0
80.02547875434836,3,2181,0.37167726289405756,0.21136922011357662,0,0,0
91.3801018112639,0,2134,0.5368319552952147,0.5495824196827785,0,0,0
13.232171695687027,5,605,0.29503316045070793,0.8608020814638931,0,0,0
20.673932240666474,3,1205,0.9847557856638618,0.8907961663046927,1,0,1
125.99949377032361,1,1695,0.316030462946712,0.5304992372102632,1,0,0
43.076199932577644,2,2083,0.6963712288405121,0.24162518161370172,1,0,0
258.9732854192818,0,1530,0.36630034334012185,0.38346690885755896,1,0,0
236.7032162376851,2,610,0.5336339960955049,0.6887622114970492,0,0,0
184.78050594918292,2,2082,0.22666798195359728,0.2878232725862422,0,1,0
555.4462181120539,2,478,0.17279120485120703,0.153457302946991,0,0,0
82.83996982383178,3,1747,0.9723917079940406,0.2782772650037755,1,0,0
172.2388068714258,1,466,0.5409392695362827,0.12151162974765639,0,0,0
50.17912097782763,4,2433,0.46081153197616453,0.27665549729918737,0,0,0
1045.624833879097,4,1333,0.6415733180330491,0.043510146914288894,0,1,0
654.3442914326604,2,1150,0.22345266287061838,0.06238200526957738,0,0,0
91.09295188860503,2,1960,0.821972766766011,0.8584392512057349,0,1,1
132.50047494430748,3,1086,0.24823588342179603,0.1782505169673122,1,0,0
350.47788165592107,1,1372,0.5425296873982708,0.8437894300631351,0,0,0
77.70040697908087,4,2422,0.12718042652101114,0.9958767933182523,1,0,0
46.68280656914809,1,240,0.5745659898155401,0.39047854757223766,0,0,0
215.72182942938358,1,820,0.4829563285357291,0.44778507947804513,0,0,0
97.36231694286074,3,1866,0.2806466544264793,0.2859714618958903,0,0,0
108.09326828212161,4,855,0.30752590656230494,0.11919445746468227,0,1,0
39.084605058222365,4,48,0.009811479552915503,0.6368900887497475,1,0,0
16.156587344857005,5,813,0.02731662687401426,0.8480318813560508,0,0,0
113.9936117882397,1,487,0.6008575221313812,0.6693887216183368,0,0,0
222.50777426087387,6,1614,0.7183758813786902,0.10934215312531081,0,0,0
71.82217345877744,8,1545,0.5469018882801443,0.6066865596119699,0,0,0
378.5807981916421,5,1271,0.0819112241124551,0.6392814780621519,0,0,0
44.52646246584121,6,1129,0.9408702096097984,0.689749291204288,0,0,0
31.352548167447473,3,1538,0.7134321646363304,0.06947509313364209,0,0,0
84.16420337639117,0,888,0.23737476856545592,0.6981095405327308,0,0,0
82.88113099959592,3,1483,0.6714874225810267,0.60464626446607,0,0,0
194.40988341287775,2,1396,0.11145769958639629,0.8681179657814233,0,0,0
41.472774505383775,3,1806,0.7793884797772697,0.1651487620435077,0,0,0
353.5745084986808,4,35,0.4809241993803808,0.06213596303565061,0,0,0
643.4967409845314,1,1600,0.40936846026385776,0.812878887235034,1,0,0
86.56157176499259,3,1642,0.0091463155750382,0.10294276389193524,1,0,0
314.0996901843882,3,1268,0.6524758446604655,0.38013791095980776,1,1,0
31.29639544380525,5,1545,0.8290012495485822,0.8689193919751658,1,0,1
263.80799349818204,6,2253,0.2882971051193626,0.2782730251425689,0,0,0
256.53789912243985,2,1579,0.011768672419792958,0.44169099383133603,0,0,0
213.45739979640555,4,1802,0.7753165509850359,0.6141924696696316,0,1,0
88.62703186462736,3,545,0.6356646088408209,0.6391461620473045,0,0,0
4.691493891717898,3,1517,0.7768887055655762,0.5940928725515072,0,0,0
47.383442642970024,2,905,0.5383166043215442,0.0606484466387095,0,0,0
48.13858229597295,3,1590,0.4609452273323984,0.7784124983615321,1,0,0
33.84343585491217,1,152,0.2193592666415619,0.7949561701029862,1,0,0
101.72193920786738,3,2216,0.07883812332386764,0.10431247699207524,0,1,0
59.20680913681799,2,1336,0.4714456306518783,0.739654271252398,1,0,0
39.463965520458004,1,1600,0.868397631494208,0.5038967701710129,0,0,0
31.224400352756227,4,60,0.059346475422949685,0.012595499106437646,1,0,0
44.013086692014134,2,2327,0.9890949445744213,0.6941846819427415,0,0,0
276.30331007187704,5,317,0.9469917905686183,0.4608105414606565,0,0,0
46.47780772158715,4,2091,0.6407381507020814,0.12666304173696585,1,0,0
53.78858627115438,3,2008,0.9142107928820904,0.1758445688413396,0,0,0
57.01431547446087,5,1885,0.5535279269969492,0.7577707943791215,0,0,0
126.3421261102216,2,1136,0.4045840847908936,0.9452853525434193,1,0,0
142.05999786325694,6,1984,0.571690473885083,0.16398752274533834,0,0,0
4.285955270274977,2,1911,0.8765559212476605,0.40236893003525875,0,0,0
250.04357778894644,2,1866,0.9575207969782392,0.31968157110251905,1,0,0
378.55752174755696,3,1731,0.8380873968878045,0.5867773379467177,0,0,0
31.494516856687806,3,1717,0.17968169788137023,0.19525485538765186,0,0,0
34.04563243703703,3,2408,0.5917374212875784,0.5790248117112511,0,0,0
57.38291507378376,3,1435,0.44475548040632484,0.8311897763189998,0,0,0
42.266549470169984,6,1281,0.4812646619875285,0.6411177666503375,1,0,0
112.60958922623345,5,1488,0.42823842411883384,0.19427562756607475,0,1,0
12.851682204653635,4,739,0.0675570854689328,0.748993298650657,0,0,0
29.43170197780914,3,719,0.8459017310523642,0.4601976219390521,1,0,0
419.55608010342763,2,226,0.9783668482288107,0.11292762781343901,1,0,0
35.579870147977495,2,1547,0.20973252726833036,0.32713235497229676,0,0,0
312.1326563650232,1,2441,0.6219556019838013,0.24145671389174372,0,0,0
128.42411634102683,2,829,0.5365697334274128,0.8434409543556921,0,0,0
14.742467662645064,3,88,0.8964951500925024,0.226942408493243,1,0,0
169.92024760125489,3,1125,0.7041017629340566,0.5119055290360438,1,0,0
80.0244887980292,4,2147,0.7496618711162738,0.6523093325473026,0,0,0
57.08451812596894,0,1640,0.9519042054819649,0.05631733236852887,0,0,0
115.00287098884337,1,2476,0.6634765913966924,0.14093493819147274,0,0,0
144.6957823356462,3,316,0.4535575887028792,0.7871037415899947,0,0,0
182.65366559092416,3,477,0.05190607086947263,0.3438912386899231,1,0,0
292.438049467642,6,2175,0.9063641974055202,0.7020171231334525,0,0,0
135.38680622430664,2,551,0.5897273625500128,0.7592678333741215,0,1,0
22.745467873821656,3,2473,0.6823163798228024,0.6426820603244987,0,0,0
56.05618785969877,2,387,0.5052970388955752,0.5817155558277783,1,0,0
1707.9486940221368,5,965,0.39362322518478043,0.4950103532328045,0,0,0
185.76660247952887,3,2187,0.5038874641863734,0.3929567536962132,0,1,0
962.2625176526112,2,132,0.04850395244600436,0.14946775541332835,1,0,0
363.37453608675384,1,2209,0.7979123999057497,0.9728686659277058,0,0,0
114.64060622203068,2,417,0.1579706495705332,0.6419180581995014,0,0,0
121.68151149767186,10,557,0.3326622876911528,0.19425714968317132,0,0,0
86.78379929012635,4,2213,0.08699464731476125,0.836485321369717,0,0,0
15.834567776318456,5,2274,0.8199463476796502,0.8224384840641796,0,0,0
91.65644122176309,3,1338,0.1683437835187478,0.752980584926952,0,0,0
302.07476487361885,3,1331,0.39891943175301614,0.11568704324038592,0,0,0
49.420237444808386,2,1444,0.41547746168386124,0.017905888291538385,1,0,0
135.90457690432015,3,178,0.3164262646206335,0.7082247676177591,0,1,0
210.94365204526918,2,2379,0.8601253422962107,0.2045033797931899,1,0,0
36.24565676298283,0,951,0.771781779897129,0.8407412707742857,0,1,1
57.322724638909826,2,2499,0.7436777585421311,0.6727269278403031,0,1,0
32.52758535641427,3,1942,0.22511703491891222,0.3744064937550433,0,0,0
39.56062847715076,2,1760,0.18951977335752268,0.4875096430029928,0,0,0
24.838496214077054,3,620,0.24659405192242212,0.5027384110576643,0,0,0
36.58182522875061,6,1108,0.3861622532209673,0.3789233523346286,0,1,0
372.20905818890424,1,892,0.47875658544941924,0.1793720736693496,0,0,0
36.03616331986493,3,1282,0.2501735650657876,0.9943445316015028,0,0,0
102.15172612455339,1,1672,0.457762067937759,0.7492184912084159,0,0,0
54.44174583962533,5,2162,0.18438148908909657,0.1564154631228193,0,0,0
292.61739513378944,4,922,0.2689512672681379,0.03456856583754475,0,0,0
334.0071154871826,2,547,0.26074288639031074,0.34433068735914374,0,1,0
213.59249744306518,3,1935,0.7271191398173135,0.5544482528964435,0,0,0
122.25812069511998,2,618,0.4584952178625519,0.9379399189390585,0,0,0
71.44589594293355,2,2469,0.6152169284706156,0.13239852437878707,0,1,0
27.333834555073413,5,1810,0.6693064960081428,0.4402257489752438,0,0,0
628.6212198566924,1,972,0.0685141407092682,0.17862158317702836,1,0,0
42.11175771118297,2,1987,0.7948384854528867,0.06973294347890069,1,0,0
174.8006788915522,5,1640,0.28397199340273527,0.6013358311430536,1,0,0
259.70998668404656,3,174,0.5097525070027689,0.10380133288970872,1,0,0
51.66184509190651,5,580,0.33838694050664164,0.7201897280843569,0,1,0
254.1723365534602,1,1593,0.7735885787837306,0.5535126488358367,0,0,0
193.29416573822715,3,474,0.22825638331623943,0.23252106365954928,1,0,0
506.7226616001225,5,1237,0.9637651512563838,0.7944927087711288,1,0,1
56.29769165879949,4,2221,0.400122945796371,0.69961207717445,1,0,0
24.881784329431444,2,1424,0.7116347285627084,0.6262866816454855,0,0,0
54.299240761835016,2,2327,0.6414477685263195,0.21385423090504796,0,0,0
110.92491628153518,3,216,0.7425870884122368,0.7065243897190161,0,0,0
95.41279863782047,3,2044,0.5510693526544745,0.540625715740765,0,0,0
60.73754883257049,5,510,0.38379485008778336,0.5342970860246173,0,0,0
13.340473585546851,3,595,0.1795933398112214,0.11952481860314046,0,0,0
144.0964686023871,2,2152,0.519442709339068,0.13513474382073754,0,0,0
646.9988254251671,6,769,0.060857226119156005,0.0323006159624899,0,0,0
143.2012864567914,5,1101,0.0588244310611733,0.24548687105151046,0,0,0
165.527197895699,4,429,0.6133918933203218,0.4934057113294946,0,0,0
159.56403358703395,3,2359,0.4804894417608546,0.35898866298562193,1,0,0
133.89376270638454,5,1113,0.5061048142747083,0.7128957470857634,1,1,0
228.52965129166418,6,762,0.3186939414019837,0.4075070387455588,0,1,0
133.6699472273997,0,2411,0.7905657379605423,0.09324215713117101,1,0,0
65.8462731375342,6,2078,0.2011848955885559,0.7246148165044064,0,0,0
40.609867948395035,2,1760,0.5861293258047165,0.18415246345686054,1,0,0
70.17740160302314,3,1182,0.8604781088459335,0.3150246161467829,1,0,0
123.239485193359,5,517,0.8340711832167098,0.5006186985709813,0,0,0
65.6223959181368,3,2319,0.028628008589815845,0.5541639625428236,0,0,0
123.26526794881629,3,48,0.27898618130898123,0.2949657169045994,1,0,0
139.65151399704106,4,1377,0.7147331250203818,0.46071213129609745,0,0,0
207.09537403176162,2,1740,0.7407448996692506,0.0667036717733378,0,0,0
324.6653530240165,4,2329,0.48274526310004895,0.1600788618887652,0,0,0
97.32028228325265,1,1524,0.20247808836464243,0.5990397233205544,0,0,0
24.342491260595317,5,275,0.2790004580755807,0.004578832873851302,0,1,0
63.74532851648724,2,1083,0.8009573896934242,0.18395710787047725,0,1,0
94.07219951615089,2,2229,0.19216025218324095,0.62834764184644,0,0,0
14.35690834057235,6,471,0.9423130965121204,0.23225498577736248,0,1,0
360.92295702107714,3,679,0.5008684610334604,0.8179275269457681,0,0,0
103.79085995906054,2,895,0.2834204208985359,0.3925250305187631,1,0,0
131.80885890677683,2,1448,0.389614730285338,0.7141688027388617,0,1,0
352.6677736101192,3,1978,0.2565125612638868,0.8850703200234485,1,0,0
47.9355389519907,4,100,0.384334951665776,0.4482124712226725,0,1,0
159.81900095834797,2,2067,0.1307962657232037,0.6750213412577285,1,0,0
80.65137689491353,5,536,0.8231618680242029,0.8433996168542253,0,0,0
74.88196943090675,1,2138,0.963656590366454,0.2463330317658482,1,0,0
41.58783148908815,3,1683,0.6591396418723113,0.8852216355329223,0,1,0
476.0882392783706,2,1339,0.8085808900227887,0.8603047636976492,0,0,0
61.83688059978176,3,1341,0.22807940053815579,0.06043242640106106,0,0,0
181.17515071960983,2,32,0.06275382754930514,0.47104937467540486,0,0,0
13.80447220553939,6,1581,0.6271121371314555,0.11115132530620964,0,0,0
292.94606972098387,2,2467,0.8175789631315593,0.8861545148924816,0,0,0
257.80697756794336,3,744,0.834342803321729,0.23963513127425007,0,1,0
99.22937707284471,4,1002,0.5327634945368217,0.37097705546857096,0,0,0
71.74065009346006,3,737,0.6221007212697418,0.9379726848214853,0,0,0
134.28978043878016,5,1837,0.36825149309920446,0.5620707733352569,0,0,0
887.8392136428562,3,673,0.8306689589979186,0.9270721138709357,1,0,1
15.436939423737916,5,1017,0.6976055867908827,0.46158700255647767,0,0,0
196.76839703947476,3,1956,0.18587107453921936,0.9827784440584023,0,0,0
36.175521840024146,2,581,0.2794384250277141,0.955260080919778,0,1,0
88.24187324522637,1,208,0.15185609103557396,0.02011865285709935,0,1,0
70.25418510735847,1,1223,0.505723861223991,0.40616286666852297,0,1,0
58.655523160622806,0,1585,0.20223871101960567,0.949952899021263,0,1,0
89.08000254395593,3,26,0.158768025358472,0.8142556470108573,0,0,0
28.957488906321483,2,1515,0.16043353930887438,0.21199728411069318,0,0,0
251.93734764098966,2,511,0.26587150166640816,0.8849157960357362,0,0,0
14.967130381912343,1,2217,0.8090292375100663,0.2015829900391407,1,0,0
154.43364360161647,4,1363,0.9382912951729814,0.936184675205397,1,0,1
64.94002472855468,4,2021,0.9958586595442002,0.08304607880759673,0,0,0
27.9125136499491,6,2438,0.04028102264603273,0.9463320595422403,0,1,0
110.20952983359778,1,211,0.568906376715252,0.08233202012632179,0,1,0
18.973607096601576,3,855,0.26644404207203587,0.22787044282381574,0,0,0
93.6639916835887,0,834,0.9889088213070024,0.5661655391753635,0,0,0
21.69589543487125,1,317,0.9843284690600541,0.18803328088523508,1,0,0
142.77530265004054,8,322,0.9341065226769618,0.3892435189365414,0,0,0
35.71756792090721,3,224,0.014224133680742379,0.16892988361411942,1,0,0
57.340431342659265,2,1086,0.15452137397184218,0.5577804779272352,0,0,0
120.77742488473038,2,1037,0.5524505744330934,0.6109275803514651,0,1,0
41.57328976767706,2,865,0.18728832810452356,0.2204549384623562,0,0,0
84.94771931117445,3,589,0.854851741712532,0.2915639029634415,0,0,0
19.809656062650966,4,2143,0.6997376170175456,0.7381147193769615,1,0,0
169.1651748513359,1,678,0.18408272580399743,0.0865920519035257,0,1,0
525.7962632867517,5,1850,0.8184113219515821,0.4529030139674096,0,0,0
1468.8115272518714,5,670,0.4982738287794548,0.2900772698144136,0,0,0
98.60955332948396,4,1310,0.7097117116780143,0.41234367601266564,0,0,0
197.98754819187556,1,1591,0.13982871076310777,0.8354392834551162,0,0,0
15.170827299273151,6,166,0.517852656715472,0.9790975024922284,0,0,0
404.533408956549,1,2491,0.7763380575066835,0.18039135157934594,0,1,0
195.63066214037323,5,1847,0.34558725056650474,0.06111401298043606,0,0,0
55.48243893233339,3,1396,0.18682355333360634,0.19694224003853233,0,0,0
310.188693275415,3,2498,0.639467986654344,0.8725583128828066,0,0,0
69.79231639126421,6,837,0.6440707920679983,0.8794605626460463,0,0,0
56.93867531402771,0,1066,0.20434761325586892,0.28674303948109503,0,0,0
144.79731332983175,1,1279,0.06935004363725827,0.3298606103395212,0,1,0
31.08251679464782,4,65,0.16645115389498044,0.6639883913045754,0,0,0
250.04096499031962,5,336,0.2755272958860898,0.34176362036323316,1,0,0
31.312274839763578,10,606,0.03627812000568953,0.9040733415623202,0,0,0
31.498666455103077,3,1034,0.9227315926371319,0.8010618065196569,0,0,0
36.24531790044732,4,1960,0.23050326034781177,0.3578142229459027,0,0,0
192.38528182532346,6,1716,0.7389192099881234,0.9722863942028087,0,1,0
48.580617694073354,2,792,0.41465751220060476,0.7449309469223124,0,1,0
23.382881986801298,3,21,0.5019838230472955,0.7572997185199831,0,0,0
49.122638611854974,7,2228,0.5369427769650056,0.9603480446840351,0,0,0
87.17849027423023,3,2407,0.7727958032369477,0.43066964897317517,0,0,0
27.633464394743857,5,133,0.7879130432786899,0.04141395170854856,0,0,0
28.454857694356097,4,676,0.14127293926275175,0.9909590212700021,0,1,0
743.4461489065246,5,627,0.30334343956597154,0.9352856168003992,1,0,0
38.0703055431164,3,1002,0.57303881709536,0.9661659266483554,1,1,0
65.16728839024006,3,790,0.33040607568838,0.47387526051356,0,0,0
62.349958043119685,6,1416,0.13279930412310048,0.16456867162191124,0,1,0
59.065275233445576,1,991,0.4084342378980015,0.19581345354640567,0,0,0
167.5608786685571,3,2132,0.21842393355402512,0.47325942192753856,1,1,0
232.32632356595045,1,796,0.14347385646646682,0.6753874998082392,0,0,0
66.2904316961451,2,1311,0.3040283326995217,0.4651439810969873,0,1,0
26.141437875775544,4,152,0.2996882232957665,0.3945890345341365,0,0,0
321.96415769702577,2,2349,0.09719734813880165,0.9634922057329067,0,0,0
81.83122617151196,3,2439,0.5841174979651215,0.6477141943429817,0,0,0
507.9189130498102,2,2178,0.3143437317646257,0.40735634877938487,0,0,0
9.529708241312116,2,1481,0.17328714175591498,0.6898412682694238,1,0,0
109.44292946445663,4,1599,0.8185971425467908,0.7917578420670879,0,0,0
613.1479947993191,1,2033,0.0025756633237286053,0.36738246476214786,1,0,0
63.2272806937019,2,1714,0.4542914434965356,0.4750863525992284,0,0,0
71.84468072039387,2,330,0.4349459956365206,0.6418695689776273,0,0,0
120.96626336924129,2,1697,0.6711491969853735,0.6375903354192637,0,0,0
51.48055590397021,1,2091,0.3893999090059215,0.17549201079221377,0,0,0
65.88613784048432,2,1491,0.5127162808301355,0.49696783610672246,0,0,0
64.21166588601929,5,1075,0.9084511935704398,0.25912254744548446,0,0,0
48.066201834969604,4,677,0.168282376906575,0.9135919735444992,0,0,0
307.6173222339712,4,1599,0.1055077144086144,0.49647020440368517,0,0,0
142.7475995019688,3,1273,0.746758326802689,0.7665936481326563,0,0,0
115.65692109928905,3,1351,0.7429016003277373,0.044126234623612315,0,0,0
202.06127780936094,0,1131,0.9196455092849233,0.38160967091591524,0,1,0
69.10618030554984,2,177,0.9831570665329475,0.15879178813491568,0,0,0
41.50426452712928,1,129,0.38438571203453575,0.3929824644137211,0,0,0
49.2729719983658,1,1118,0.37742720359594994,0.7950398911241382,0,1,0
90.17777872366771,5,1458,0.9046575983684857,0.926914334232482,0,1,1
31.21155227870027,3,96,0.8607115119797134,0.9162486591937037,0,0,0
54.58390087009863,1,689,0.3754407115711642,0.11887159225615618,0,1,0
53.72526409125862,4,979,0.0762964710839713,0.301527412202269,0,0,0
753.3698153105317,5,1583,0.5812240418315894,0.6603756984845576,0,0,0
5.619176146813413,2,1802,0.268699947035535,0.20353873421587332,0,0,0
75.21722635517331,1,1324,0.9085948745391678,0.05142522493978552,0,0,0
505.57368419583645,4,1776,0.8061172430159188,0.9536830070906005,0,0,0
101.68140698144197,5,812,0.9009736028511428,0.3294990439220503,0,0,0
191.21863770840517,5,365,0.080914000807641,0.4199148313520493,1,0,0
99.46703821895404,2,516,0.8646128248974452,0.2724719527041949,0,0,0
46.18553338158817,5,576,0.5930858835532185,0.3252010903608291,0,0,0
9.564746173126167,4,822,0.21542642288539093,0.9640489067805613,0,0,0
110.54864905772078,4,681,0.30126212980792555,0.19178372962083656,0,0,0
41.44608373270533,3,2038,0.45663512770564696,0.4949319720009525,0,0,0
40.43374035966695,0,542,0.6276439952404141,0.6381396208622497,0,1,0
54.6534719919049,5,937,0.23272754647957594,0.22437952815770312,1,0,0
515.357794800204,2,2043,0.20704266864670118,0.7156327187023671,0,0,0
997.086515728788,5,1374,0.8921607081013229,0.6824756198617151,0,0,0
111.8555087025441,5,2133,0.845222055464087,0.9547484092580774,0,1,1
56.556083610115216,2,2413,0.7667768345062005,0.4603657107024911,0,0,0
27.737175314771353,5,2375,0.7608907310363922,0.384697498261233,0,0,0
143.816784777571,5,1184,0.7659738639090721,0.3610881874594939,0,0,0
535.3418956444182,2,1576,0.9240998141403463,0.3643187008744143,0,1,0
70.29211377769263,6,2238,0.8437203949185762,0.03764386370004469,1,0,0
8.33950581022912,2,1754,0.38857421155671223,0.23622049214648821,0,0,0
175.9235757104407,3,1691,0.47130248053505863,0.12004115266205051,0,1,0
241.14531327963525,3,1959,0.6045632696970309,0.8806066760603899,1,0,0
18.433217936492778,6,1147,0.4755997045395005,0.056216151259385505,0,0,0
107.39183808072181,6,732,0.29693706080606896,0.36520119780266835,0,1,0
141.3481528497745,2,1825,0.8611500785158102,0.21941711445300593,0,0,0
83.67102142311761,1,834,0.8034492193717553,0.6455931268802702,0,0,0
40.82232368475046,4,2153,0.38985940027737553,0.32633984370448543,0,0,0
248.62288331257986,3,591,0.11466660130522277,0.016597476071579464,0,0,0
60.13669698966932,2,2023,0.004869564443088503,0.8938366269991089,0,0,0
20.385295605616413,4,1223,0.09244612873205327,0.6364432600461112,0,0,0
11.594438161919074,1,1236,0.15474318229111383,0.0013793388740429569,0,0,0
317.61803721508966,3,864,0.6577908793156186,0.6796756291256861,0,0,0
166.77806499835702,2,285,0.21961208980507718,0.21637547782131805,0,0,0
98.29503793888911,2,138,0.6348254750822928,0.9636194031255808,1,1,0
57.95839138290471,5,2404,0.32832249168605177,0.4448562806026035,0,0,0
53.03762597844896,2,76,0.8950526651010953,0.2231877811818309,1,0,0
30.70002139684023,1,1750,0.4690765710630098,0.03024885439795877,0,0,0
58.47178647596695,3,896,0.6728502809700241,0.05872791632400465,0,0,0
10.803960554121938,0,2459,0.4609468675804764,0.05643034317056206,1,0,0
43.117819042570645,3,1379,0.9125388013927995,0.031489639896358446,0,1,0
65.9609225202084,3,698,0.6874106817440974,0.5484808922418056,1,0,0
165.65048344103923,1,1745,0.6421584404971311,0.8466105953726557,0,0,0
86.49386932984667,1,688,0.5923008868208175,0.34605367718474267,0,0,0
199.32230025822955,3,939,0.9886115200364956,0.34873928811578914,0,1,0
346.9341890743354,6,1708,0.6847576845139932,0.10405380404994291,0,0,0
259.3478196606378,3,244,0.7541401829344593,0.0011848857714963357,1,0,0
144.10033782455685,4,156,0.08171201130735661,0.9517551691961171,0,0,0
91.09133451690376,4,1213,0.8142225105889692,0.45769939319210395,1,1,1
33.75781653656113,2,934,0.596716686069581,0.7373892378628814,1,0,0
188.65954686895873,2,1223,0.3366619305655112,0.8682097523932091,1,0,0
482.8699594076998,2,1099,0.5816904506156496,0.11196519514368852,0,0,0
126.73598186769097,1,918,0.6255501314151463,0.2626233620105458,0,1,0
612.3225268959966,3,2141,0.2601894540871492,0.501980216905418,0,1,0
19.578426904895824,2,646,0.4370646714255777,0.2973851188512603,0,0,0
28.38431248382402,3,2240,0.7213474071655547,0.053270819921032664,1,0,0
211.70663258179317,1,1130,0.2258480555203607,0.8928614934649253,0,0,0
117.2478664008624,3,1462,0.8361253379376219,0.24984162313919644,0,1,0
334.8833213141548,5,2279,0.07752651022537349,0.07278050183472307,1,1,0
88.63513701275477,2,2347,0.5812177775972195,0.4223344073796991,0,0,0
37.789246479079715,1,1052,0.37968678434190706,0.8044003063797441,0,0,0
72.70475279102472,1,2362,0.05331340110120697,0.16844818045496324,0,0,0
19.439673994788393,6,527,0.7744868805118269,0.43689329424131185,0,0,0
29.119537099768102,7,363,0.5465418408955361,0.1855247941543966,0,1,0
238.04125474579592,0,2418,0.7153258250721903,0.818117675966149,1,0,0
215.46261505465714,0,2138,0.38012319092760916,0.5228405924056077,0,1,0
129.41241040954898,1,1726,0.8596203620966311,0.5783735481870703,0,0,0
16.101661719239814,1,1729,0.08370650955926073,0.7475485674018437,0,0,0
62.903161482555674,3,2399,0.23335343897134753,0.939703432664139,0,1,0
26.443228424750338,4,445,0.7946031496735797,0.10579893027816645,0,0,0
291.9356069448454,3,129,0.954679255576397,0.8455535694100279,0,0,0
50.21319628911233,3,209,0.8464457197238712,0.4742286700121505,0,0,0
30.394214847041027,2,46,0.23086039570315975,0.6405000623230723,0,1,0
92.73965557894263,5,1,0.3485385347898521,0.8527757131866426,1,0,1
47.4580205870866,3,837,0.7654961672966116,0.32665196647165085,0,0,0
396.9236362633569,5,1920,0.946271955482638,0.8695308401331007,1,0,1
43.17186899488173,2,1635,0.2892473135909711,0.6314176043177556,1,0,0
22.215088957646362,2,798,0.38634210572828276,0.27901055633006766,0,0,0
10.45506431268634,1,904,0.022872502837831266,0.9197929130326054,0,0,0
87.28804375170581,4,258,0.5044018661319994,0.057834568469520176,1,1,0
51.319453259885194,4,1895,0.08816173706343977,0.5905444927827878,0,0,0
21.5655124635612,2,1561,0.0855929342451236,0.0168674169842854,0,0,0
295.66482396370816,2,1171,0.7613161362850128,0.08167648358065627,0,1,0
175.4308849567879,5,755,0.34391990188296984,0.10017034891977694,0,0,0
87.51254207247189,3,2062,0.9356397536522988,0.8942651529793527,0,0,0
352.2447491864952,2,430,0.716083571821262,0.5587027789342909,0,1,0
174.60670302146087,4,875,0.2947622394326759,0.26001125748518295,0,0,0
39.53332940316879,4,2004,0.6818820204747389,0.3906354768510749,0,0,0
31.841798215829034,0,1742,0.8655998371842125,0.838048073254532,0,0,0
203.97175827943715,7,923,0.4360371280504176,0.5701148036193924,1,0,0
133.80278424282548,5,888,0.5617716814339595,0.03162856085747834,0,0,0
106.67083323817425,2,269,0.2174883916766901,0.8712275302445261,1,0,0
38.609648143072796,2,1460,0.40220870188685787,0.5384640315099133,0,0,0
165.33067627424165,3,2023,0.5790493491130748,0.1961940691121159,1,1,0
42.2879052328723,5,585,0.6154782987323318,0.7152068422239803,0,0,0
81.28921455118764,2,87,0.7200343941862947,0.5338916798369632,0,0,0
382.58243500031773,2,351,0.9573531893733466,0.18933966447672235,0,0,0
46.48667740811415,2,1702,0.8385373691675773,0.6500881260886847,0,0,0
18.671732383292063,4,1833,0.8515872322770012,0.6414044988007597,0,0,0
31.420256869051848,7,1255,0.5575120271964323,0.9547220604357406,0,0,0
243.30087026087534,3,1728,0.14417350418972952,0.26426431202102785,0,0,0
116.13242529847601,4,568,0.6354920212480463,0.5483682665089453,0,1,0
79.13241759217172,6,215,0.40625830669556895,0.32102664270512904,0,1,0
54.1038958182923,2,817,0.03184081027155927,0.29818046741410964,0,1,0
146.25620426737504,4,757,0.19485371733435108,0.5056413555921396,1,1,0
38.509122027564146,0,679,0.7590743862836372,0.7148596011684303,1,0,0
122.2007969794022,2,823,0.6310051876392315,0.6048136933941096,0,0,0
43.32567568400513,3,971,0.9784315377541174,0.1173353826166349,0,1,0
36.683997139684365,3,2496,0.9234456379471807,0.9223768689125312,0,0,0
47.584761107277345,6,1795,0.5942593991682911,0.708744049351721,0,0,0
61.84260656374009,3,2184,0.15494145352854716,0.579326599589828,0,0,0
85.72720022185166,5,1743,0.3363457757212033,0.14423476080844888,1,1,0
113.91536895534593,3,761,0.2330106936836499,0.1348886332905841,0,0,0
2.2515856662785647,3,2302,0.4705162856135562,0.293460274348045,1,0,0
40.13904062071079,2,329,0.8005734368168663,0.923095064484829,0,0,0
60.85110767543593,2,1818,0.821848398886658,0.14697362782508694,0,0,0
405.4761431307512,2,2312,0.17806571852271647,0.6546667581810768,0,0,0
30.56933528443827,2,1012,0.549087675965198,0.6448760841685469,0,0,0
105.93191941512481,6,373,0.6767326420815164,0.0919464326609668,1,0,0
401.4288510089603,3,1084,0.3966316128010373,0.7073360200358642,0,1,0
24.21643342991825,0,2016,0.9054366101839301,0.4762164389727275,0,1,0
133.48314642513802,3,780,0.35901907986364434,0.5007559482058523,0,0,0
40.355519101372074,5,699,0.4901347975780447,0.005490841075032171,0,0,0
54.34574152604214,4,187,0.5868358221675589,0.8967980674285488,1,0,0
40.32167501966546,3,970,0.4273525157313328,0.610370017791205,1,0,0
43.29956945186707,0,44,0.9636351224966839,0.6045279903815486,1,0,0
1369.1044896515134,3,166,0.7604653511877707,0.38911682327547537,0,0,0
209.44388931807828,4,1176,0.82908356951261,0.7017648196579092,0,1,0
270.8967797482587,4,2145,0.7526302580059935,0.8330275397682947,1,1,1
147.22963147776116,4,701,0.5881067362172293,0.49500606168183403,0,0,0
18.060788581998242,5,2388,0.028164098326893705,0.5450831757638718,1,0,0
133.6143907268868,3,209,0.7647433785470312,0.20835400726175246,1,0,0
263.2040572740592,4,2100,0.6126941995656786,0.3532030981744907,1,0,0
38.34409448370325,2,1572,0.08073264291530635,0.46816083178946866,0,0,0
236.35305127973245,3,916,0.11858173130206051,0.6612747666716123,0,0,0
182.05998302780975,1,2010,0.4811932268134206,0.9317432337007358,1,1,0
573.6618119012367,3,524,0.8528384584160533,0.13707954297867087,0,0,0
59.27674007487221,1,903,0.5537482131833091,0.5290334675291192,0,0,0
30.035770390274216,3,1502,0.9196157660823784,0.6109626389976198,0,0,0
62.700654778802864,3,214,0.8156525944742805,0.8254977359778104,0,0,0
378.2559160635586,1,1373,0.6307836303248866,0.8435771862207732,1,0,0
14.46300658162745,1,1496,0.3133620959184531,0.6606879021981275,0,0,0
11.377347129072167,6,1091,0.8527337448300697,0.19462778820367965,0,1,0
98.4348865103735,5,169,0.6591932937932989,0.7798118108622146,0,0,0
57.82439278912796,2,2200,0.5527653436476708,0.5785498820982448,0,0,0
90.71546893912007,2,474,0.500623357401575,0.9613339006890892,1,1,0
231.66949633919182,2,2245,0.21281215603871484,0.9532163414972903,0,0,0
51.80209818158652,3,13,0.01573868646428489,0.5516633414990123,1,1,0
13.832130307575607,4,741,0.71650699070863,0.9433607828347471,0,0,0
695.3960623963959,0,162,0.9196105907031453,0.025734421397003993,0,1,0
33.20736579337875,4,608,0.1836622386207053,0.915504609389127,0,0,0
31.217001865725617,5,728,0.9347236536316684,0.9645575684127283,1,1,1
271.4342708433252,2,643,0.07191182589527867,0.9790757481145589,0,0,0
61.283514724872234,3,2006,0.5524651665744178,0.7779975862699072,0,1,0
84.48805369391667,2,1510,0.11555910958370608,0.18066070181292115,1,1,0
145.88083999694047,1,803,0.8891044575877165,0.9746577352999906,0,0,0
266.02308829327893,2,1812,0.10324018988496886,0.4279552257858519,0,1,0
64.49187886586941,3,1072,0.2510546206391465,0.47123230482538314,0,1,0
411.55884286228394,3,1092,0.80593402714518,0.015126012680594103,0,0,0
10.635528600425493,4,2282,0.688486732988657,0.34332792845934146,0,0,0
192.44054270500905,4,2289,0.38812784043837456,0.2571450194673559,0,0,0
38.879706938831745,6,1023,0.8367691511733996,0.4498145064219846,0,0,0
355.05450631605635,1,1735,0.6356999441483905,0.26918487080938436,0,0,0
103.75625835967213,5,154,0.2597774797905804,0.4472815848225967,0,1,0
45.928905485198925,5,2207,0.7402693664726426,0.14756596290740254,0,0,0
174.6599766018573,3,182,0.33305971898922837,0.9520270285877378,0,0,0
219.90339740351757,6,1208,0.8157384359919858,0.6641299241153291,0,1,0
171.03943139247392,7,565,0.7815921904196864,0.9884533346974541,1,0,1
32.14650579621495,4,1224,0.3085182196192813,0.004817682612547669,0,0,0
55.47779642982983,3,1981,0.10365202510101401,0.8358120606456861,0,0,0
89.65125177621762,5,546,0.8207885450337765,0.08427093578997025,0,0,0
86.37863346343514,3,2388,0.3644488418363703,0.7738437063094515,0,0,0
190.5177708348648,6,709,0.3253223967949833,0.9224713405332751,0,0,0
12.002305633934157,1,523,0.018193227039010385,0.1406792518015475,0,0,0
125.75392919227167,1,1907,0.7258730801379752,0.9561459318705028,1,1,0
67.35779572245588,2,2279,0.27406822532587327,0.43626213765057387,0,0,0
38.91965463705996,3,1867,0.435872281424742,0.34420775013832183,0,0,0
42.841755475689034,4,671,0.89979526125344,0.7957659110876022,0,1,1
72.63612121393108,3,2366,0.12530675033414085,0.8530787285568,0,0,0
2.4569356323606937,4,1384,0.03803907869270551,0.8365195608880742,0,1,0
44.643576304332996,2,2122,0.5605081486467006,0.6240222344197787,0,1,0
37.494159544009875,0,365,0.699853624162535,0.2961998672332654,0,0,0
153.35925016118483,2,2312,0.5281704409692312,0.27654538912834326,0,0,0
40.22438152973341,3,1904,0.33957759759196415,0.22865544933861404,0,0,0
72.59428500766074,2,185,0.3614306350694064,0.14647328932857584,1,0,0
420.85006397076904,3,693,0.1496480681025718,0.39257458023515956,0,0,0
243.31369088250236,3,730,0.31171556799342015,0.8560482402999942,0,0,0
221.90989030449205,4,1130,0.758885859642747,0.9961723274321523,0,0,0
54.605115540996266,0,567,0.49914106003890635,0.6935946804963083,0,0,0
154.93912212575563,3,2185,0.8907576291891183,0.15615163479219818,0,1,0
71.24340115892802,4,1312,0.168001555428958,0.6735630516580412,0,1,0
73.98828643997354,3,343,0.44242263340605026,0.27535841590135834,0,1,0
135.59674133253446,4,612,0.7016079595213028,0.71763439642425,0,0,0
49.551196686742564,4,5,0.2722877129849307,0.23628586055458978,1,0,0
400.6158966087173,1,1911,0.2668460717847011,0.16406499718242284,0,0,0
76.69755729951069,2,624,0.10560194864159456,0.634474076701198,1,0,0
167.06125912458896,2,498,0.8929311828259087,0.685151236309881,1,0,0
385.90857120961255,2,1970,0.17252877769956376,0.18477204307785577,1,0,0
252.56124520606247,4,223,0.9701270534991201,0.5120080207827162,0,0,0
22.00084578318303,1,1722,0.44883783802550115,0.8806492067601014,0,1,0
140.45622789608117,4,953,0.9817855077897027,0.6848166996689398,0,0,0
210.75986282048353,0,1907,0.04035340069768023,0.6758802497365326,0,0,0
219.61214696650853,5,1161,0.5670930860139222,0.7235538794215266,0,0,0
29.56836872785787,4,1891,0.6908389037141133,0.35002191825038087,0,0,0
46.66361612164541,3,538,0.5163490254400751,0.2059457910050133,0,1,0
243.3639928964043,0,703,0.5701027944655646,0.7335017414447982,0,0,0
42.02394728788818,2,2242,0.5384002294018171,0.8119408826811959,0,0,0
66.70660298743184,0,997,0.1494571609148747,0.8958062741556364,0,1,0
435.2305146652344,2,1854,0.5319076503535289,0.7952389802956525,0,0,0
85.81559497690397,4,732,0.5417297626312678,0.34608912547599757,0,1,0
43.520228899197775,2,2261,0.3555816167097373,0.4669727572615333,1,0,0
37.42663598847183,3,587,0.6074835056645609,0.77990973881372,0,0,0
125.55191389647673,1,1005,0.41190410479357276,0.5375948845910702,1,0,0
23.73265603574299,2,1776,0.7551548747996192,0.5571564212766161,0,0,0
70.2924246894488,2,1115,0.03821012107675703,0.9425452906553687,0,0,0
125.61611312154518,2,625,0.009950906977007623,0.9576081645678092,1,0,0
330.01886534798047,1,613,0.5239209409524871,0.7612158930382047,0,0,0
175.4840368009828,2,1404,0.98922302733961,0.809566711113859,0,0,0
44.07685796498088,4,11,0.4454611538682801,0.26447828715345134,0,0,0
292.4867356866188,4,1998,0.011879179950171626,0.5938165751353129,0,0,0
66.71867925077608,4,1540,0.3171059140209921,0.4779256521863383,0,0,0
26.16171226365366,5,1741,0.46725089598072056,0.04104808757688638,0,0,0
75.78941512405036,2,555,0.9011292432214887,0.8835351967971531,0,0,0
379.23998145362617,1,764,0.12128242364026875,0.29571237742842627,1,0,0
106.19107333668994,4,551,0.9243901446008894,0.9317678006158234,0,0,0
91.15140036690318,2,1851,0.9401533291411517,0.6364990864084794,0,0,0
462.7614269421725,3,1871,0.6409572467231613,0.8130488034265246,0,0,0
21.512736453962248,0,755,0.22518275424882273,0.45876919689461837,0,0,0
24.88837646749317,2,337,0.536708300639239,0.18741489791886046,0,1,0
17.8884191576087,3,55,0.8166504366235176,0.8747196541775767,0,0,0
130.6664883535281,1,1117,0.35804702250778053,0.7826278134241573,0,0,0
106.32422233918123,0,108,0.9053117172869877,0.7545438745936843,0,0,0
421.0435899009738,3,2457,0.08692255434151686,0.21278987468398836,0,0,0
114.8325611220887,6,1756,0.307184302975804,0.5216473653270756,0,0,0
60.089964076698145,3,549,0.993197911502792,0.3226282640282476,0,0,0
90.17884569303217,5,1658,0.5838742493133848,0.612776656511185,0,0,0
101.26161530422121,4,587,0.5903417027966589,0.5324274465928306,0,0,0
16.915641504052672,2,1232,0.23987007841684538,0.17738226866696827,0,0,0
1353.341020839611,5,850,0.8575573701522831,0.6237300214824921,0,0,0
151.39177573610738,1,489,0.4290818057267327,0.038176098258074,1,0,0
111.05308253338482,1,822,0.7935381060687504,0.07073767113092977,0,1,0
166.52808673256683,5,73,0.8106841463266861,0.18278026227734845,0,0,0
182.98624399441013,3,1902,0.17485725147481002,0.5788041994583298,0,0,0
78.21383221839594,2,448,0.5017878733008514,0.7594874322625323,1,0,0
47.882919958402056,1,830,0.38399065613769046,0.7824708944177488,0,1,0
163.93183256458883,5,580,0.15484567746548472,0.2766382562402999,1,0,0
132.38453618970632,4,166,0.123396436301768,0.3842060322377311,1,0,0
40.04924816427574,3,434,0.045799521359448314,0.23375045899170144,0,0,0
372.05273737687185,0,1820,0.701963478538606,0.03632146445889739,1,1,0
120.70529983844574,1,70,0.782150652147032,0.4950570363394574,0,1,0
186.75906473905755,2,543,0.47138876384184436,0.5450642220769873,1,0,0
362.100170515944,9,2233,0.5639194848268552,0.935083773178369,0,0,0
92.00922292091711,1,2175,0.26199577589062706,0.7118775175753816,1,0,0
123.58782129836341,2,1674,0.7148004277340533,0.9343030959519507,0,0,0
202.35574018114727,3,140,0.5839566405203185,0.27950338590276136,1,0,0
43.60356513659145,4,156,0.8823160099303106,0.724609334156487,0,0,0
95.01660471929014,1,2379,0.7461476890664432,0.5982913552963027,0,1,0
102.05874579393033,2,1504,0.018935417612639394,0.2967974435652082,0,0,0
34.6030368456156,3,321,0.8098498523349905,0.21114969293804753,0,1,0
913.8228996988804,3,1947,0.027129436606681434,0.2910397677414793,0,1,0
22.036640747820535,6,1936,0.8138455567313655,0.9796850433102086,1,0,1
24.579090364492277,5,164,0.9872676761208549,0.02321157558594711,0,0,0
335.03217624444255,3,1350,0.4808785415675705,0.9048335913507658,0,0,0
183.69306703114336,1,2186,0.2268976304805832,0.771685719213024,1,0,0
32.266682054798565,2,202,0.009571219167320177,0.543590730290969,0,0,0
165.2218332858939,2,90,0.15029300229157194,0.8582438277648186,0,1,0
390.665011621958,2,994,0.5037820459204441,0.05196666287833773,0,1,0
87.33374618605156,2,1473,0.806585844435284,0.5442272582884311,0,0,0
1210.541307439353,6,586,0.8714780857940928,0.285423303028957,0,0,0
16.053681321993068,4,1470,0.683560899179019,0.009804615908675207,1,0,0
180.15605614399288,3,801,0.08682096707049991,0.6190471010497437,0,0,0
289.02937779645055,2,986,0.9913439612936327,0.6577606321114373,1,0,0
219.49817137287656,1,677,0.747103986339199,0.5907760234077412,1,0,0
73.37947565974245,1,1905,0.426457163560387,0.39049418609993625,0,0,0
67.32680967260046,4,653,0.8136755441646669,0.8042717447477858,0,0,0
140.35082361542555,5,2406,0.588572903691902,0.3431587372459054,0,1,0
203.51800683670365,4,1890,0.6027826425470604,0.6039582564595072,0,0,0
164.42810718419514,1,1829,0.9713022380729155,0.9960579197075955,0,0,0
254.69274339676713,4,1440,0.8011279940550238,0.8458484350362864,1,1,1
32.49642368870483,2,764,0.26215070692180387,0.6442750662967254,0,1,0
71.68123664905801,4,2216,0.17515795381938726,0.674169557509231,0,0,0
35.16263692516087,1,655,0.17230874403822238,0.8410011916937556,0,0,0
61.1840921728429,2,2404,0.45450377601358416,0.17580947044798223,0,0,0
248.44485062052047,4,1388,0.3885637738662382,0.11020850975955088,1,0,0
100.2817697004107,1,1360,0.4527618509256244,0.2208948016657899,0,0,0
1220.308730072041,3,85,0.06269766394223797,0.7445398349990224,1,0,0
109.22460595538176,3,866,0.202076948154583,0.769732545327364,0,0,0
95.55403324044026,7,1142,0.7975009153635321,0.02819779166723757,0,1,0
100.10132464398058,4,1062,0.7576012427042385,0.05997771690202136,0,0,0
47.56947657570243,3,483,0.3933117497630455,0.9815650929272371,1,0,0
84.95854126026414,1,136,0.3904635378628931,0.4921028890497716,0,0,0
278.0464058038085,3,76,0.883823208567002,0.5359034329848832,0,1,0
100.88393202303304,2,2343,0.1818765389955478,0.6121822202225895,1,1,0
40.71270761450029,3,316,0.3572145201010708,0.9644433222847049,0,0,0
35.69160044755205,3,497,0.7634760040131375,0.1595000015229847,1,0,0
57.38587014691661,2,956,0.574586587572083,0.6330818997053016,1,0,0
96.91782305223971,5,621,0.06026447953987668,0.07580687489258042,0,0,0
296.9567589601441,3,18,0.011823906066396495,0.5134448126664541,0,0,0
23.559081174387458,0,1915,0.01913444087854732,0.44026611958381867,0,0,0
65.37720969444081,2,432,0.655982372640957,0.26818814003619607,1,1,0
103.99158885069572,2,616,0.6224895857150616,0.44055271661128337,0,0,0
14.38655705001749,1,149,0.044511466481176765,0.6982579211032989,0,0,0
39.11092020131528,3,440,0.13196281264812448,0.8409821843246916,0,0,0
45.60929166122915,7,219,0.7225586065535503,0.784904746180449,0,0,0
40.61062070631067,1,2054,0.3095898312904033,0.584863308753126,0,0,0
109.05905723749302,6,671,0.991685460856987,0.8969788063998803,0,1,1
76.6646250791559,6,1019,0.3124846552324547,0.6938505128966788,0,0,0
51.66155549213498,3,1275,0.3356869912434687,0.8382653731986498,0,0,0
138.09786860002123,2,1503,0.41947128091176944,0.39823302013772677,0,0,0
504.25128120604256,1,1910,0.8276562693552995,0.6983732790806494,0,1,0
463.7086830234651,5,2116,0.557291370119688,0.07450559681895252,1,0,0
13.160609348959824,3,1465,0.8572457381245562,0.9571379510182054,0,1,1
160.30402746300024,1,253,0.4272072180188181,0.6293090730875431,0,0,0
75.33740139284484,3,829,0.608280771387464,0.8567076026688086,0,0,0
105.12554923459192,3,884,0.00461931785195191,0.4853980662026921,0,0,0
60.443978838918206,6,1553,0.5755477912650299,0.030843557928017518,0,1,0
101.2495872957722,3,1091,0.08052266773880701,0.492040853423067,1,0,0
104.73228170268858,3,1851,0.1930137541661856,0.7257881922303382,0,0,0
50.45330437391631,1,1902,0.9975383658284536,0.0653271460548206,0,0,0
36.731417524119934,1,155,0.6371797585475917,0.10030154663346436,0,0,0
57.472370391036826,2,1359,0.8692553763658682,0.054302801041647975,1,0,0
113.77914723737226,6,388,0.05732519291874183,0.11988057616035563,1,0,0
163.85736793314138,5,4,0.38456113624240296,0.6143413353544538,0,0,0
211.31480265781929,1,985,0.8624409281843489,0.8743926825739908,0,0,0
54.91628731564729,2,2428,0.4107844978057016,0.470923662109183,0,0,0
119.56313608641906,2,1739,0.25363018632171286,0.8087842064259485,0,1,0
235.6865141058645,2,33,0.4809869216553804,0.3985811160464253,1,0,0
288.7597117810398,3,1035,0.4709394598658063,0.8552705077716106,0,0,0
84.8739441606861,2,716,0.9906859528208491,0.15756020578504415,0,0,0
72.17316313435914,1,1533,0.35450435390941626,0.5739366987524982,0,0,0
108.97562505100079,5,2233,0.9573469993101106,0.5201654981831045,0,0,0
28.51107268549449,2,1178,0.912032694669961,0.10283840237330233,0,0,0
74.17227951766084,3,856,0.4495110743075943,0.23824159745590923,1,0,0
189.537406055017,0,1903,0.944981111573806,0.48461962650516244,0,1,0
171.0484978489319,3,922,0.7288787265616178,0.7718459781082914,1,0,0
68.69884560291538,5,694,0.8850111180716391,0.9047694427270471,0,0,0
111.91259905680721,2,667,0.8917711434804846,0.7356521548434938,0,0,0
39.462452874905196,5,1252,0.08546089269163581,0.29301432982304076,0,0,0
181.9063780171171,7,102,0.8968248363549145,0.10278185508970494,0,1,0
83.27751325941922,2,1718,0.48958061040379885,0.5252184898132324,0,0,0
68.3094794497341,6,258,0.6370356562858568,0.34436762817774313,0,0,0
62.694652937999116,4,1801,0.3005174839721123,0.5633197457318145,1,0,0
84.52996890643179,4,72,0.6455192004242816,0.39794398097011296,0,0,0
57.519404191095795,1,2408,0.02707845335941772,0.3791947048410236,1,1,0
173.8413385826086,4,884,0.3711801614049466,0.9119815393319861,1,0,0
60.625551855285856,2,115,0.6285888458391747,0.6675352192698891,0,0,0
442.73176764901746,8,577,0.1968730356696855,0.6697061537502125,0,0,0
389.63503897091886,3,1434,0.6726216774976714,0.1337206184405325,0,1,0
36.90904009793552,5,1451,0.8288817995440175,0.38966428076151394,0,0,0
96.51556294945415,1,1753,0.037337273425895656,0.7627675998054497,0,1,0
46.96221671195802,5,1703,0.6039497056678399,0.5669482702342514,0,0,0
64.93277064110579,3,1552,0.5806268747603383,0.4603633590538875,0,0,0
666.7582041309713,6,1815,0.7820839844510241,0.9727597052762954,0,0,0
66.18332763991565,2,308,0.6975096138108866,0.1363688357931374,0,1,0
129.05336965728986,2,787,0.4546200300202935,0.16076156472065317,0,0,0
154.67425022886505,5,1890,0.3545217692655377,0.5632470198240976,0,0,0
33.09461656175995,4,1982,0.9856489797330084,0.40517755106792996,0,0,0
38.27911800091238,2,392,0.5017776322847212,0.4806836896172699,0,0,0
26.949847227266797,2,1651,0.40792900595386605,0.5478744069373253,1,0,0
37.115299353453864,0,87,0.9930011674055564,0.12747017536033012,0,0,0
5.206823050932895,2,1163,0.1805020725932579,0.27012127411302045,0,0,0
155.17948283679357,3,1403,0.18613329937754497,0.5371557625439296,0,0,0
702.1828507451789,3,866,0.9764725249092998,0.19355416529626113,0,0,0
104.3573157667495,3,153,0.6576903207990813,0.8395896331090902,1,0,0
21.83973769842907,1,618,0.5197389861825676,0.7834878649579673,0,0,0
47.33375214841953,3,2338,0.06777592961634082,0.5681702092602654,0,0,0
56.89020345108992,4,1519,0.3558611012381022,0.4949269328766678,0,0,0
32.538214286200684,2,1932,0.43333475356906614,0.9295583229960941,1,1,0
212.763801740502,4,938,0.5114039458336004,0.752337188109945,0,0,0
202.4028552692531,3,871,0.4365667510248088,0.03812887561563005,0,0,0
28.34776542791332,6,1615,0.4381088504967501,0.22338284615694104,1,1,0
185.87623415223595,3,1135,0.994835444751342,0.07298205119428625,0,0,0
414.39211513371197,4,2435,0.9739908650320159,0.99468470429117,0,0,0
603.3866520373139,3,1265,0.08619789609253425,0.4221909050276892,0,0,0
1580.0503981663944,1,228,0.16862286180727004,0.13419647289090397,0,0,0
36.52537960337703,2,1686,0.9416098339107611,0.3581700842176877,1,1,1
1516.591143276544,2,975,0.31899888529417764,0.97994902622684,0,1,0
63.16773265338833,3,73,0.6115400788245053,0.14300169248769845,1,0,0
49.77607986387431,5,1553,0.7978637424736366,0.3569435865005809,1,0,0
124.8449259683948,2,2145,0.47087402902295306,0.2758007723682526,1,0,0
50.29665962762539,4,263,0.016618788076234625,0.7902168717684871,1,0,0
134.1614788714827,4,1015,0.8280758582189404,0.025506306944573565,0,0,0
24.044897509201157,3,223,0.7562400890659248,0.9467146843532088,0,0,0
70.8983667946635,3,1550,0.0414319910158788,0.8686967258083403,0,0,0
325.5715438795078,6,485,0.897371428244753,0.3643678837636226,0,0,0
85.02443693873101,4,2308,0.8570133444395742,0.9012525113184369,0,0,0
103.70971418997068,2,1709,0.27504570198140965,0.42573382070530863,0,0,0
144.7862627177469,3,2239,0.0801396104825528,0.29192237122797393,0,1,0
290.2264932386201,0,2314,0.40317373111749655,0.4070052474354071,0,0,0
17.19769370328399,4,557,0.8749025752766991,0.8249984502455182,0,0,0
161.50305386059077,4,982,0.4824127869427295,0.5611303043182677,0,1,0
68.84522442555836,1,2264,0.2815765145029234,0.21721932905926433,0,0,0
106.3396158193326,1,1719,0.23176566540405452,0.06968643896344207,0,1,0
259.80988961184835,6,2194,0.35503495792860806,0.6065570225778935,0,0,0
27.270713167020297,2,1153,0.9939492681829453,0.8184138186706148,0,0,0
32.69936172360547,1,1888,0.8784242871525781,0.8555132387596497,0,0,0
12.99506981183218,2,1057,0.5470424897437195,0.8229270279512103,0,0,0
51.97906587700284,3,2439,0.8084142140855115,0.5134329819835595,0,0,0
340.5058630482165,1,83,0.31627147397772426,0.37771732831806504,0,0,0
79.79116719312091,3,453,0.6152108706520126,0.9754026350296847,0,0,0
23.567652247886194,3,1098,0.8727509495807636,0.9224110061713796,0,0,0
55.38568990511558,2,1668,0.3676863318212029,0.7520285455314574,0,1,0
20.33082681492195,2,1688,0.8003966651269462,0.43007227206861054,0,0,0
29.218845597474697,3,2478,0.6143228508862351,0.9734658798466473,0,0,0
132.79663664639082,6,1990,0.6153585894271785,0.3739030480918649,0,1,0
27.830336693722945,3,1913,0.041096380551927214,0.684482770703669,0,0,0
273.864731875902,4,1420,0.8992606251530992,0.2943081499527662,1,0,0
83.83744196299159,3,702,0.7761441524404206,0.8356781792841096,0,0,0
98.0614873580441,0,852,0.03647180976573783,0.8601336475100224,0,1,0
68.14426707125463,2,218,0.6107462804960296,0.5091206884112272,0,1,0
194.9704168403309,4,460,0.7459018830051438,0.5621749010159435,0,0,0
196.9913635200045,1,1761,0.7951222202648208,0.9485596527513723,0,1,1
125.8454229603703,4,1342,0.08854778443771139,0.14211966626378514,0,0,0
158.34704409594607,2,1612,0.6399407293644821,0.47138561906818044,0,0,0
72.81415186637989,4,1466,0.23297591877229862,0.5284230496847241,0,0,0
154.8106886516284,2,2214,0.45143769591796745,0.8164428028833721,0,0,0
64.20764114259563,5,1476,0.5264548417155842,0.777817779246656,1,0,0
90.21823984140399,2,2193,0.02734430197967408,0.6020687247883744,1,0,0
68.39886634815014,5,412,0.29953987711777463,0.15559334275539383,0,0,0
56.98462306673307,5,1901,0.7974424680085044,0.40620423140209494,1,0,0
45.190559403920794,1,386,0.8423495797295586,0.09120663195698031,0,0,0
143.69458416027032,2,1916,0.3300105925538763,0.1503519606686733,1,1,0
333.82133103085215,2,38,0.441797419861944,0.22650700883821362,1,0,0
290.35432039702647,2,2209,0.8311948562040942,0.33365986610016585,0,1,0
25.62157228579592,5,2166,0.20078835677111317,0.4401757395962712,0,0,0
326.7525156260893,2,1348,0.730975305862588,0.7206697956357409,0,1,0
65.48633522661449,3,198,0.40732129447133614,0.023182222004655473,1,0,0
164.14218191833442,4,1506,0.9871039180172418,0.8719773955965867,0,0,0
36.371469703347415,4,2299,0.6017813733560393,0.9920804883010977,1,0,0
103.7495595576166,3,1017,0.14807324123000998,0.9641157277790724,0,0,0
123.18942149163571,2,832,0.17186458134026883,0.4249750936649318,0,0,0
20.39715046652985,6,1573,0.02730649584759437,0.39936052911357844,0,0,0
165.38352429364826,2,104,0.7148275944727585,0.5223252476912007,1,0,0
345.82574043889724,2,2033,0.44333270985928486,0.6646056483421601,0,0,0
75.59212070827802,2,1258,0.010968834094497337,0.27759238459675517,0,0,0
350.78311651806024,1,2121,0.10142052438923321,0.6549369771993264,1,0,0
74.4633089346718,1,2082,0.28942017540691933,0.3092440339288359,0,0,0
210.5208148320869,4,1186,0.42411734971963855,0.6606664898216713,0,0,0
9.79067139680955,1,923,0.9384464186960285,0.652693015163167,0,0,0
1011.0834719019003,1,720,0.5412923415837868,0.0008290915385796849,1,0,0
401.6006734297243,2,1284,0.8942355796635327,0.8712497756520546,0,0,0
67.71952179564792,4,337,0.25053019591978787,0.19254880971349975,0,0,0
12.527308900764426,5,1513,0.3322325988385738,0.9927600307603817,1,1,0
120.06441234392132,4,1740,0.8807998140446336,0.5500400756554533,0,0,0
21.243998945577246,0,197,0.49136173723492904,0.38650570821571795,0,0,0
140.4502786540927,2,995,0.5901612742600921,0.09171407001675547,1,0,0
135.8519539842604,3,100,0.574178005689557,0.6809834452235977,0,0,0
35.11389183679034,3,2111,0.6453756670362455,0.3597861707605966,0,0,0
276.15630382178125,4,1358,0.5889525014486076,0.9629760074548126,1,0,0
201.4567469089385,1,1021,0.6943661497041095,0.8572724129819447,0,0,0
238.847037669922,4,2332,0.14727771025469372,0.1244127243563189,1,1,0
90.81801814750146,2,1743,0.7106288278073697,0.4576870628613029,0,1,0
21.856009828599817,3,876,0.15059730400097804,0.44410899697383,0,1,0
239.3369214051207,3,1623,0.3404180674759373,0.7087754260883123,1,0,0
68.69171539195183,2,419,0.8313468745679989,0.272947878299035,0,1,0
22.425974361908214,3,1314,0.6077841430064119,0.8362223066560801,1,0,0
347.9432410267601,3,1794,0.9671655006405683,0.9414522363879652,0,0,0
734.659789409117,5,991,0.2522978539366436,0.55233961845138,1,1,0
86.37962886811164,1,2475,0.9207418825243838,0.9272520298359649,1,0,1
779.8652548772916,4,684,0.6419237338012127,0.32536055617716797,0,1,0
98.62400876902504,3,751,0.3692391415676537,0.31733276201239513,0,0,0
61.53118354593207,6,1452,0.7867889272757193,0.7233433532749864,0,0,0
47.92041173075997,2,43,0.9548687229893941,0.4443634801325185,1,0,0
462.70162504217166,3,2036,0.779560568041803,0.27615486577045223,0,0,0
41.25845735742512,2,1646,0.006473750654878985,0.30963951925198374,0,0,0
187.77967047353954,3,147,0.010268928489568951,0.8323637265051719,0,0,0
51.46161371246832,5,817,0.12616781472270644,0.646997384760446,1,0,0
56.80891328375755,2,2429,0.8507249913672272,0.7914644648614682,0,0,0
252.20687769843062,4,1775,0.7502469282484122,0.41277503481426425,0,0,0
61.55697407656305,2,1727,0.639773505337377,0.9388197806515802,1,0,0
60.05162569883093,0,1489,0.6945058320417302,0.8907066078315099,1,0,0
279.4447775360457,2,844,0.6198060878394702,0.03578921278122327,0,0,0
444.69884187150916,5,1077,0.3478852848349666,0.3649412663468087,0,0,0
171.5182720136205,1,213,0.7204497195062161,0.07392210638177876,1,0,0
46.76945057911837,1,1973,0.9350984139845454,0.23780107053745392,0,0,0
54.02200700657836,5,2296,0.7496709839595068,0.925684508011927,1,0,0
97.50613155207458,6,1514,0.8672969117281671,0.8959202792059642,0,0,0
124.08043962333775,3,1560,0.23715734292024904,0.056096466080472696,0,0,0
33.519725614660544,4,765,0.3492853510286351,0.035775432384393624,0,0,0
185.49685719887893,4,2232,0.5077378919135511,0.6458933248013687,0,0,0
98.05350799733216,3,67,0.4714936438829629,0.2358474857219014,0,0,0
16.1883473067151,2,2081,0.4659871557567009,0.0022221391571406457,0,0,0
35.554741310006776,4,1191,0.6405538496026155,0.8329587127397644,0,1,0
54.373196788484826,4,2388,0.8553911580215593,0.3842786530298473,0,0,0
83.69190941868594,4,1548,0.8871620242813755,0.4171972713750449,1,0,0
595.427000169732,4,1269,0.15050167370767287,0.10922932979213851,1,0,0
114.22512778247025,1,1510,0.09015218119982527,0.4752435312783936,0,0,0
38.83135776741128,2,596,0.3112155431817111,0.776216250598956,0,0,0
112.23903120607542,3,849,0.7372267704031183,0.29963284595503936,0,0,0
63.301704273908385,13,2091,0.7934533353363953,0.8278719822804261,0,0,1
124.55635194111382,4,1875,0.3832768813037817,0.6502232966415662,1,1,0
160.8653511869366,1,602,0.3104480953581693,0.4151047838849641,0,0,0
301.6389122547876,0,2164,0.13049445948383143,0.5046450970034464,0,1,0
87.85726459021909,2,106,0.23823254020737772,0.11176886261904839,0,0,0
463.5714505989323,5,685,0.1007755122956181,0.8938972093542981,0,1,0
223.18982946060785,3,1413,0.3038522543528761,0.8938564767219945,0,0,0
44.36986200050723,3,2289,0.6761229181115843,0.38245153535587384,0,0,0
820.4522115483574,2,96,0.12895410339846192,0.6589536350100865,1,0,0
124.83520572016172,4,125,0.3213028579711351,0.7646181719250561,0,0,0
39.05127382170359,3,234,0.5286393348370366,0.8257033409988689,0,0,0
470.0847752120207,4,689,0.32710690903313544,0.7246697005892588,0,1,0
718.9397700790905,1,582,0.43957444225241815,0.5011372013473568,0,0,0
87.09284523983182,4,2040,0.4968681540315121,0.6978459228393011,1,0,0
54.3992158711317,2,1230,0.7750089338338638,0.9474217066445613,1,0,1
75.76413612922894,3,2281,0.8430956747196321,0.47143316042997996,0,1,0
183.96246229274456,4,120,0.1923898230134765,0.08176280467461505,0,0,0
323.06600591726254,2,22,0.36933443441628533,0.8085876128186614,0,1,0
159.25191681003542,1,1236,0.5751597284153368,0.7212556370821832,0,1,0
99.65589564905895,4,1520,0.49937973310983363,0.2969298911442373,0,0,0
402.6274812458356,3,839,0.08041837611340252,0.5882487744803122,0,1,0
65.83578443792648,1,2236,0.3449641179455527,0.07285130824914898,0,1,0
252.37582318143686,4,418,0.2275222814954162,0.4790295294622964,0,0,0
67.48714947787532,2,553,0.4172674337018416,0.3990345836217952,0,0,0
138.5211411984895,4,1098,0.3379820625193235,0.2507790191957502,0,0,0
80.3536433947419,1,36,0.6953825932969647,0.153753489687249,0,0,0
85.12730290734827,6,1997,0.40144460009874194,0.34371591281438185,0,0,0
61.72033668616181,6,1434,0.24152620608504538,0.9361252473913884,0,0,0
345.4521128636042,2,531,0.6196506251632563,0.5136987847300114,0,0,0
43.25331863552755,2,1798,0.726891234792008,0.20113328456232982,0,0,0
42.938452255622586,1,688,0.10826822842704187,0.8354296417917918,0,0,0
750.6905872315134,3,1646,0.25123557130104734,0.26941909957948684,1,1,0
239.33100804759175,6,1133,0.20880740381219343,0.8027252052856043,1,1,0
8.28864330463114,1,2172,0.20108730728126767,0.016684253575336983,0,1,0
51.148914014777446,3,1329,0.9019836536373209,0.9233747129073713,0,1,1
14.702398774899962,0,2132,0.12602739516442873,0.5345219124763004,0,0,0
34.7892804605139,3,705,0.8711343711140194,0.7632282638092149,0,1,1
3.9019847493165924,1,918,0.39390442280560223,0.3142193840184824,0,0,0
78.49307641048243,3,2416,0.6408011962438603,0.8460153413768257,0,0,0
28.733341718788694,2,2442,0.4409489309013932,0.6916532134757201,0,0,0
95.57442437395781,6,2068,0.5987461272429917,0.047109169661433525,0,0,0
17.723274886649936,3,1020,0.5516555128745931,0.04061962241518058,0,0,0
97.79875561355475,3,2024,0.4329491104029183,0.36103388081881593,0,1,0
59.44691455033436,4,1990,0.27502468958503956,0.051878822333166874,0,0,0
404.2174457370284,3,1787,0.9308717828381347,0.043301837158196466,0,0,0
369.2067782481908,3,2161,0.9159673479101192,0.37763481602265647,1,0,0
197.42240143554073,1,1341,0.07111551719232212,0.23082667271221413,0,1,0
64.93496427126207,5,2405,0.22352116420969304,0.35083648856081373,0,1,0
655.488261448168,3,836,0.5740663792687083,0.4035027464927633,1,1,0
19.048049772024587,5,772,0.9804498862189756,0.0856809068156783,1,0,0
22.119097384878614,5,1619,0.7274385088610839,0.6059431034866728,0,1,0
82.78251769185118,2,2461,0.8183365878453305,0.3478887735895294,0,0,0
857.5145174958673,2,2106,0.3142225168148649,0.7607450361225903,0,0,0
73.52761817553612,2,1385,0.2189127278550258,0.9912339222294982,0,0,0
74.94501840710576,4,717,0.22596219709016885,0.3815327005186787,0,1,0
21.286852825120924,3,423,0.4832818846020438,0.741944923040866,0,0,0
231.81266922795487,2,1081,0.8584802249780316,0.2952387177261784,0,0,0
233.49864038492225,5,64,0.2163699170694986,0.8112563121247319,0,1,0
198.16008247793567,2,2334,0.5703181380845246,0.6830017464743711,0,1,0
47.97976344676059,4,2390,0.8087947570689781,0.24921506456599263,0,0,0
44.402387105350826,6,1458,0.5003562286148789,0.4606390964525222,0,0,0
24.70184036579738,3,81,0.4169025547597127,0.8061541933669067,1,0,0
97.89275099116531,4,2429,0.3465320809293305,0.7094569546122117,0,0,0
30.556965738936153,2,416,0.6004485625779348,0.0316276160859873,1,0,0
27.731903317277936,4,2182,0.8176911370811522,0.0015454228844904438,0,0,0
58.92758299080191,1,559,0.9961306463649621,0.7538566354884365,0,1,1
55.19342450027932,1,223,0.869359436024224,0.45365144613115505,1,0,0
52.563474173223774,2,2163,0.45275019663436455,0.511485596297315,0,0,0
143.51572295672483,5,2374,0.07924200400681625,0.9646493125113703,1,0,0
97.42158540375706,1,2244,0.1205372603439896,0.1322156580011259,0,1,0
67.48085779846608,3,1015,0.02932504828716298,0.03221512942153948,0,0,0
108.0952657200019,2,1019,0.3626632393547865,0.18897124595351167,0,0,0
33.39722988256448,5,2297,0.4815512547768991,0.7125397917467597,0,0,0
100.01084438011905,4,226,0.8206092791731582,0.18216679837504401,0,0,0
104.64801626844411,3,2331,0.08573389703684076,0.5286482636994116,0,1,0
20.02443225300264,6,2498,0.2281193857390228,0.8556463529640279,0,0,0
243.6404942003835,3,1678,0.510651871332137,0.8403791597011839,0,0,0
37.284075111456175,4,487,0.8497763342553692,0.21027672890714555,0,0,0
98.52494838526535,3,1174,0.0876393512150293,0.897191177215671,1,0,0
288.418266428346,3,2258,0.24343595283425346,0.9938313698831893,0,0,0
227.16502999247413,1,316,0.543904810277555,0.9740184286876747,0,0,0
93.16139215177087,2,1587,0.3243649996699026,0.8911910996374315,1,1,0
62.64607295644039,5,400,0.9923976825439799,0.06311654783763354,0,0,0
232.1797621701788,2,1516,0.45213290609435075,0.6271805888470391,1,1,0
176.74269560933013,5,1152,0.911357023218258,0.4399617123902534,0,1,0
48.50345245047772,6,769,0.9408877961484479,0.27929706346353034,1,1,1
40.65437080119603,3,1036,0.259432666627171,0.3155172386776963,0,0,0
11.332161327304863,2,24,0.3265008036245475,0.9430809827649719,0,0,0
105.00750687857264,2,2174,0.3241368349741385,0.9520232603210016,0,1,0
82.87241487698303,3,331,0.4363120027494819,0.1012608968684332,0,0,0
280.39277123596383,4,1195,0.06315066320206608,0.2036701163247454,1,0,0
128.90234387900037,1,105,0.8073539441121919,0.9179676148498728,0,0,0
341.8011701512953,4,2016,0.13085432644910622,0.6139249466556298,0,1,0
44.81916204016258,2,1685,0.8936650761287765,0.7062920482543592,0,1,0
280.9425867851792,3,2081,0.5765817884360525,0.34751253372261315,1,0,0
53.04197710378888,0,1185,0.4814876454055791,0.24130310323377524,0,0,0
195.89838125399203,3,1948,0.6607884847872385,0.44548057958659915,1,0,0
20.93121546155976,5,1132,0.9331007306788323,0.34075444215481066,0,0,0
113.87886541424129,2,2113,0.29666699771547267,0.9445344196881068,0,1,0
12.370468487362967,6,1953,0.27018578576649477,0.16491573735206944,0,0,0
68.9142180198563,3,1477,0.3698780556074518,0.9917158222559296,0,0,0
139.81973613111643,0,2498,0.4868086592212031,0.906455268530643,0,0,0
53.46522533194044,2,1956,0.07570459184739742,0.5711531664831198,0,1,0
31.486609847270074,1,950,0.6799872067971112,0.3424260435214227,0,0,0
209.79239978308402,8,434,0.520894481671385,0.7236442733501897,0,0,0
81.16930919591357,4,1971,0.5399178981882117,0.48066447722133354,0,0,0
55.170553119813555,3,626,0.24964631200190301,0.3749357950787495,0,1,0
93.86859898243591,4,405,0.8405997754241193,0.33252316878133803,0,0,0
1257.2337399570183,3,1660,0.3980589964349218,0.08017541281910368,1,0,0
285.2890422831,4,143,0.6522628016208227,0.43468049505236117,0,0,0
287.8886197019494,5,288,0.24006099733635033,0.247839057821024,0,0,0
139.1491415891453,5,72,0.8162924042598455,0.019483429255678253,1,0,0
106.32338721481872,2,407,0.2997161539728951,0.23330228117570861,1,0,0
8.198225362735366,2,1819,0.9216868962288085,0.2347661835061302,0,1,0
45.650732528414636,4,554,0.4547926027172755,0.30222606995834367,0,0,0
55.66911956376164,4,1288,0.14515008337151736,0.945357656573099,0,1,0
13.806064276345978,6,779,0.611194265630159,0.8996493305124071,1,0,0
28.292145155613763,5,1941,0.5566340725722068,0.032016697395907845,0,0,0
12.418204850689884,2,1779,0.4214343516223982,0.23818209156416115,0,0,0
86.63259793409586,5,1068,0.8197109900457807,0.44225796357687985,1,1,1
204.13182188130645,2,990,0.42128869459612805,0.277781843806413,0,1,0
272.26463568524565,5,289,0.1362225062232355,0.39524230157322093,0,1,0
136.28993098818853,6,2048,0.0285830564997962,0.8306179070890343,0,0,0
34.35005633861725,4,781,0.8921627030222551,0.5692812595229623,0,0,0
13.038869285184884,3,538,0.46670324657015294,0.41930056515575875,0,0,0
15.535555506632202,4,458,0.5629618562796115,0.48584300311662587,0,0,0
25.305390157508466,2,1124,0.11474102776109785,0.2747127272387546,1,0,0
37.00822931986624,4,1175,0.4894123753936832,0.21000635700603698,1,0,0
76.72683386470403,2,1160,0.5333648932895577,0.21238554020423417,0,0,0
32.64970374016093,2,1806,0.4652527831867316,0.7986120700441869,1,1,0
126.33989996373795,5,1399,0.9541197589236762,0.19344920343304706,0,0,0
71.35921568146755,2,1689,0.5713850992758498,0.9111672769074366,0,0,0
90.97144915518723,5,2457,0.9743872526286237,0.4493528623221237,0,0,0
281.5332485466186,4,1041,0.1533332148210793,0.5334695975666865,0,0,0
27.6539414519314,1,644,0.9141893924055745,0.6109746629499023,0,0,0
136.82525193095802,2,251,0.5529213625382823,0.30624646386288745,0,0,0
88.76804854115719,9,1621,0.2961364631699154,0.8955616796978232,0,1,1
64.49022868246259,4,1748,0.745741515141491,0.608321770005955,0,0,0
218.16601744380054,5,879,0.5562621584702367,0.8995024156197816,0,0,0
216.80843043006817,3,105,0.5756764065064166,0.5075008023128489,0,0,0
34.93569912646551,3,1635,0.17193906015170224,0.03896690899363886,0,1,0
75.02635232398141,4,1623,0.6799403550494058,0.031147603074868857,0,0,0
119.24875417976976,3,555,0.2941396753695591,0.30769172214409857,0,0,0
68.51092708103084,2,1974,0.3557640491751296,0.8473265133847092,0,0,0
161.58338614413128,4,1844,0.9065763993331636,0.2664457563152044,0,1,0
119.24640921497553,2,533,0.17949818411681429,0.48443701069549794,1,0,0
562.595692919811,8,634,0.8866451753179039,0.20154116386085952,1,0,0
19.48647946023534,1,978,0.5004180575609107,0.7500548862232864,0,0,0
79.64378546331102,4,504,0.17851020428704467,0.6697495001402418,0,0,0
36.28837668527602,5,1708,0.8115988605374445,0.9024997271674625,0,0,0
164.69700549389523,1,2181,0.6524966915732684,0.3550691321528615,0,0,0
17.864725211242142,1,957,0.3468205752353811,0.9848912815755186,0,1,0
127.27024133226662,3,1324,0.30072607316371713,0.8776680114769411,0,0,0
47.94006422264449,2,219,0.42094312365833453,0.4484418742111381,0,1,0
43.19989798888983,4,1358,0.1362134633699461,0.860275103292819,1,0,0
21.18941567641187,4,387,0.8092494862906081,0.42482413174512046,0,0,0
56.5386261813978,0,951,0.27865638272685567,0.7875110531469346,0,0,0
266.26725709165447,2,114,0.8268673264716828,0.3600709616016582,1,0,0
87.7780365773906,5,60,0.7313034627080272,0.2553173570086833,0,1,0
168.62552330262474,4,927,0.9418356030524666,0.7376135256258847,0,0,0
475.63075193452823,2,755,0.09914137431947256,0.9646003757569684,0,0,0
117.1851994746726,2,2163,0.3491818911194676,0.7264407312309279,0,0,0
51.48036268867468,3,295,0.6238841485208684,0.9764305419736281,1,0,0
143.63167570350598,2,1404,0.8585766829381039,0.9205335244914269,0,0,0
52.23244500816114,3,616,0.15562919254092278,0.42629489949066746,0,0,0
54.35721289399676,3,1584,0.8613984982226436,0.5050263353011951,0,0,0
19.68992729933754,2,2128,0.06697539377463735,0.19042699627025161,0,0,0
227.29699061926772,4,1051,0.4743568553024238,0.43918072853526013,0,0,0
61.1908350580472,0,1257,0.08444423674337709,0.7672041198280592,0,0,0
107.9964380774361,3,254,0.14987022157297913,0.5224844681564998,0,0,0
31.945715491008595,2,1389,0.7749201817031999,0.9734420083574875,0,0,0
139.2049948382807,1,1412,0.018631036918624555,0.11492854989290002,0,0,0
42.01634721092482,6,2421,0.5553638828304296,0.5077406598380989,0,0,0
78.12352893897572,3,347,0.09830190211505296,0.5321118575781534,0,0,0
216.550988245177,2,1161,0.8112614791797332,0.14882257338910698,1,0,0
198.4940871909644,2,344,0.8081669925197914,0.797067874644079,1,0,1
88.05573158476099,1,2106,0.7027902511148801,0.8181438462172721,0,0,0
15.361570480134123,2,220,0.7559383840777869,0.8973896672374794,0,0,0
1795.0902353711879,3,1042,0.5907770200361895,0.9370385470093316,0,0,0
515.8721535129793,3,2476,0.4854911386289388,0.7474333879905912,0,0,0
185.42951279240242,4,842,0.41014334397992347,0.8417418472388581,0,0,0
42.385071730258666,2,1201,0.6613166826783248,0.07299223482932315,0,1,0
80.35126521026224,1,1580,0.3827990754405495,0.38381957825448654,0,0,0
52.27820585790525,0,1518,0.002792078239472806,0.284983908631844,0,0,0
318.5743669914813,4,486,0.10074954116789092,0.7938623462255405,0,0,0
117.03849418942828,3,1739,0.651815448133233,0.30854822473497356,0,1,0
41.092932235444906,2,974,0.3649213115840787,0.5010496494600759,1,0,0
56.218444717523155,1,1958,0.9895520249189037,0.4237817754705594,1,0,0
276.217373966879,2,705,0.35391973460447335,0.7585091410318474,1,0,0
445.90139798209594,4,849,0.1084243541059845,0.5767528522927111,0,1,0
415.0220135348818,1,1009,0.3283817578207504,0.3946763136533108,1,0,0
191.91106566456926,6,640,0.6868491307018907,0.1310280065556244,0,0,0
69.92163613666041,2,814,0.5282760765912982,0.16329748850164838,0,0,0
3.5200886525306307,6,1761,0.6102956415892016,0.7215041801609283,0,0,0
121.1658203813729,5,2306,0.1112370118201772,0.03351111645924487,1,0,0
89.8526621086171,6,2452,0.8269814853852315,0.43851642844885397,0,0,0
103.54249377515129,2,1248,0.9023871818631569,0.7299220311086897,0,0,0
95.00194328597857,5,771,0.14534998712562397,0.3648181493523539,0,0,0
23.896639397100753,4,261,0.6261366668304009,0.6506667368651153,0,0,0
157.18265815839646,3,1795,0.22976508554540742,0.7689665350821125,0,0,0
169.3921284721632,1,771,0.1822732812440142,0.8800529413983015,0,0,0
178.098858696833,1,2374,0.20456805239969655,0.22437439566132056,0,0,0
231.96279758556162,2,228,0.5213200875201734,0.704252435842969,0,0,0
164.68781392529644,2,8,0.8859001871594172,0.558771169861634,0,0,0
59.738134687834204,3,614,0.8186043342096321,0.4590560248669734,0,0,0
83.861208459928,4,2256,0.14338341503964092,0.4185038698756245,1,0,0
98.60528565824535,2,1069,0.5099198163884935,0.872841978403841,0,0,0
100.25324644028834,1,522,0.15088463545282393,0.1792556191827691,0,0,0
244.25619549175272,3,2390,0.43804849324390394,0.7784277474218072,0,0,0
171.34323261430671,1,2280,0.5625258568405042,0.07653444657815389,0,1,0
718.6277132647141,5,1769,0.811579021451985,0.5478336371776191,0,0,0
817.6782974806864,2,1503,0.8613041999281386,0.15997110177489593,0,1,0
97.48022945424256,2,1988,0.027699935083892457,0.45951287708425814,1,1,0
1.9412739863494124,2,1963,0.6892153945278895,0.4824159063442549,0,0,0
310.0806627734104,1,1367,0.4101590374360542,0.7320577738315974,0,1,0
52.437587926514446,4,2217,0.49495379269664275,0.20899594611372818,0,0,0
40.387328233069944,3,2316,0.2218429440539329,0.2950017112100727,1,0,0
60.434173115808775,4,749,0.03426965294435036,0.5009606039397657,0,0,0
57.59046139374001,7,1288,0.8353902175688411,0.7564703305199962,1,0,1
166.04682221243982,2,892,0.23062802458607057,0.5444756873975116,0,0,0
18.926522039040258,6,600,0.8802975250404185,0.7940419335467789,0,0,0
30.63916995329859,3,2390,0.06970206314723737,0.6546603339824878,0,0,0
126.86944355509797,2,107,0.4084326218661497,0.9191484493824291,0,0,0
167.82873592484555,1,159,0.7423458159434863,0.6687717075702007,0,0,0
170.9791543927894,5,2120,0.25674756493686113,0.3464193074835765,0,0,0
40.9750654140504,2,227,0.967413440494189,0.10078916747915656,0,0,0
33.843073352848435,4,607,0.6374963070660074,0.7043134825056291,0,0,0
54.23709946229331,4,1960,0.21739231663185,0.9825329123613393,0,0,0
114.41964111586451,4,102,0.7936120012485143,0.48761782121888764,0,1,0
397.61228383902653,2,1380,0.9845679540338543,0.13510569421190932,0,0,0
11.618083587847897,1,1151,0.24909353656517896,0.3203298896805886,0,0,0
72.18781346230412,4,1418,0.8225048838053906,0.4103035685253815,0,0,0
23.74380273542588,2,260,0.9772641852397397,0.137398557053385,0,0,0
17.24905436658813,7,277,0.22073081540264727,0.33209362347302374,0,0,0
236.73861574243335,4,810,0.23452958622282527,0.7988205986662374,1,0,0
155.18602746863982,3,596,0.717113478835039,0.31710789290993113,0,1,0
141.09501320331103,6,465,0.9506590953757689,0.9986442071018723,0,0,0
226.11095717257496,4,2182,0.6952755225538657,0.2908789127192186,0,1,0
55.71676578870317,3,1547,0.5046137580308219,0.0991847996024171,0,1,0
58.40272114319949,5,1746,0.10522947677652672,0.7882121614380239,1,0,0
800.8956121956237,2,2121,0.9243752038881605,0.12104379793086784,0,1,0
70.34621261131825,5,171,0.06910078864715508,0.047609967515893525,1,1,0
187.75390944815078,2,247,0.2115367930479658,0.3960869287693305,0,0,0
90.59341614827699,2,354,0.45074773174220395,0.9016350491745615,0,0,0
14.178708953010183,1,2089,0.5006221810428604,0.5704680950711963,1,0,0
11.650755133050968,4,2160,0.05517851615045144,0.9177899724441332,1,0,0
50.451666555516816,4,1905,0.08229809748037487,0.8734309428128307,0,1,0
258.8118245945165,3,461,0.1251253784299855,0.0759562993716647,0,0,0
198.00487599644845,2,2114,0.039696209486937195,0.05574046634463048,1,0,0
224.54523166183253,4,1393,0.9774465840853419,0.29781636401045575,0,0,0
33.54721404470084,2,461,0.23794918863197445,0.8831187625258952,0,1,0
452.9911052689197,2,546,0.879521303322546,0.5049874831423921,0,0,0
34.29867418113555,1,1498,0.7843362426896482,0.9579264907507249,0,0,0
111.36625883993682,1,710,0.7058849264886552,0.29859060855931285,1,0,0
89.09005482241348,0,2005,0.6579159598501938,0.4463671171354213,0,0,0
75.65066114236083,2,44,0.49861837295720424,0.025911262738658958,0,0,0
343.2956874347995,5,1789,0.5638289393437836,0.8736947105952192,0,0,0
44.47332093509388,4,1359,0.8906583726078688,0.15996793024271427,0,0,0
23.345278177529792,1,1372,0.7775249508900041,0.9865204401769921,1,0,1
91.83518345215965,1,1832,0.23082747390797964,0.3044865134147924,0,0,0
60.350743406134136,4,1286,0.10423078781169981,0.9452565745285438,0,0,0
2636.962377475705,3,75,0.29373506759927426,0.6703173315494197,0,0,0
177.06333199194813,5,1550,0.13252662002939752,0.5749049315521572,0,0,0
59.77929866070551,3,1915,0.9544628249550244,0.12023831264609175,0,0,0
31.308462575057273,4,468,0.3827332915684415,0.10413414544562793,0,0,0
13.73176262844442,3,5,0.1732285504761284,0.26589112815607785,0,0,0
32.29075331809628,1,2349,0.6223679579108105,0.35751584174096884,1,1,0
100.98194836007413,2,1211,0.39823059302122343,0.6169575945523548,0,0,0
375.15101500835044,2,1225,0.217962583060352,0.16783193857209322,0,0,0
276.35579349215215,5,1514,0.057671379519897314,0.6925426678108889,0,0,0
113.19305719022773,4,949,0.0924678267859228,0.05609169661000035,0,1,0
65.15912364062207,1,2299,0.5633176467844675,0.8651171817496778,0,0,0
117.77927905854554,4,667,0.7503461310145504,0.8770914359390812,0,1,1
53.58997422368057,2,69,0.9257848258612739,0.8961507534030413,0,0,0
501.88147978149806,10,1273,0.5854340258275716,0.4245879680921013,0,0,0
74.5007966580452,2,232,0.6527139772851877,0.13021871679690833,0,0,0
82.57129828506407,2,1647,0.24198606594901528,0.5096094004204619,0,0,0
9.817608655873867,0,2377,0.2743631579252386,0.7584187631506903,0,1,0
74.03701371397959,2,1903,0.41756430784905063,0.2689981679937292,1,0,0
207.78089560075077,3,793,0.8687349783115534,0.6670200439423504,0,0,0
30.947042058921387,6,1160,0.4353496244505042,0.01878067925690763,0,0,0
42.49046362708544,2,1614,0.23963451107218625,0.8126634842204878,0,0,0
198.8818674862528,8,767,0.9194976037629649,0.21767652518303293,0,0,0
20.559904106224465,1,1696,0.41143562706738734,0.9123926430424434,1,1,0
259.2521156007012,4,1085,0.07951029041740931,0.5424439883174771,0,0,0
52.8710595031862,3,87,0.5454750839344751,0.37546247561504287,0,0,0
61.03404233095083,0,2028,0.6264356303519034,0.7372640438731218,0,1,0
29.257079976716472,1,1183,0.9553840720610178,0.3130342235443059,1,0,0
131.37374290895656,3,2447,0.8065986715832116,0.7150871388174654,1,1,1
1053.4986850064622,2,1606,0.10111312884502688,0.3125540165452203,0,0,0
196.66410829167268,2,1424,0.511925021338559,0.8472941342887195,0,0,0
37.92895247732897,0,2412,0.4341138375585586,0.9811028812765892,0,0,0
280.232771751434,2,81,0.3934436443055662,0.6577855931038158,0,0,0
65.58325826907675,0,2141,0.13981318146007682,0.5380430103945839,0,0,0
355.84134856690775,3,72,0.37533764654338597,0.45989346046921276,0,0,0
201.67881398082528,4,1081,0.47008972852896236,0.9291885193373636,0,0,0
4.743894555490876,2,1547,0.2188732041709197,0.437747555872659,0,1,0
32.98062827213212,4,1682,0.5758557393785333,0.8100926062351304,1,0,0
231.4549427504115,4,1453,0.22128163302214487,0.0038699232625177826,0,0,0
104.75845506386887,4,720,0.12131825492796633,0.8924347003813187,0,0,0
32.33803372772783,2,1627,0.9839851901534401,0.3867444254082445,0,0,0
47.77060463369966,3,2446,0.6884010044646851,0.27850530830551146,0,0,0
13.380031111353157,0,2253,0.5947981001882516,0.15087732126117592,0,0,0
82.40340117618608,4,97,0.32750380956640024,0.07151549120076273,0,0,0
821.1368035950549,2,1484,0.20834006069629551,0.8822169342231337,0,0,0
201.32759168361702,4,265,0.13149604927723757,0.3316994058830717,0,0,0
804.6577254205175,1,269,0.06262394672968807,0.9724570977925974,0,0,0
217.5431213133474,4,941,0.6997126374654257,0.42094180858223584,0,0,0
251.50914315013696,3,264,0.27620254812693756,0.9477535788961388,1,1,0
648.1218298736266,3,1633,0.3181253532536953,0.6582980589984118,1,0,0
131.27091738713307,4,7,0.16099033929351803,0.154022050727044,0,0,0
74.64717488747551,1,399,0.11716387629690306,0.30597770432645177,0,0,0
252.8148788173428,3,184,0.49499481996979,0.9409632670649392,0,0,0
385.2298761911783,5,2488,0.727514747338067,0.4291376235611488,1,1,0
55.70307530164207,3,1553,0.9909323978801912,0.056129523648017154,0,0,0
43.74734466804889,3,93,0.33949735105135836,0.3402913936502294,1,1,0
103.42596393411809,4,1614,0.6638386861908733,0.8762428335270426,1,0,0
206.74762921710325,2,2409,0.11606609814341817,0.9975600426434679,0,0,0
199.95474154429712,4,111,0.5556765184438347,0.02964841894913317,0,0,0
21.66791077172263,7,1366,0.5180824364852781,0.47103392034905955,0,0,0
608.8707835166313,2,308,0.032057778779904345,0.24597352256724248,0,1,0
47.41008977988631,3,417,0.48298643916040573,0.9815733140204397,0,0,0
69.0571900851561,2,77,0.4954334247782609,0.38400286192186284,0,0,0
36.50121836930043,2,607,0.3720192164522701,0.9336290878100019,0,0,0
1337.1942251687074,2,1070,0.5735465287260234,0.6106185292293708,0,1,0
114.67140267928222,2,1350,0.04556551297590872,0.891826015260855,0,0,0
38.43716843001101,2,2263,0.8444463460761791,0.9491177138956006,0,0,0
213.56122291863457,4,441,0.5205125173111691,0.1048726858584419,0,0,0
194.24801672972166,2,788,0.032149408932829915,0.2017374009720002,0,0,0
74.60988285766865,0,580,0.9837680344392414,0.26534828259611964,0,0,0
208.63925600049527,1,1324,0.3817525879255208,0.5351791597330053,0,0,0
39.43714107572836,2,1310,0.9867277804754057,0.24120152530312577,0,1,0
54.986171428745614,7,1823,0.18033215738089092,0.9337739406779398,0,0,0
12.058663272953568,3,639,0.029972176782311344,0.18079385394855507,0,0,0
23.951930254348543,1,1769,0.7133838412162969,0.17101947419624786,0,0,0
548.7433279436776,3,1718,0.9454253124643599,0.1516286522655257,0,0,0
464.71700444221136,4,526,0.07759181950651639,0.4359912334261157,0,0,0
96.13838353323736,5,1638,0.7355263061867988,0.04522959663412329,0,0,0
474.81794039784523,3,2199,0.06920558071418814,0.6800689722753611,0,0,0
76.7018258666501,3,1861,0.7939077166815628,0.24869705841769318,1,0,0
70.56891128403193,2,891,0.5812651618656905,0.9334719095130809,0,0,0
95.25053668370751,0,1202,0.7818233470541203,0.17975787359683204,0,0,0
79.44606825135384,1,1991,0.3714833221847196,0.07885217062942096,0,0,0
72.58829452837048,3,1569,0.9053843554436383,0.40244482565232076,0,0,0
282.42078583712885,2,9,0.3026617225857795,0.24526227205753215,0,0,0
104.59917390649697,4,1375,0.2832035316611671,0.8690934414428715,0,0,0
183.54901883443836,0,203,0.9606343001972193,0.5203557860826957,0,1,0
252.4922424510539,4,2311,0.12281621891286254,0.476720114292141,0,0,0
132.7125877648015,4,1173,0.5925570027460345,0.7782532081609689,1,0,0
34.11471015419981,3,1116,0.5740064608606645,0.6526387443949316,1,0,0
23.269281752790242,4,565,0.23673797545222108,0.009622296710474654,0,0,0
104.45753600560015,3,527,0.3170797369710615,0.6854480653944199,0,0,0
75.84893730195729,0,1480,0.2865882916826423,0.7123974074961079,1,0,0
98.23783525842212,1,1615,0.8460675178792445,0.1743515758128984,0,0,0
88.58353106904624,3,980,0.38955309636706326,0.7093816876915313,0,0,0
1192.221509128146,5,662,0.3587012827986117,0.9938512919031721,0,0,0
23.802098388112796,4,2026,0.6367207958839428,0.29405550266631963,0,1,0
12.305591224365678,3,1457,0.49550671951734226,0.03857202331057297,0,0,0
125.50892022294371,3,548,0.42597333198424214,0.8504183252350728,0,0,0
61.77986148453744,1,94,0.7094204845118538,0.2049168195237009,0,0,0
123.47860099137854,3,865,0.4126192924674348,0.7784120312796028,0,1,0
161.39955880533492,3,166,0.22215819127937986,0.4070602331450187,0,0,0
325.09085437286785,4,1064,0.7418464276876326,0.9038368276278195,0,0,0
19.94092553822174,5,1088,0.06781410035810043,0.9419775063723054,0,0,0
51.58763965086019,4,1476,0.9996766487606632,0.39606981331327595,0,0,0
138.20820207440633,2,1806,0.5966310122368929,0.9808760520856256,0,0,0
194.5061137423722,2,1666,0.21630230123152427,0.02777357304408201,0,0,0
807.101593183122,2,1775,0.1981812834256408,0.5690114399475386,0,0,0
234.08960539881966,3,2430,0.27371581782367893,0.7387781554897936,0,1,0
85.04762588550754,7,2495,0.8792719114171426,0.42777328067335274,0,1,0
36.949948257588794,5,275,0.8266885097964611,0.658728629173231,0,0,0
51.198495522163014,4,2173,0.14452813339966952,0.30740616030543566,1,0,0
49.764266038589774,0,521,0.6000406476517073,0.07741039509371805,0,0,0
173.33629833046788,0,1313,0.9109029355098944,0.8349100034951585,0,0,0
116.39591562924072,6,1151,0.7331343684792092,0.29636086862240374,0,0,0
23.95915317058261,6,2264,0.5874574385444131,0.19564712856537747,1,0,0
58.212408175737316,2,1130,0.20863029364848784,0.1998786654652276,0,0,0
216.4906920010171,2,1580,0.9435283877906846,0.822560413246096,0,0,0
127.9529163167538,2,2105,0.8918041438129898,0.0657369845114214,1,0,0
158.9587311496576,3,614,0.32122493232390215,0.4978949193868317,0,0,0
132.01581289323212,0,172,0.49768499308009806,0.1943024929361531,1,0,0
457.7992341426224,0,1988,0.08184064880063435,0.6517705935531974,0,0,0
113.98228753516322,2,6,0.6314555367674959,0.7990067244673912,1,0,1
61.18959765595322,6,1058,0.054379267126491104,0.5616503728280426,0,1,0
36.02614622496987,4,539,0.9060167510330562,0.6148742896983356,0,1,0
115.53915284725636,2,1632,0.8803926872866012,0.6234612807477269,0,1,0
7.840448075566611,1,1279,0.2814530323449812,0.5730057927438139,0,1,0
74.86683470741353,4,556,0.7420488660294531,0.21907309903870087,0,0,0
73.27065151290662,5,605,0.43935734434257145,0.6535102478538679,0,0,0
23.000803414463835,1,247,0.8453616156635619,0.7742265945965173,0,0,0
35.57823809022872,3,317,0.06146980351857689,0.8241216919100901,0,0,0
202.28094140045755,2,1275,0.5057071774013963,0.07937305198040678,0,0,0
113.37622906418356,4,754,0.397387658174569,0.3977073153935735,1,0,0
99.66238597407754,5,1831,0.2603681612436558,0.369215578406095,0,1,0
122.28416210411227,5,2288,0.20928062808053838,0.9234610138072519,0,0,0
98.75357325120679,0,136,0.6765325632735276,0.6594603455604583,0,0,0
311.95612810004974,5,2275,0.20189781327829348,0.47277709418862734,0,0,0
101.84267103899313,1,459,0.6321961174159776,0.9596557010808849,1,0,0
20.942631920059064,1,1620,0.3897106269461865,0.16080169779436704,0,0,0
459.49587512316236,5,1110,0.24261222365329405,0.36154729479526915,0,0,0
130.36526839199846,2,1136,0.7837150145381253,0.6290597035829558,1,0,0
49.936203922886506,1,69,0.36389403803334464,0.5101091486160659,1,0,0
25.702757495880803,3,1386,0.014948034572959346,0.5905842774250799,0,0,0
133.74222068182652,1,2018,0.8511452214081388,0.7616620571619065,1,0,1
80.06413452213889,4,286,0.31452776928406245,0.6960894862052144,1,0,0
434.4786410815573,3,1467,0.8223123322887201,0.6571199712278516,0,0,0
63.69414985394928,0,2199,0.5463337507313224,0.7153325407866165,0,0,0
38.96326231750055,2,1508,0.8813264775996197,0.781532134137408,1,0,1
220.47762553372283,3,441,0.4180678336226289,0.21049375885822885,0,0,0
227.07534818084832,1,921,0.16947549184997956,0.6881807456913931,1,0,0
106.5539433889065,3,1200,0.01800699032968922,0.6644826379505454,0,0,0
177.03669857684423,6,1734,0.7785306427411441,0.7050116703665541,0,1,0
86.687775769215,2,1578,0.7792779569746804,0.24443248664073347,1,0,0
113.73430849391883,2,741,0.19562080814645977,0.2812414378612187,0,0,0
288.5853499461395,2,713,0.9554573274043968,0.7709135419654967,0,0,0
168.22768572466813,3,1855,0.9490902137239239,0.37799807420489007,0,1,0
75.99940882725859,4,2423,0.36550003162743416,0.9230228261712865,1,0,0
348.05570747910537,8,2479,0.1475890414729747,0.11370825069361368,0,0,0
8.458269714342302,6,1375,0.2838995865147381,0.17247966327472897,1,0,0
700.6954286799564,6,1171,0.9293085461269669,0.18534918164786174,0,0,0
16.346942962804153,2,1629,0.6094368958581524,0.28547298956207734,0,1,0
48.08196579102156,6,2250,0.9143822979350833,0.9006334398029657,0,1,1
86.40819015732343,3,1828,0.02281801319719523,0.3766087387162539,0,0,0
77.75161552280527,5,1943,0.9909138528027812,0.4614213168752884,1,0,0
246.26570139424015,3,2461,0.6279947710595946,0.42278566481511837,0,1,0
31.254500486768844,1,220,0.1857306087891245,0.8068646761740613,0,0,0
116.8354830486513,2,1799,0.5067756049618678,0.37630654219425475,1,1,0
50.49063642588774,4,617,0.8200965357628375,0.8324980358247812,0,0,0
120.9214280042431,4,251,0.14108690413011205,0.48195079344690417,1,1,0
84.37133744591512,1,1986,0.6085922646805649,0.2433149369403339,0,0,0
98.7840004310172,5,715,0.693558708492226,0.43079566610907505,0,0,0
51.93927083509491,0,2486,0.4128228697643048,0.39668208498157653,0,0,0
54.05143265848756,1,518,0.5416010191661016,0.24162027385694096,0,1,0
119.97369543290976,1,1982,0.8373414880900107,0.12241903394739695,1,0,0
231.29998531676438,6,876,0.9517595202748753,0.8413240330396853,0,0,0
49.48752738490066,3,707,0.5541895097306581,0.5155955270974417,0,1,0
37.75932463633583,0,1010,0.7026234668963535,0.2428052316677558,0,0,0
166.24459465796372,5,2296,0.32280613255225143,0.42613274779513066,0,0,0
87.13826473336559,1,1389,0.33405766562055694,0.6058635496386334,0,0,0
206.54083354397795,3,1342,0.8884046462872108,0.7197384268660613,0,0,0
36.38668047383827,1,781,0.09865774668530913,0.6201243776976946,0,0,0
15.188841927694854,3,1583,0.20548776468380714,0.23397651244195616,0,1,0
52.82559981392973,5,188,0.26989407236436824,0.1103995401526795,0,0,0
41.83140573251896,4,271,0.09435630581313825,0.07375866929512231,1,0,0
83.19702582725964,3,1282,0.6676168021938467,0.10802284050473632,1,0,0
47.61533083415,5,626,0.9062728749031261,0.34576205877824007,0,1,0
188.8620683119037,3,1830,0.026994964762176887,0.35496016961627375,0,0,0
67.48124703515533,3,1266,0.2522943129234685,0.9782044839776283,0,0,0
104.6346228000084,3,2142,0.9206120198270542,0.02260587599211561,0,0,0
105.38650147841811,5,988,0.46563107885127664,0.6322786764574844,0,0,0
109.39389591551729,2,295,0.8856302324200257,0.5111662761253446,0,0,0
87.8710931128745,1,762,0.9440391140831172,0.14567926339154724,0,0,0
149.99480953691383,3,1428,0.990936319158824,0.9486866258703559,1,0,1
40.62342481746296,2,2467,0.39571546507859123,0.8110184799986606,0,0,0
364.82505111201294,2,2464,0.3429756041674359,0.22085365097509113,1,0,0
71.05559626676155,6,1587,0.7486383302193479,0.291944079111907,0,0,0
24.25083044862644,3,2163,0.5945592594212629,0.20006274406782532,1,0,0
108.64366048889232,4,859,0.659203678648259,0.3084334322219051,1,0,0
38.42927417851288,1,1530,0.5323628176399927,0.22792304366632732,0,0,0
175.09602443764106,4,180,0.5141414938052298,0.25783989655786166,0,0,0
820.24705055131,1,611,0.3149679297010384,0.5165938841900091,1,0,0
40.99408993725394,0,325,0.5956003736465628,0.3375320039336698,0,0,0
125.50835539697007,7,190,0.26821511662885245,0.48983796981455263,0,0,0
15.55674662816618,2,961,0.3556588253305265,0.03066941961759695,0,0,0
141.72736246645084,2,1313,0.6305944827087215,0.7414869914133807,1,0,0
37.124836764609064,5,1282,0.636625803396266,0.9282788116157457,0,0,0
48.190667480133385,0,236,0.5771169903311585,0.9964502305410143,1,0,0
29.925576322629936,2,1418,0.6747292606714475,0.2005914662736974,0,1,0
187.1950695934337,2,741,0.41191342039060586,0.38402295101033346,0,0,0
246.48579313308022,2,460,0.594352639062861,0.9736620272159491,0,0,0
92.14700798808234,3,471,0.09528603506771482,0.21212410973042817,0,0,0
37.92358805690467,3,2002,0.4837243826914145,0.5394608148515793,0,0,0
441.21091927237467,5,829,0.5860443215887345,0.7992802865859597,0,0,0
42.50364649981223,7,251,0.422206251960353,0.028495097371966982,0,0,0
10.360160200417688,2,1190,0.01696496710025419,0.10508830697571547,0,1,0
142.36426364834065,5,1693,0.7010014428045324,0.19655978678155184,1,0,0
29.821372259166186,4,1230,0.45548968773806175,0.4555590412468753,0,0,0
241.9204113872468,5,1145,0.15569355517293226,0.015209370931765331,1,0,0
61.48924634389899,3,683,0.9725176502564616,0.4312668580391855,0,1,0
164.6320922769119,0,1658,0.9424138907814367,0.16151423301034795,0,0,0
365.5855616341321,1,279,0.15868638260210677,0.8497384732413461,0,0,0
26.873512481201008,7,1001,0.7072068290006478,0.48633937903058944,0,0,0
51.114226784061096,0,1510,0.5175152249448597,0.07120933276264563,0,0,0
83.45678286091083,1,1532,0.2892967534839993,0.4628371911719502,0,1,0
418.86610862505506,4,1243,0.6843719143870324,0.4802475007164072,1,0,0
46.600780133772744,4,83,0.4478259532136454,0.29969313326659563,0,0,0
49.67472756382842,1,877,0.8985068583831982,0.36776663983437585,1,0,0
145.20413436243322,1,876,0.7036330762948442,0.9705702265799432,0,0,0
50.54031195048964,2,1300,0.5075858014705873,0.24721065745120208,0,0,0
104.84948891513034,2,222,0.4518842438751203,0.6765863723560108,0,1,0
19.076602402806767,7,1565,0.031575713190969856,0.6610517322471432,0,1,0
824.1313664916928,3,648,0.16085472595914907,0.422337488326499,0,1,0
23.389583406630525,2,2446,0.04507655427405566,0.9321450206112055,0,0,0
65.25138656463808,0,1190,0.06342959732604414,0.7695446506684922,0,0,0
87.14025649423213,3,2179,0.0670922986840572,0.0210493110207588,1,0,0
609.5299792601837,0,1795,0.014082334085325776,0.4856195433344541,0,0,0
23.930510124764364,2,1335,0.7913463564569639,0.11398892336860189,0,1,0
654.3904132346984,2,2254,0.47857163750394116,0.2868934455313862,0,0,0
191.93884796279036,2,1020,0.7491476724042397,0.23870604888566327,0,0,0
136.60524243793824,2,1324,0.16772440700948854,0.7555485244305615,1,0,0
33.62824413038021,3,2217,0.8412142931023507,0.24912499829036605,0,0,0
159.35608747346657,6,155,0.0941071894101464,0.9928252009811456,0,0,0
43.663537758497924,3,1116,0.32206317575427246,0.1283042189011877,1,0,0
319.4693228850143,1,1180,0.37070315536378096,0.41164155924170676,1,1,0
34.08774620537623,1,5,0.23573098003000426,0.48939053488295514,0,0,0
80.38611847896325,3,1575,0.13730366296183716,0.4327994757274337,0,0,0
51.66222785036339,0,1108,0.6280848429382406,0.09332731609793199,0,0,0
33.531223099298344,5,879,0.008489248893897683,0.2257530058010978,0,0,0
188.9192767929535,3,1053,0.7916372315612232,0.520763626959886,0,1,0
153.77011807726532,4,1436,0.04232082798427361,0.7998210143021729,1,0,0
301.5724237913517,8,1419,0.9640473357624889,0.688399216278933,1,0,0
15.18221826099562,0,2261,0.8682790313314285,0.5444829561240419,0,0,0
260.9087429572407,2,221,0.41455903534597316,0.9775865773746771,0,0,0
1102.6249181609292,1,783,0.14270705733954203,0.7609705086973747,0,0,0
57.30333994830218,2,1176,0.8706360820000283,0.8665358623756121,0,0,0
598.932325205343,3,2083,0.6441482540293694,0.012716406645092215,0,0,0
69.18878118940897,2,2109,0.5047769198779956,0.21617503335342725,0,1,0
22.818925614161017,3,1300,0.31940742890051477,0.7198446451471031,0,0,0
66.31177993099463,8,826,0.5612828782173309,0.2783012300537384,0,0,0
256.7759635816835,1,959,0.41514400461625667,0.3539746289726434,0,0,0
38.93227186716278,1,1783,0.4653664814430891,0.5907364437627763,0,0,0
49.38572135385983,4,700,0.8454520921613855,0.5426619563235476,0,0,0
162.96564835253793,2,2452,0.9524713006071438,0.22076010397235268,0,1,0
90.29301613538408,3,1622,0.9626849002528041,0.878686643622662,1,0,1
161.51902740736648,6,1624,0.9079341807915289,0.6277794037299381,0,0,0
114.18609625831219,4,448,0.80226251160971,0.6853808162780598,0,0,0
145.4198854570246,2,654,0.45365708862936915,0.8285254789830598,1,0,0
58.422367064580214,4,1188,0.08824354358462017,0.10244339245909306,1,0,0
113.49184022319075,3,141,0.630611558712985,0.4740365090878058,0,0,0
35.61001769868647,1,257,0.40202417564943016,0.08631195101905875,1,1,0
326.50119949362715,4,2418,0.6870549360298501,0.07336126297499412,0,0,0
47.737883363789166,2,1293,0.22078505668419202,0.7212294822436394,0,0,0
278.34114107322426,0,1187,0.7647299389891244,0.7897170362284898,0,0,0
71.26412456546018,3,1554,0.1706586918965629,0.05245185762094928,0,0,0
110.16717785591415,5,674,0.8085745690544489,0.8424674176666397,1,0,1
54.87376959084812,5,326,0.9117083341703583,0.2812987111383758,0,0,0
32.58996988628361,1,1082,0.9003088351095402,0.6549170631436202,0,0,0
15.724808310402224,5,283,0.34659920157348734,0.6856658197764691,0,0,0
31.33312489860352,3,1081,0.38981146580855563,0.6964140502975431,1,0,0
65.11084640524527,3,380,0.8381051849331377,0.5795163615829418,0,1,0
111.26104297634855,6,882,0.6921577590405017,0.1132396155710379,0,0,0
247.24489255521732,3,1728,0.5266793915616786,0.11170005397138139,0,0,0
57.6414853484382,4,591,0.9605773899415581,0.14095541822001512,0,0,0
37.264429380298864,3,663,0.5162640343192026,0.9209187872350599,0,0,0
21.269735930019213,3,827,0.24381720603344192,0.21043087596630528,1,0,0
145.48363672326258,1,1529,0.6799059338768052,0.15305573921626248,0,0,0
358.9540964709193,4,278,0.5122354236940914,0.9884635792921488,1,0,0
319.3636007510262,2,1458,0.20393276632600355,0.004378977331455203,0,0,0
183.08174519311558,3,2455,0.15243084313804944,0.7766806124530647,0,0,0
170.46727064453918,4,84,0.35506773070778275,0.8451875279712676,1,0,0
491.5795508571083,2,2484,0.9706404358250623,0.6621329283035181,0,0,0
125.47185386371108,2,1799,0.14576402259805277,0.9748603833447225,1,0,0
171.76541438197515,5,2193,0.4714245145580528,0.333399469124686,0,0,0
65.31463549168393,3,1927,0.32692727940517674,0.08796363739139013,0,0,0
23.05670529124682,5,745,0.9430204849195566,0.24069092339036713,0,1,0
45.429019618872026,3,151,0.3774927319458967,0.09917456064087948,0,1,0
89.19642510327887,5,549,0.22625588717000777,0.48703480378310726,0,0,0
95.6585779528438,5,2249,0.47821978332037063,0.964831868301553,0,0,0
617.8748042746985,2,1478,0.15368629043097115,0.5175709401120608,0,0,0
97.63901599551286,2,509,0.3794394532546185,0.3253673482217847,1,0,0
292.6108133614377,3,362,0.7324629551887646,0.9063028925252654,0,0,0
58.26040822298115,2,1216,0.5993413688681067,0.6133801465036218,0,1,0
65.91223696866399,3,530,0.01094552346633304,0.9299986034250869,0,0,0
23.831121744199404,2,163,0.49791747979096523,0.9651744097581769,0,0,0
42.8485577823837,3,2327,0.8131446471722005,0.9366502913585483,0,1,1
152.4720638448291,1,2399,0.5627996364791278,0.6921886241084282,0,0,0
90.70025607122642,3,212,0.47039912069752554,0.5018308173768706,1,0,0
231.12036141169895,4,1159,0.4150754565597362,0.2901698452194902,1,0,0
107.90529543907437,5,844,0.5366544214998632,0.9413398771449772,1,0,0
63.278541090270664,4,508,0.07397429154406321,0.5449978853713897,0,1,0
771.4692887267393,1,945,0.7996674711062443,0.995381254787087,1,0,1
81.94894499044955,0,1018,0.8565471754365767,0.9182920023410247,0,1,1
288.01166123205263,4,755,0.5923216576298682,0.37872645218838974,0,1,0
60.267367823110774,5,1721,0.9789956638451784,0.8753902392529692,1,1,1
183.02073993238284,3,708,0.555224781537281,0.5347471583099672,0,0,0
227.6969684410507,3,1932,0.027164735960724773,0.742620745766104,0,0,0
110.88481619225172,5,1410,0.4638541159484615,0.4809380826168518,0,0,0
8.54645927507768,3,459,0.3998834900325485,0.9893903011919795,0,0,0
91.6752518222863,4,824,0.1940929784961385,0.39887610397298956,0,0,0
308.1109815443823,2,1038,0.5344471479745777,0.09579424389017155,1,0,0
152.54823376573847,0,616,0.45478605539006756,0.8582276247279239,0,0,0
140.58873780796728,3,4,0.1711579622365812,0.7561372681152332,0,0,0
16.082682404559296,3,659,0.5061009888507981,0.12618257326105542,0,0,0
43.79610687611195,0,190,0.8344287285676157,0.5048145056093094,0,0,0
135.82368776214798,1,968,0.5092555407889644,0.6786314163846642,0,0,0
135.69141181145775,6,2176,0.2174218125799532,0.409810050928058,0,0,0
303.2831265068358,1,1613,0.6858886446704437,0.9086852765042012,1,0,0
77.87720138185611,3,78,0.8697990291038897,0.9431584878605236,0,0,0
135.0741769829255,3,434,0.34513149647279395,0.8684893356930948,0,1,0
91.50322722986964,5,626,0.0710663399776934,0.5307985500227799,0,0,0
33.550684429690435,5,212,0.914842637520631,0.45356019879039633,0,0,0
9.432948017120912,2,2241,0.6822193150224029,0.5850319152763085,0,0,0
138.51930360572837,3,1612,0.9914391551715818,0.5170550730361312,0,0,0
107.11973295337516,3,227,0.6945438466186822,0.09871731741487977,0,0,0
48.51266791198875,4,340,0.12421209758795981,0.7880641648436076,1,0,0
17.82901066943844,1,1868,0.4331446475243126,0.9410571444523782,0,0,0
168.97309725459968,2,679,0.0428631259387835,0.49063850052798375,1,1,0
68.99816608766768,7,2461,0.34149428902216017,0.06155167241861281,0,0,0
157.0987710282492,3,186,0.7852932662936039,0.32283576554664395,0,0,0
580.5921496566785,2,323,0.5556287206148324,0.12259439380126524,0,0,0
10.575807905319076,3,839,0.4589410087890218,0.9804078885878794,0,0,0
44.719032379267944,1,589,0.8478428908892891,0.13691343598079764,1,0,0
73.01204201750905,3,75,0.17710393080443332,0.08059738836938846,0,0,0
385.6098758862634,2,2388,0.5386235654920078,0.5219322651623904,0,0,0
17.524448810139987,2,2367,0.6473825473129939,0.06501671188694658,0,0,0
623.819476280043,1,2287,0.9257657683843933,0.6340418050220875,0,0,0
103.11613749983357,2,795,0.1636589266800993,0.8690543220485736,0,0,0
81.77727050144946,0,1897,0.7066870989711279,0.25039551291900297,1,0,0
73.84292756198046,5,1658,0.04582147377553403,0.9271559835662064,1,1,0
58.19136452211792,2,725,0.5672624295060782,0.646092171827752,0,0,0
256.7535715355708,4,978,0.6449885343658234,0.16251316439168262,1,0,0
30.922350695724074,3,897,0.8399228836718526,0.6444265880848138,1,0,0
127.15593674357497,4,242,0.3238320969973717,0.07277118063272703,0,0,0
61.30235956521877,4,76,0.696693409672053,0.34953220438325805,0,0,0
42.0082720089963,1,348,0.09269528334757571,0.01597308368688455,0,0,0
1195.0880882718611,3,1658,0.22255453549279103,0.4415697183895628,1,0,0
136.87262307439505,4,2190,0.7734927328855272,0.8320135943794096,1,1,1
166.21224311517622,3,910,0.8926529072926591,0.6973186664308535,0,0,0
280.8376601967956,1,1754,0.01624896365073103,0.19878388344225428,0,0,0
21.729049559563066,2,1872,0.16642751720285864,0.1826842723853146,0,0,0
519.2014245476872,3,1532,0.21016198046918189,0.7041921412931155,0,0,0
7.323166537356178,5,1880,0.5193883808592104,0.6662164890628907,0,0,0
41.73055481897834,3,774,0.15417831070358745,0.14223424754539582,0,0,0
56.88139592775825,4,113,0.9760638438022964,0.6720897671582553,0,0,0
161.05136719038376,6,350,0.3878621140656012,0.7807484123656759,0,0,0
112.02457491850267,4,765,0.1428176602200708,0.7663072330613596,0,0,0
76.18657448445171,4,791,0.7742336339153303,0.40559929408390083,0,0,0
88.94361728912583,2,1753,0.5618114559621122,0.8141433222382675,1,0,0
33.85128554989374,2,2265,0.914102420094161,0.389812321846867,0,0,0
20.141202760972785,1,1524,0.9355966215288076,0.6457128044500299,0,0,0
186.14233487634505,2,642,0.8558866483265033,0.7603150144504772,0,0,0
180.13491763426805,5,714,0.5643405831961841,0.7554775262202771,0,0,0
438.9977883595195,2,1717,0.22260074071993163,0.3469642906604019,1,0,0
40.853108062980304,3,411,0.4285821649240005,0.5708139558878785,0,0,0
179.9745064994281,4,108,0.482547177921399,0.6139422079983806,1,0,0
67.78176945092835,1,1928,0.9755242070204222,0.23484825302359125,1,0,0
296.0341991128375,1,2153,0.2526110695783139,0.008197302474626023,1,0,0
250.12549619202497,3,289,0.4347266585957984,0.09928433287320593,0,0,0
111.18654754953931,5,1451,0.5623439833426136,0.03458291620085352,0,0,0
64.10163325082067,2,1950,0.391135903946511,0.29864750860750167,0,1,0
235.3166793316069,3,2338,0.12062078516989261,0.325944780934472,0,0,0
171.89855791421732,7,1358,0.8904416891599486,0.865991310877541,0,0,0
45.40215622734209,3,1892,0.8012123287111118,0.12492940774332373,0,0,0
23.859950129092184,4,2068,0.2564956009137105,0.185091014036883,0,0,0
67.45543106765922,3,2366,0.4474765667694567,0.6200268752763867,0,0,0
409.69534206334725,0,2050,0.7352583253995255,0.46915125954364023,0,0,0
283.2945470647769,5,2264,0.9735705815902407,0.993258488401298,0,1,1
29.596985955846545,7,1624,0.16751190748866196,0.7619614564977771,1,0,0
28.00106609019149,2,253,0.6379863724504522,0.2703401096389466,1,0,0
322.0426047498253,3,2271,0.8175512898405988,0.7215368724811956,0,0,0
28.915104199206713,4,630,0.025903543158258824,0.22833822305560214,1,0,0
149.79913903579575,1,2116,0.8109866445398132,0.6815821367553296,0,0,0
48.61483759710221,6,2274,0.7899018217204414,0.036523460264539676,1,1,1
453.52251908639124,3,2387,0.9234823685721658,0.19959721699436528,1,1,1
41.661406674868516,4,1683,0.08442352425942468,0.10263117452961024,1,0,0
282.4104559368579,2,368,0.12428722367120748,0.42894737724347887,0,0,0
108.29496417286907,2,1516,0.5186834764842948,0.5533867143207711,1,0,0
115.83825379430422,6,1571,0.8716251692990321,0.2594303953186412,0,0,0
12.549632956406093,5,2031,0.8745105701084698,0.9785089337977408,0,0,0
9.945166425879123,5,359,0.7000637554962629,0.41058207368946353,0,0,0
72.19956780010156,3,1658,0.4487420227293315,0.5617717163898505,0,0,0
115.22722672275225,2,413,0.23113414501729423,0.4635258703320526,0,0,0
29.218502979108273,1,2447,0.47468035547352216,0.8631723722974867,0,1,0
30.304814355787634,2,544,0.21706427151463192,0.3707143269851232,0,1,0
157.82275978037023,3,1846,0.7730196921662296,0.9430905123987348,0,0,0
158.04099801215037,2,528,0.42150709740228187,0.8049654097033334,1,0,0
78.43411237996149,7,2297,0.539362104482676,0.07565442305140468,0,0,0
196.40949131151862,2,2232,0.6809334386008602,0.8832862269102079,1,0,0
27.821182869912697,3,53,0.526425973120304,0.18157296487890862,0,0,0
63.05863973455434,2,2130,0.7553078175836665,0.059549913446448666,0,0,0
467.7236386472982,2,1570,0.7860623815640089,0.22165064113920663,0,0,0
96.38225712339842,2,1109,0.24273441826400222,0.08520250134587726,0,0,0
102.13674110854699,3,1409,0.298140084353112,0.6221992134329339,1,0,0
903.202324056072,2,719,0.05932119389656054,0.4474938895752384,0,0,0
22.21255865597002,5,571,0.08919507918895042,0.4748331979517666,0,0,0
199.62295587181254,2,1049,0.8294760988410457,0.6165942842477838,1,0,0
475.31905810029707,3,1567,0.21399967741416193,0.4983841142400973,0,0,0
65.04908075521337,5,854,0.8346635276321236,0.9916013180106199,0,0,0
212.6464201003877,2,194,0.9858782302390365,0.6237269152179153,1,0,0
33.71626975112462,5,1751,0.24281172612437063,0.5862129374652552,0,0,0
45.29821394425839,4,1961,0.4603733057885254,0.41440620827805463,1,0,0
132.28602257221166,7,830,0.5370614111983945,0.44639012426732727,0,1,0
200.04986752840352,3,693,0.9428184864695786,0.9894950772289663,0,0,0
276.14787808785877,4,1880,0.17863016131073794,0.005490769901346448,0,0,0
432.52000815826017,2,1401,0.8359803024768019,0.15545484804128706,0,0,0
84.14600472084051,4,1575,0.9577822808512719,0.3430376859515991,0,1,0
296.964248213865,1,2153,0.554416572025059,0.904412709512329,1,1,0
63.92401782380282,4,1299,0.15239310124416705,0.9379297535476842,1,0,0
221.8699305156024,2,1473,0.33380454809362814,0.05760382999297897,0,0,0
110.7736353453291,2,2147,0.9590930923410571,0.14162375492839097,1,0,0
140.56610932058962,1,1552,0.16822318879029774,0.8822281491789205,1,0,0
137.48404500162064,5,584,0.48763275404219997,0.27228503870226584,0,0,0
18.088836683887624,3,199,0.18985954901607938,0.4010990670456639,0,0,0
29.249958098274828,3,1621,0.9041252665643061,0.0045914383247804835,0,0,0
99.73747059570607,2,697,0.5904359308906638,0.49145797457449736,0,0,0
16.655174024227318,2,436,0.9233472642030357,0.8653027161945982,0,0,0
206.68814330711118,1,1286,0.9461701408048887,0.3645945572905793,0,1,0
215.1974473128503,3,1468,0.48896862174549516,0.880918875163407,1,0,0
124.85718359523445,2,1846,0.93710257677581,0.34692451292527837,0,0,0
29.337483162184885,1,1535,0.0007082061003101936,0.6581673739755154,1,0,0
357.85895877377624,0,1491,0.19210603170292706,0.29363293779996713,1,0,0
690.3582320283813,1,175,0.7339984084733233,0.5147354753313249,1,0,0
104.27971201873424,2,2389,0.5264882142275313,0.8283118918649243,0,0,0
149.9850134019574,3,1022,0.9909519596802896,0.8484064993848132,0,0,0
110.1384989079518,1,170,0.7842829645734798,0.07652741004666685,0,0,0
152.98948430516222,3,740,0.6641251882196015,0.9292978945577641,1,0,0
79.87326918149084,4,701,0.9121686717829298,0.5218236939289861,0,0,0
86.95891451494329,7,2035,0.33720100667526953,0.21920947010995284,0,0,0
222.67595554043032,6,446,0.1675788632235946,0.8313222243123787,0,0,0
939.7596601648111,3,951,0.5470798600128336,0.6352210423348986,0,0,0
22.196370079980916,4,933,0.23847403833574965,0.5080015699138609,0,0,0
81.14092969273801,2,1551,0.23238577221136936,0.8117031952510345,1,0,0
27.64761630776257,5,298,0.3063007882465397,0.2038529081889181,0,0,0
442.316150305159,4,510,0.6751387342530955,0.5811613013502778,0,0,0
50.01195269103837,4,2207,0.023590125574539322,0.961809702367865,1,0,0
21.25940118439996,5,1798,0.8499884525352921,0.6370927040626135,0,1,0
170.4065408363847,6,787,0.6120467573636099,0.5988066358834829,0,0,0
515.0742756065433,2,1441,0.30445432815840856,0.029456251606079564,0,0,0
174.79220502712292,3,1370,0.11310453744050919,0.18264946509167534,0,1,0
110.47595299074881,1,693,0.7900245630904118,0.6121444985668664,1,0,0
135.52293971441114,3,1790,0.4364335966065379,0.7026639204453721,1,0,0
370.49526433239294,0,2174,0.4353059459734647,0.8998277835998855,0,0,0
37.554782363692574,3,1134,0.4702306511516512,0.8713351269979439,0,0,0
80.49160521262569,1,449,0.4139495053897383,0.3598507987571046,0,1,0
57.243256865610626,1,1166,0.5132949706271679,0.6898648644545327,0,0,0
27.998045179167516,4,634,0.6306523413140612,0.46391778522078186,1,0,0
64.82068339242267,6,2058,0.43101248183680196,0.4770360685461965,1,0,0
272.522477239038,4,1791,0.9728028836057144,0.9453463735310831,0,0,0
158.63439442474254,4,1019,0.3975968031019961,0.7327879988456069,0,0,0
171.45322692498218,2,1041,0.21443959156325587,0.968151424216616,0,0,0
104.2170362517333,1,715,0.9801058074424479,0.7748753512719287,0,0,0
151.9153993584977,6,1514,0.29611010428068163,0.7256294373031661,0,1,0
40.42343365007567,2,1551,0.6208087108929936,0.42758390853762807,0,1,0
66.05515759040571,1,918,0.8285998181607832,0.10647296503881543,0,0,0
109.07156615043085,0,824,0.003954748360347371,0.6303623483362414,1,0,0
118.80884522132538,6,1211,0.2828333063263698,0.46835123600149553,0,1,0
123.98838041973553,1,1639,0.5318184626330577,0.5905628755271105,0,0,0
78.38751897875133,3,1259,0.4558819300488335,0.2823483156047195,1,0,0
61.71806025572905,2,178,0.07279737003926567,0.19601409403699277,0,1,0
2117.0338974836495,1,2033,0.4470563675626874,0.26514291234114484,0,1,0
222.91427331026762,2,599,0.1059496965833917,0.6575651064660245,0,0,0
136.06700877203141,3,976,0.2498697154257744,0.9529832168505139,0,0,0
71.29252632454347,3,2365,0.7487880751283214,0.9919275028201169,1,0,0
57.32754209405758,2,2301,0.17857169195142697,0.8086547514922878,1,1,0
78.98037518863161,4,1216,0.6652802951042142,0.9575590855150483,0,1,0
120.64216421982604,0,3,0.9729302038309029,0.2838309998727653,1,0,1
13.729742374853174,1,1182,0.2469831786089297,0.003544922046161969,0,0,0
18.73906541855885,2,1210,0.2595472345180986,0.19405653446035986,0,0,0
47.61356078290822,3,1992,0.9530924343650131,0.634452056178898,0,0,0
110.7349421085057,2,1944,0.6651390222877211,0.8993181829933209,1,0,0
70.86147060195084,3,1927,0.7701039177103159,0.9149238797018151,1,0,1
394.69812258655537,4,51,0.7915135388139046,0.8306512786257481,1,0,1
20.442237232776517,1,2473,0.7298580624114432,0.7623579535668503,0,0,0
42.46390964718564,5,1399,0.9767975945530016,0.3041912130904614,0,0,0
411.6163560870137,6,120,0.27474539435546796,0.08774111887387104,0,0,0
102.62887487527588,4,618,0.5183694332566514,0.5251989439413992,0,0,0
218.07577252810347,5,1394,0.6640784285286373,0.33526376080826203,0,1,0
700.116635474186,1,2465,0.7072611332409692,0.12817000724564642,0,0,0
44.9789940590527,8,1803,0.1921549518581056,0.45828713260923815,0,0,0
81.50673559815147,4,164,0.8755073209881272,0.5255791532421646,1,1,1
68.55066446253852,3,1657,0.8147448789604788,0.7742566073369715,0,0,0
12.74841557833659,4,2182,0.2641685198951672,0.8081213531990633,0,0,0
65.99659806604038,3,635,0.5439662349149889,0.4685190251264536,1,0,0
217.25291621741192,4,1325,0.29470893579284074,0.9207359288987087,1,1,0
154.5611084075264,7,956,0.3658875430521883,0.788662187005358,0,0,0
167.1820217395246,3,2120,0.5335691811878452,0.43248678236520555,0,1,0
61.836327745669045,4,2407,0.5394832160415446,0.3502507046037696,0,0,0
46.70740717559194,6,549,0.532058840918006,0.31788192362890144,1,0,0
320.2992361762184,6,101,0.5442591012096749,0.4637148751210918,1,0,0
54.74482554531396,6,1648,0.6361306851741284,0.33030515440569774,0,0,0
120.79344717547016,3,2078,0.01570689284829696,0.46882755620157157,0,0,0
105.98893275373459,2,1936,0.13982239995175294,0.5772642505452521,0,0,0
388.2762288150697,3,719,0.4702772259635274,0.16601812958449214,0,0,0
237.79580843518997,4,1973,0.7083904977961817,0.7978939105644993,0,0,0
24.649124419059955,4,995,0.5092672591115674,0.11261810665797534,0,0,0
27.45221435095499,3,521,0.6289424024867766,0.40434410885323235,0,0,0
160.5988784628857,1,1301,0.970694381009293,0.16522019916960773,0,0,0
84.40801424647145,3,837,0.7300658042775452,0.30392852752091903,1,0,0
57.101376091423305,6,2297,0.9398666582952482,0.45828687365192167,1,1,1
248.54598631124702,5,512,0.01900549338441071,0.7487528692049806,0,0,0
108.57697648124544,2,2160,0.4471585685140499,0.6270869722971193,0,0,0
94.86524271937104,4,1042,0.35451564289829807,0.36072529848819823,0,0,0
196.3362284411639,0,1917,0.7055241900778433,0.5909452662069238,0,0,0
61.86106633946843,7,707,0.9294364304835748,0.2963224277589671,0,0,0
432.0403494869236,4,199,0.04028214665058727,0.8384777536059529,0,0,0
40.933646463153984,2,1140,0.057304881184486844,0.4831766481959806,0,1,0
173.63042851694522,0,544,0.6728355665953556,0.7167582631471346,0,0,0
377.59901989836914,2,2271,0.3460545170033086,0.3119532386043845,1,0,0
22.707709916677047,1,1486,0.20302085867024444,0.6773414025239509,0,0,0
63.85818875562446,3,88,0.9547143962323708,0.9267705681322416,1,1,1
282.0847035077038,5,1697,0.014038917167213172,0.10776556688012362,0,0,0
286.3585072673535,2,965,0.2739797036244047,0.5906008718551649,0,1,0
75.83078915925122,4,2376,0.33169552094466537,0.5009303902077218,0,1,0
43.17790501061472,3,1922,0.7827818393603094,0.5409795673222049,0,0,0
234.14388565092185,3,2151,0.5617410715006599,0.19460157879037232,1,0,0
293.9909846996461,7,998,0.32837348908935815,0.02709969517915567,1,0,0
28.087837444582345,4,298,0.1697534387865144,0.07127047724031244,0,0,0
27.00673693613826,3,675,0.21788071038117374,0.28418240459147837,1,1,0
112.75943797598228,2,887,0.038674193696136006,0.8543937007744,0,0,0
168.90908868852392,3,2237,0.8368644116532523,0.8068605583075232,0,0,0
66.74843923567722,2,2419,0.11718543413702631,0.995419810715393,1,0,0
177.5573792366736,1,828,0.8230465395992678,0.7405332803580342,0,0,0
44.250354962032766,4,2298,0.13917630682348703,0.3512220509903299,1,0,0
10.862390401564173,2,2274,0.9059078943739665,0.9182546707708527,0,0,0
58.91518855788297,3,2035,0.6785107957154913,0.7906691580696523,0,0,0
95.89291944881448,1,124,0.35203279991648384,0.6989466909336358,1,0,0
68.31709582110683,1,2014,0.3926939094575802,0.5361509120806365,0,1,0
28.25856892395342,2,2353,0.2845600900710503,0.7170318000134275,1,0,0
14.648691647267498,1,791,0.21129004099284698,0.9587705441313026,0,1,0
53.83432073387403,3,1860,0.9110681995511465,0.862279723298615,1,1,1
220.88799689042926,0,398,0.18442075067875785,0.19446292130042608,0,0,0
316.14388410865587,4,1302,0.1759484873517667,0.09762587127927014,0,0,0
295.2177985614078,6,2051,0.3602639120302641,0.016576371026978065,0,0,0
39.80889838652148,5,2044,0.984318668120664,0.7128181456740236,0,0,0
28.397288815569127,2,2379,0.46491722610141517,0.2789109305196702,0,0,0
147.91453118821715,4,10,0.35534699100159095,0.7182188149212329,1,1,0
169.88130912629123,0,579,0.9985505138136538,0.184152041381205,0,0,0
134.31255786153775,1,1586,0.7400418003878072,0.43673132031084405,0,0,0
12.012367280216413,2,197,0.9446253118392868,0.013602242546626009,0,0,0
37.83049090310554,5,442,0.2489230241814756,0.10864689286828533,0,0,0
87.383913504981,2,2063,0.7541963521167203,0.08143126881685459,1,0,0
146.528242966446,3,1146,0.8906460507441722,0.7905901720790862,0,0,0
193.8931749087385,5,1584,0.5293623668269726,0.9043984538224422,1,0,0
103.98571378794932,2,626,0.42388284262619724,0.17452894758270487,1,0,0
125.30914029628123,1,2054,0.2959573732004763,0.5245059064339221,0,0,0
97.99000251965387,1,2018,0.5672757698572044,0.15020615917056757,0,0,0
178.68408784037214,3,959,0.192140036599882,0.7792525980373801,0,0,0
123.0838279751693,3,1039,0.4318462691170498,0.8207584594250219,0,0,0
96.13348169646366,5,91,0.6825417040696257,0.7851635904232777,0,0,0
68.82941525393886,1,1783,0.6523560480431578,0.25149728873465116,0,0,0
97.6404080889632,2,1518,0.6998935605199735,0.3375741197757457,0,0,0
146.14384535586248,3,239,0.5865500602711182,0.20856719046388217,0,0,0
117.62191720589357,0,1952,0.00263035820306301,0.0033117221147774822,0,0,0
131.73949084336667,5,1241,0.026735430198572496,0.06461102774863703,1,0,0
344.7163349714739,2,185,0.5802601756485246,0.9863196257993518,1,1,0
117.35035210328356,5,195,0.9659619423317003,0.9132226694395004,0,0,0
47.040149396288825,2,16,0.194449475715037,0.07945037398784671,0,0,0
217.80644163813508,5,1674,0.7173828196869961,0.4612727791361181,1,1,0
22.961104193148895,4,2113,0.4332058767527812,0.9745713211488792,0,0,0
30.526239317689427,3,1139,0.139096026813046,0.05447713544859034,0,0,0
125.94524697869214,2,285,0.03327848493216157,0.6687541496098711,1,0,0
150.86670034844596,2,146,0.7133751483171755,0.10649162634235476,0,0,0
25.91828687452438,4,1716,0.14393625902016605,0.3479586831364192,0,0,0
61.38604437524287,3,1440,0.298429525462202,0.047076005891323214,0,0,0
49.102805309448534,5,1899,0.4013781947299284,0.5983861042951713,0,0,0
55.33046589209137,1,1494,0.7058730842727162,0.702463966396404,0,0,0
231.27275609192512,3,1899,0.38762162400012223,0.041444414564912324,0,0,0
182.45534598461217,1,2315,0.3862902938598882,0.5041434025650681,0,1,0
88.31216085429404,3,1637,0.7942338131591874,0.2990205477783541,0,0,0
52.1455096318392,4,1686,0.006981139293154692,0.7092380677945667,0,0,0
23.344241331506126,5,736,0.753856975022175,0.5102634106641212,0,0,0
372.4805936140011,7,1736,0.5216796014129154,0.01679958254278846,0,0,0
162.73350111053745,2,399,0.5416815466401577,0.26548805079137816,0,0,0
44.404059521668486,4,2339,0.3455570677680021,0.4874653053972413,0,0,0
184.86013232066503,0,80,0.09248687760740149,0.09633221457991892,1,0,0
83.91265021697777,3,372,0.09083348008084802,0.8856010140641248,0,0,0
67.55151521290298,1,1501,0.3408402407358574,0.8965666931781741,1,0,0
139.1025635476267,2,1186,0.720411867634402,0.11259915057373582,1,0,0
42.884126683523405,2,1529,0.8916464512709468,0.8833024967099377,0,0,0
63.83128818039387,3,1843,0.8122246545146238,0.5725375394116,0,1,0
101.64242980922741,1,1621,0.7979182850840076,0.8656329307915719,0,0,0
54.62812211002887,1,50,0.005733230906673548,0.6277773170159129,0,0,0
175.7539859808138,3,1438,0.19161667218728318,0.9169151363659293,1,0,0
583.5128674556637,1,2169,0.9450879082460147,0.4598322963957099,0,0,0
42.338712954953195,2,1008,0.8701663839189022,0.9981778945512619,0,0,0
17.0282665878581,4,458,0.12673063179794142,0.8575276594344563,0,1,0
12.161312815648202,1,2274,0.636166432903038,0.629351803854529,0,0,0
77.44220053042625,1,1599,0.4331267764788225,0.39200754367337776,0,0,0
46.37847310492783,3,2326,0.00768355588496894,0.6157464481535306,0,1,0
110.81481791508554,2,989,0.800152485802012,0.7289643904109899,1,1,1
102.78070820412609,1,1718,0.9431348469696379,0.3426801720707744,0,0,0
18.115775864653664,1,2052,0.9207779491670405,0.5409449787147729,0,0,0
14.659904330033063,1,1791,0.3842765564163988,0.8902029481558414,0,0,0
121.01726729661878,2,919,0.7878148829800978,0.9523420164210442,0,0,0
103.0721094183216,1,151,0.4979784858542746,0.6181500253814928,0,0,0
58.802360675043765,4,2054,0.9799889416109379,0.15001292335848482,0,0,0
17.164725155500168,1,1984,0.9632858756475242,0.7672787223251736,0,0,0
144.2274060712331,4,1766,0.7733530645477357,0.24765191068310777,0,1,0
321.14718729074093,5,2044,0.47133089266233175,0.06495789659062212,0,0,0
118.86429214542409,3,922,0.9019367660701189,0.3709567243697507,0,0,0
38.57198012720146,5,955,0.2239569533619733,0.26879403554340486,0,0,0
94.118268369062,1,85,0.21422090752902734,0.514783086318998,1,0,0
22.963038902330535,5,418,0.5582360020297106,0.0023396307278693573,0,0,0
259.29352310247174,3,154,0.8190462893888691,0.6796573698367713,0,0,0
97.69440932443769,3,706,0.06210215263279628,0.4416802865363453,1,0,0
15.36117294248112,4,1270,0.7846974094384411,0.25946566698398543,1,0,0
66.6413755769338,2,373,0.9493233660876306,0.2712026563108759,0,1,0
143.06534876346228,3,1095,0.5459979711260347,0.04230979518922895,0,0,0
64.51852417139644,2,904,0.2135571898133043,0.2226128802283085,1,1,0
68.3132864605905,4,2106,0.6316715746525096,0.11853231719386959,0,1,0
26.459037780172228,3,769,0.19682798332255869,0.43653139508518657,0,0,0
158.62469243389512,1,221,0.3904707008224968,0.49425208288565137,0,0,0
47.065055300545204,3,1183,0.6996303602528516,0.8235051676932993,1,1,0
10.418203607964175,4,1232,0.38135834718975214,0.5657307251620892,0,0,0
62.099791368580206,0,2286,0.484366468796002,0.5873306628390451,0,0,0
240.12262144918247,3,1754,0.5452528874564333,0.09727490652024129,1,0,0
61.13414532668563,2,394,0.3394226636694819,0.35062300811878433,0,0,0
511.8261338906213,3,1810,0.07632107059955795,0.7965142842818945,0,0,0
138.23677123414726,1,1278,0.5108975066781783,0.5842511396427396,0,0,0
126.31239479645008,1,997,0.48781291093735635,0.3753194326491138,0,0,0
79.1703400278879,4,2397,0.4264923256919003,0.4310350711526567,0,1,0
84.07538124814769,3,322,0.1844848301329577,0.11589265318232922,0,1,0
69.17063099015577,5,1204,0.05229796212420823,0.026237781980076536,0,1,0
66.53516520140492,2,777,0.8266385062714636,0.14422851626906674,0,0,0
153.06568792018615,3,1387,0.532316557892218,0.2967084590454585,0,0,0
35.31009040321904,2,126,0.9802912884972494,0.2831702172160895,1,0,0
30.695196338011762,1,1006,0.9778238232710452,0.7031461405695426,0,0,0
29.277079759357434,3,2422,0.5800744050261194,0.16045322280887986,0,0,0
696.2122339426206,1,1204,0.49012254208386563,0.7591731421166434,0,1,0
152.98546267323343,2,2047,0.18645027681436754,0.7090813027327836,0,0,0
122.05749469096824,3,77,0.37933571556718726,0.1514328090749586,0,1,0
31.26456444054262,3,290,0.7854309309406629,0.6606656204402702,1,1,1
167.89559043159022,2,2167,0.9632240151370134,0.32788419252188405,0,0,0
80.11224017285802,4,1611,0.5998279796048349,0.10632524895118978,0,0,0
111.51609621253887,1,1919,0.6168869215587321,0.6229457110264806,0,0,0
33.89880232568352,2,1201,0.9424572167813653,0.7930375403248723,0,0,0
105.6644870191689,4,218,0.1269417779905393,0.9624495449012048,1,0,0
58.91916747801193,1,725,0.6118405908474049,0.5501838055104252,0,0,0
41.862433223065004,3,905,0.5854275963934148,0.5664493517596645,0,0,0
187.56141450517822,4,1137,0.2050958480580024,0.46320657399924947,1,1,0
19.342257137646442,4,2368,0.7738161481132507,0.30859279255995553,0,0,0
158.3450106806304,3,2074,0.11920188452087732,0.14310161786729447,0,0,0
178.48171045855375,2,391,0.06324205588126608,0.3001882229089292,0,0,0
37.35087448092902,3,55,0.48613531080799044,0.33395381181882733,0,0,0
39.63337391150276,1,1851,0.29972117115227015,0.7362658409454048,1,0,0
72.02219379954876,0,1615,0.4361365821999228,0.1287174723253035,1,1,0
119.3471186485769,4,1464,0.11259010941879422,0.18677061508484705,1,0,0
77.25757801017832,2,1860,0.4524024054325425,0.9721160491700348,1,0,0
138.87336298337928,1,151,0.43960339418074046,0.0708979132266252,0,0,0
524.7802757141382,0,2006,0.9665484387169204,0.9293290305164031,1,0,1
54.178450159562324,1,463,0.722569099174266,0.14635766232329317,0,0,0
16.196902646479977,3,913,0.9204729627393683,0.536603679642494,0,0,0
205.59815977508222,4,1922,0.7812343097377806,0.3962229331114423,1,0,0
484.5955259730108,2,1352,0.7878419229812668,0.40014155221680137,0,1,0
133.32214775071625,2,1222,0.8657286531038824,0.701702908313234,0,1,0
30.33345790644941,1,935,0.2558916553151571,0.6559472695431026,0,0,0
79.52787878788526,6,1528,0.4267139398168712,0.9430409863111435,0,1,0
29.41416955191024,1,1244,0.8752093853633208,0.7183504111500151,0,1,0
171.20394282511037,2,511,0.06692028667373873,0.6070335949327573,0,1,0
23.305971080779358,3,773,0.0551255750051618,0.17587562463130124,0,0,0
66.67774327287367,6,404,0.6479496701010069,0.4766362444132286,0,0,0
32.97211399281261,2,2411,0.9095590201771816,0.49716984170563516,1,0,0
102.18906593768209,3,1118,0.794202239914408,0.638869633011133,0,0,0
62.40580643331291,1,475,0.7990137337535718,0.3660551773090499,0,0,0
107.42168852386104,1,1609,0.3599750063866374,0.14538086138696438,0,1,0
92.05171649879799,1,1691,0.591700410960189,0.8784735251137451,0,0,0
33.56020440373871,4,770,0.771487674338594,0.03241598172292248,1,0,0
168.4901116547758,9,228,0.7937401233726019,0.13495085300260756,1,0,1
85.73270272082112,5,2395,0.5805833338417411,0.45615470307932693,1,1,0
33.49750612848454,3,808,0.800381514854397,0.8887995332519651,0,0,0
846.3445584699933,2,2265,0.026940695571306073,0.10253202114133186,0,0,0
144.95598820379385,4,548,0.9425921765376211,0.7376499650137662,1,0,0
77.22625165719317,4,1421,0.8705772504779631,0.28652023093511825,0,0,0
370.63009870460337,1,1893,0.051947301787975575,0.07592663977528702,0,1,0
567.826326854767,4,724,0.4193261110319684,0.8949649026809419,0,0,0
77.83962168360246,2,2322,0.9194766322064342,0.9723941276908268,0,0,0
127.4083759713284,5,115,0.5127943859834928,0.13184461672383696,0,0,0
33.51513681478119,4,2251,0.09145083076147764,0.8960657177926278,0,0,0
77.69626985693597,3,1859,0.9665206779236165,0.6481020070462027,1,0,0
73.76891568810993,1,1149,0.3584926476463781,0.20147673747136163,0,1,0
108.29153989273074,1,2356,0.516247479649029,0.6715265503965643,0,0,0
125.55708034498461,5,1222,0.6319549593413417,0.8113434032338506,0,0,0
157.56348380440144,1,1743,0.8324365634792599,0.49380392633462344,1,0,0
114.1647586454551,5,895,0.8731214893717923,0.909334500284889,0,0,0
26.822936830556028,3,66,0.6530906038361359,0.5285027262200134,0,0,0
35.21713994187444,3,208,0.9484180345964149,0.18542557107736624,0,0,0
52.122273955541075,5,278,0.21901819948177903,0.7093041833300612,0,0,0
67.88121965916264,4,625,0.9048339938497878,0.6768914023136856,0,0,0
257.43680962455556,3,139,0.190092752924633,0.6404349970507571,0,1,0
28.136312817094964,2,676,0.8944405925815424,0.8798436941595755,0,0,0
62.96537372177498,2,2380,0.21588458713751213,0.5279457176123403,1,1,0
233.4597063050609,2,1192,0.7192491233370183,0.704229455532969,0,0,0
66.6945023177897,5,1067,0.8169579386294981,0.9546600831227934,0,0,0
142.6530773051419,3,1837,0.3905283701932146,0.13776384522039387,0,1,0
78.29298103871439,0,681,0.11349846690915477,0.3865219776777037,0,0,0
116.37098766020652,1,271,0.3625113455878849,0.2187761421841493,0,0,0
71.63096526116016,2,2348,0.06162330065737509,0.32383515155938347,1,0,0
175.39936729655477,4,1066,0.6593077789563265,0.5105809072106763,1,0,0
19.200639631002844,1,699,0.697170985632803,0.8454102833574068,0,0,0
62.595162052394556,0,1621,0.26832651474703073,0.3995104167626573,1,1,0
121.09467488206403,4,1351,0.6515938675581108,0.557910009046306,0,0,0
153.4991835324389,4,285,0.05851082921309958,0.8122378769286687,1,0,0
400.59567335192224,2,937,0.03153373260100878,0.9281303880990247,0,0,0
60.88429947190251,2,2310,0.4080084791649755,0.3496635951918614,0,1,0
395.23548896748525,1,1959,0.4844424868408983,0.17795553574577572,1,0,0
46.570913542195406,2,1745,0.01861108994652594,0.5821431186715978,0,0,0
339.8982851553165,6,2242,0.5899153563449998,0.8957767310023603,0,1,0
203.86685856881004,1,2129,0.8327555514163915,0.24847998743539867,0,0,0
36.10897395175903,2,411,0.4105100705377934,0.4994472731457297,0,0,0
122.36877572538631,3,730,0.7470509023042973,0.485966962607817,0,0,0
85.52118854392617,2,756,0.15112472372465646,0.9270927508073388,1,0,0
168.27248393369106,4,1568,0.5295854301311897,0.45670788927094774,0,0,0
72.00448520334166,6,1394,0.7891544517021253,0.5362577910459719,0,0,0
66.20485339227159,7,51,0.6820407772330344,0.13825365798222256,0,0,0
353.92838229415617,2,40,0.779651259103933,0.45823583610737717,0,0,0
81.55511958241712,3,1927,0.7211352844797572,0.34179408240154974,0,1,0
205.70072561478796,9,769,0.12102792959037645,0.2216612468164848,0,0,0
71.85487895529512,3,2271,0.1026685561871945,0.5086733075084748,1,0,0
476.5931820774359,4,518,0.9755430681734296,0.7708876095470397,0,0,0
45.68021950739662,2,607,0.48230669672622883,0.17669920027900143,0,0,0
48.70864202964243,5,381,0.7323956662771524,0.1415701190396783,1,0,0
413.441976232097,4,2020,0.6815353514766606,0.12429436982270414,0,0,0
57.68825552900171,1,2320,0.04429405673644471,0.7630948950718968,0,0,0
446.33701521526615,4,1423,0.49664698396963136,0.7880790421422172,0,0,0
219.6072183617255,4,2194,0.5213719251756578,0.8887174343849126,0,0,0
77.11904704460366,3,2482,0.8085906691342784,0.9641313698330737,0,0,0
14.683237367326603,1,840,0.9621791186461885,0.3774098684798163,1,0,0
88.29484238147606,5,1930,0.2894301857886117,0.34044129245769095,1,0,0
99.64661264262976,4,229,0.058850442227324495,0.9914787060127127,1,1,0
289.2287025055536,3,743,0.4753042211972356,0.14214224771786,0,1,0
440.7364934065158,6,1585,0.029847529018105168,0.04171870487729068,0,1,0
45.37733815554745,2,454,0.3854189834135008,0.38515869934212055,1,0,0
200.573700749251,4,363,0.2732607886227211,0.0880508952592306,1,0,0
193.5241200288415,5,1275,0.24297521007541945,0.38324736498694756,0,0,0
263.3312386876027,1,394,0.0016110235579847032,0.41159174679078836,0,0,0
148.2188521313046,0,1735,0.2506276384956665,0.6387358110207599,0,0,0
12.903547957768488,6,1325,0.3199173180145347,0.7441428047286792,0,0,0
77.05947817257888,4,1052,0.9110363463262093,0.6477981507138533,1,0,0
28.340515532543357,4,601,0.08825704933444478,0.7071886787334852,0,0,0
73.507998768649,4,604,0.7669904648347939,0.36898729431109645,1,0,0
239.8477233991737,1,1797,0.7248629128396109,0.4565274259191181,0,1,0
122.1379124107298,2,313,0.32625148215473954,0.7143823595803012,1,1,0
283.7492331955526,5,1104,0.906983511691241,0.1474076985120163,0,0,0
126.6913635844236,5,1053,0.6553109932913905,0.7120467100070514,0,1,0
24.573633527862253,3,747,0.09699787422964978,0.9515519470763313,0,0,0
7.236610931559411,6,663,0.20401363136189232,0.1756723950026704,0,0,0
104.46047411069429,3,2105,0.40113281553405,0.39443375654971025,0,1,0
72.68052984791572,4,1682,0.9672941180623787,0.5813697998768425,0,0,0
33.88777265291846,0,495,0.26442133725699224,0.7181517140586953,1,0,0
16.434335106474958,1,1157,0.42821458228314824,0.2520254929000878,0,0,0
43.17479114120731,2,2195,0.5606719947430622,0.5845702877097373,0,0,0
74.10689034827593,2,2277,0.3555163894434251,0.9350545262845069,0,0,0
175.1911780618735,7,1732,0.7009742081129515,0.35745236623312915,0,0,0
108.7042706287072,3,332,0.6608918964772333,0.5690537117566188,0,0,0
449.46916232869177,3,1473,0.060406461300922754,0.6240846462274413,0,0,0
31.957150031964364,2,776,0.4287477428915506,0.8872983696060202,0,0,0
217.25220030000946,6,442,0.7810825336674311,0.310953172085082,0,0,0
94.37712681739593,2,411,0.6399116311781756,0.8729531016598737,0,1,0
180.30847320094205,5,2261,0.460186342985319,0.673468984455264,0,0,0
58.17671197268389,2,109,0.7298689177260871,0.7169373077968102,0,0,0
262.87545736812643,4,545,0.6704880100494979,0.06630563381803556,1,0,0
120.93155910588713,5,1505,0.8376099435263301,0.35654202139649604,0,0,0
45.62952636958044,2,686,0.05099616691166897,0.11799779388111387,0,0,0
88.94124392391772,3,2469,0.5352795965817476,0.5615664956759794,0,0,0
70.84144006066012,1,1773,0.6603216423238853,0.8376290808810547,0,0,0
146.81574286241667,3,1477,0.6754405502295904,0.40998685675912294,0,0,0
27.666526438439128,3,734,0.922438222767288,0.22560405990139243,0,0,0
87.41337455370315,2,1731,0.41161655171614686,0.30460829359767283,0,1,0
133.66106802337296,3,2460,0.7951151457112624,0.5731883656079642,1,0,0
93.03942305913213,0,1727,0.7860343026734359,0.7675331755901658,0,0,0
346.1738980741856,2,484,0.2688629241118895,0.6898602152975326,0,1,0
195.19962913832242,6,44,0.2682965985083803,0.9421704828631668,0,0,0
89.34624395271807,1,1340,0.9428452245006597,0.8838722951979673,0,0,0
111.79748863983887,3,2106,0.3244026183791978,0.10491197875470004,0,0,0
120.98487665730035,4,607,0.4144021068450905,0.7036903547345369,1,0,0
134.7336146386936,3,1166,0.6039516858638249,0.393653845669922,0,0,0
14.50280391724536,1,2438,0.3165701305300568,0.33614384343034875,1,0,0
66.5846256120113,3,1470,0.6618006999058109,0.47588085474580855,0,0,0
20.400531038422315,0,1457,0.28944148329396735,0.7662668018910415,0,0,0
323.2031094615727,4,435,0.5273299244898417,0.41678739761987016,0,1,0
84.70295424683798,2,123,0.5595872592532908,0.8210789184160036,1,0,0
74.192202000702,2,1818,0.8005645510697756,0.4719347913007582,1,0,0
220.6984592480373,2,626,0.8600710255007262,0.06037849660177874,1,0,0
137.32148702715924,2,952,0.6815946752772785,0.630347477597933,0,0,0
29.118260489909687,5,876,0.2700112838058595,0.7807790026943293,0,0,0
83.85546293865733,3,2066,0.46385815968206356,0.3159822419677757,0,1,0
64.38193148710515,3,1509,0.5628483597209486,0.22214220003640917,0,0,0
15.728386095512034,2,685,0.2978266196659892,0.6401781852738653,0,0,0
45.1379685368685,2,2292,0.9400001711144365,0.3526419229414849,0,0,0
74.92290698293657,0,9,0.10862419544145252,0.9057901219540287,0,0,0
80.24216047940845,3,122,0.8334543535019446,0.7668172370005032,0,0,0
20.445617908474244,4,480,0.4264164868393935,0.4611929152198916,0,0,0
284.76537142494897,4,1322,0.945509646744487,0.9755662676703893,0,0,0
81.27975268796374,3,1133,0.5325422284074919,0.34450480373925074,0,1,0
93.46182616907,3,543,0.7297087731090564,0.4446215931806058,0,1,0
134.37597280567783,1,1146,0.734481461052204,0.6489367586056602,0,0,0
40.93247452217986,4,2323,0.6980035407882863,0.5120323489459365,0,0,0
142.07512587133257,3,2119,0.04937742993070393,0.3443873996205422,0,0,0
62.360081678697675,3,1199,0.622172627564419,0.41778990519741477,0,0,0
36.72341121144846,4,1745,0.8948094168599477,0.8636804161174854,0,0,0
159.7240267772953,3,1760,0.8435079707226235,0.19820935550798524,0,1,0
400.08373344041877,3,1753,0.9149471818165362,0.31762141352855233,0,0,0
185.82946038768017,4,1077,0.4443877379829141,0.19851908983412858,0,0,0
226.55269460790595,1,1022,0.4545995683828049,0.5122094175971323,0,0,0
53.48329667319213,1,992,0.8081874855137471,0.1608964498893154,1,0,0
18.2174562829574,5,587,0.30346974859291864,0.17113713562657717,0,0,0
399.46954204007756,0,558,0.7650739777034725,0.8342932229464242,0,0,0
702.4083214409906,6,1572,0.5044010258638132,0.7030275707644692,0,0,0
421.07323514583265,2,1156,0.26432962355691325,0.1885045514432303,0,0,0
64.34209360679284,4,642,0.6436813156152061,0.38666597577366846,0,0,0
28.370947927053923,1,679,0.2957944704760769,0.916886466902396,0,0,0
31.010234717689336,8,1267,0.6717783580076929,0.8701108964138716,0,1,0
16.71434666543835,1,91,0.5693073206916326,0.6544919897855779,0,0,0
80.85208559847838,7,1370,0.7221943079389873,0.28398339555252383,0,0,0
448.39653248439447,1,2407,0.5990605171641283,0.37328801568405146,0,1,0
78.12712972208983,0,1889,0.758285076391133,0.6532504172914008,0,0,0
121.79300219085913,1,419,0.9962101436609158,0.5604725348271152,1,0,0
356.23725813485265,5,523,0.4677677055175423,0.5606273379632406,0,1,0
60.09368061450712,2,2235,0.5982508787863814,0.4233709680886235,0,0,0
689.1999669637638,3,1102,0.1018907937660849,0.0902306561536872,1,0,0
659.9040248136941,4,811,0.9504099332969388,0.1215475772917668,0,0,0
78.95583624848744,5,1640,0.5963367703743238,0.8353214307016228,0,1,0
50.52487230787932,3,1654,0.10280194863583392,0.8841240029542176,0,1,0
180.77226712373607,2,5,0.40001167385195935,0.893698969299542,0,1,0
63.591197550990344,2,1690,0.08129358939921572,0.47458498802100835,1,0,0
28.316503095427965,2,303,0.49720081181433684,0.9355140811906604,0,1,0
324.16046434742884,4,1976,0.2770522454508729,0.8377176423505852,0,0,0
303.82363568304294,2,2005,0.3402790965333907,0.38416039402594326,1,0,0
105.16300802934221,5,2138,0.06907808587695397,0.22301495890776135,1,1,0
25.46067859805296,4,2403,0.7624083789099512,0.7285652889140399,1,1,1
26.323807261346015,2,202,0.8411266757656994,0.7253040988128672,0,0,0
100.20612238382873,0,954,0.14013543769284664,0.8901790186039585,0,1,0
54.60519176464802,6,1692,0.7506524973058084,0.05046708917263554,1,0,0
64.00153502632642,8,1119,0.12856949251407945,0.3525691825911694,0,0,0
250.12559083499383,3,695,0.08554180311406523,0.03486696397847411,1,0,0
187.38762219245368,2,826,0.11409280554434742,0.21036834941550664,0,0,0
357.1452923999575,2,1192,0.03178390565870559,0.39960598119363644,0,1,0
33.427428535960956,2,1013,0.37607461386219576,0.12307005155932682,0,0,0
63.86735990762655,1,430,0.9529220059096554,0.822286191002496,0,0,0
192.28558628322457,0,1709,0.8992548953489644,0.2028814433114695,0,0,0
140.90393427997984,4,1382,0.3319071450897939,0.41133816079573127,0,0,0
416.7057689010772,3,1840,0.7946477174793508,0.8016796270730514,0,1,1
137.07616303339216,2,1756,0.8245858333944202,0.11672572752302102,1,0,0
571.4112077260095,7,1820,0.15205841543272958,0.6196202622217271,1,0,0
154.47276488280795,7,2162,0.2294552909471438,0.9405130978321266,0,0,0
260.3865994458232,0,2040,0.6904956269957689,0.4542877893631443,1,0,0
65.13649903843933,4,505,0.2640308088357549,0.24012975277918658,0,1,0
91.31245638670144,2,1321,0.9381529184151088,0.9432008856449522,0,0,0
223.84288597033287,2,1392,0.23071233809056835,0.05418473694953618,1,1,0
451.68189980976683,5,1798,0.7991454897739141,0.311597595628872,0,0,0
186.6503255085812,1,1419,0.7581003364561993,0.8173353707039761,0,0,0
82.83314043102678,2,387,0.5037584366170902,0.15393645483404894,1,0,0
356.85696010998026,3,968,0.26327573225275025,0.08408383626805682,1,0,0
10.054510539495734,2,1953,0.03385921961646454,0.45800673223437127,1,0,0
21.709837492637735,3,2102,0.8283834958194047,0.3317714249904198,0,0,0
177.9734218454446,3,2031,0.3777560519856429,0.7971592930130216,0,0,0
91.29612610013405,3,979,0.3401102428242603,0.3371446691516624,0,0,0
164.92876462352746,4,762,0.04449373995716488,0.6698250988783425,0,0,0
96.00569594152536,0,2058,0.15132932614587213,0.5601943419946919,0,0,0
159.32492884603096,1,1811,0.3679153955640968,0.5969930050978405,1,1,0
39.8689242267656,5,135,0.6908295808880967,0.5111416399884644,0,0,0
159.2517185759394,5,2306,0.20732851011423692,0.13546075251902256,0,0,0
243.32902216995035,3,1430,0.16361078474865753,0.062033872649352007,1,1,0
305.07285103282766,5,2492,0.2622963817354682,0.5438984266442477,0,0,0
674.2185352592029,3,2349,0.28343355869817244,0.6494238083421137,0,0,0
114.9041661941479,3,1050,0.4099827873322137,0.7253285113233217,0,0,0
118.38133741561975,3,1467,0.3609358901655745,0.7221406728673881,1,0,0
19.625456721408902,6,1015,0.07392368493077539,0.7403117720336917,1,0,0
52.90980116171186,3,1270,0.617912084260203,0.02032201486121321,0,0,0
74.21141104319666,6,1687,0.13046293907611684,0.22349789502696982,0,0,0
257.31976988746146,1,1689,0.8684310784817679,0.7295912297624376,0,0,0
48.861945159264955,6,628,0.8595138444139401,0.12358177759289435,1,0,0
199.60492137261534,2,2249,0.07238758051110328,0.18658077399003548,0,0,0
89.87126729872806,3,381,0.413098981673267,0.6596021622142326,0,0,0
75.40185560713113,3,1931,0.4768813788719848,0.8081780337625406,0,0,0
115.45651541210768,0,1817,0.9958680999223006,0.16248158636835552,0,0,0
60.87628120969792,4,1951,0.2512591119035298,0.5508275335194175,1,0,0
58.61336556599425,2,1198,0.6359502448789299,0.181344300674525,1,0,0
16.36613227225997,2,667,0.45708856198961867,0.20859060033809196,0,0,0
70.24898029059324,3,1139,0.768593213240318,0.4819750502924819,0,0,0
55.70288014979576,2,2351,0.24843751781035828,0.6738736773914757,1,0,0
53.73255255318473,4,142,0.6809212040204017,0.5741882967979983,0,0,0
136.57488368025003,3,1815,0.12989144643118067,0.09242296655109605,0,0,0
173.92635331235144,3,528,0.015127087826946828,0.2855610356222975,1,0,0
113.54446299310997,6,1172,0.018222968440292142,0.9381653840059433,0,1,0
243.5726342011446,7,1525,0.4926896840619891,0.627642640321016,1,0,0
160.062109747392,4,1411,0.7707325760381836,0.6581231658171347,0,0,0
67.0168318977477,3,1798,0.5776272065140042,0.21114540572835228,0,0,0
56.66426211888097,3,1053,0.03632302174522495,0.9582343159556422,0,0,0
123.07848444073582,5,2308,0.55207757010348,0.20651075137974817,1,1,0
159.77508537827944,3,961,0.11325388013397808,0.2511618191324757,0,0,0
364.25140672025634,0,114,0.9653984954094028,0.5100966088246619,0,1,0
296.24092081451386,2,2056,0.352573144221919,0.4959725736290701,0,0,0
52.3801128482884,1,2303,0.5034148263349777,0.03262783558419313,0,0,0
81.28761922263209,1,2132,0.3387388255277014,0.7437791272418967,0,1,0
176.09397561913818,3,1020,0.4670933934226922,0.09645406323820349,0,0,0
261.9091736128746,4,2144,0.958460862493794,0.05403532912101916,0,0,0
230.20482790102196,2,122,0.2605266982882487,0.5071617811465635,1,0,0
84.44683520391105,2,226,0.7180817673790664,0.048247831377314254,0,0,0
25.686802730368463,5,29,0.7552872847425298,0.20067480976858032,0,1,1
33.15069307835722,2,588,0.19061008727771533,0.39094829850678214,0,0,0
118.23019324051845,5,1348,0.7291479254811389,0.6031168158955852,0,0,0
126.75113276386122,6,34,0.6479944797411012,0.7827465004533528,0,0,0
30.003697574952746,1,1329,0.2910422019576091,0.28955094872090104,0,0,0
94.11991030651669,4,1075,0.522688249422181,0.4711826316567429,1,0,0
169.2241820659885,1,1545,0.5899836921043273,0.9540825544178798,1,1,0
28.467791986673372,2,2181,0.8365541396617352,0.3902147077304746,0,0,0
271.781164936389,1,528,0.12482654483826117,0.7096476337762891,1,0,0
61.71141065162833,5,2232,0.9719761080906575,0.27136345869116263,0,0,0
316.5917574673726,2,896,0.7691574375258012,0.6232141901240277,0,1,0
52.80192002833675,3,1418,0.5349761767942485,0.8047302219034144,0,0,0
32.245371614592834,5,985,0.7762283987819066,0.9142246172506864,1,0,1
56.93230953727328,4,1527,0.7331610425915251,0.9375204822996376,1,0,0
81.84701851299162,4,604,0.46012957750346506,0.3020332442369713,0,0,0
61.03943271227756,1,803,0.3360513573295073,0.20088094831487302,0,1,0
72.52987735561372,4,1086,0.9886027474252286,0.8140387783594518,0,0,0
125.70842646628165,3,2081,0.8843814053114156,0.6296158451534316,0,0,0
75.85477296659364,2,493,0.9509208562871301,0.414470862648323,0,0,0
84.25834426489557,5,143,0.048471376712416525,0.03627424003958868,0,1,0
16.293619684701,3,1386,0.8152258581410357,0.3077172310440276,1,1,1
133.17952312695633,2,123,0.8912275836397798,0.11134425089156164,1,0,0
82.33503389225214,3,1522,0.4768925010945244,0.491961269516051,0,0,0
450.4706749517229,3,1139,0.8909352230076357,0.8273993041696165,0,0,0
35.17849057948289,4,1909,0.10087830336853221,0.3125948013243539,0,0,0
14.75681000513103,2,1381,0.06047447982750409,0.3575944689400349,0,0,0
167.0124722784374,5,1418,0.29155871730021354,0.7831869831236787,0,0,0
127.29751929720018,7,1940,0.026242481221505076,0.4560798083147426,0,0,0
32.83736288589944,5,754,0.6839887842804688,0.6681877129906859,1,0,0
19.496813559183128,3,2413,0.9269692813470232,0.18862508845510528,0,0,0
418.8013618091101,4,264,0.2950567530038788,0.2509414706320957,0,0,0
370.22480070172173,6,2042,0.6596048064871609,0.6349841879195213,1,0,0
7.4823225213138995,2,88,0.46804855005719226,0.11194482893128488,1,0,0
56.92741132540121,3,1261,0.25505719452546916,0.1752692142414074,0,0,0
475.4168769319633,2,1534,0.9185625253872001,0.3176156788073191,0,1,0
55.920858059647784,3,1595,0.9579124783785918,0.1804598655977515,1,0,0
55.113118106097176,1,1596,0.13475476854289448,0.975450210040331,0,0,0
67.84601637813792,3,2380,0.7669720691648096,0.2561334686683795,1,0,0
29.344438113820623,4,1060,0.18881684920719743,0.9545955080563603,1,0,0
16.366298578573865,1,99,0.4882233372834105,0.846377209978469,0,0,0
257.89365518290566,0,141,0.36098397494842116,0.3326151821259218,0,0,0
14.254363833327227,4,494,0.2439885761373931,0.5488020912537286,0,0,0
115.26933714129079,3,1736,0.6758089084312852,0.33796527985962876,1,0,0
218.45487965083566,2,1291,0.8553961844127174,0.7031049911959458,0,0,0
21.089466569112233,5,2056,0.781169939146803,0.36205317148541794,0,0,0
35.72074446244542,2,1598,0.7222837392876529,0.46632605824467044,0,0,0
302.83230043827007,3,1425,0.06625713175936188,0.7188476319212982,0,0,0
153.37589221502614,4,1933,0.09742688289244894,0.4164413647755967,0,0,0
48.5558311266799,1,854,0.46482963157678303,0.6893529623365123,0,0,0
299.54031116139146,2,1196,0.5557630024162572,0.3702264089777598,1,0,0
300.82711274052417,0,1594,0.7233862609712639,0.3993661691852849,1,0,0
117.80758913228058,5,856,0.35585578539133156,0.3213662266495594,1,0,0
36.59237085616089,2,2462,0.022926142934631133,0.9894331447155401,0,1,0
59.53422138403985,5,909,0.036101371827074846,0.5049018974346323,0,0,0
119.86747337516859,3,2411,0.8548305564727485,0.22200000738965298,1,0,0
74.54516407164941,2,2424,0.12855260855181816,0.5671386748057481,0,1,0
230.20199859289107,2,1844,0.9368938148053112,0.46901700294090076,0,0,0
19.49632370584435,2,1351,0.3326279981197139,0.7788868884719743,0,0,0
20.201088133144072,5,1974,0.5836530651738184,0.9357693706813426,0,1,0
107.86399322081894,2,278,0.16861819967083924,0.11073511256764867,1,0,0
55.061766709857196,4,504,0.4540374730102287,0.9812063220636668,0,1,0
48.084091545303465,2,1758,0.8758092959245722,0.164908976934385,1,0,0
15.362712095116704,3,79,0.9841327244533494,0.2733060313699228,0,1,0
91.79389983305435,4,1976,0.7665428415433118,0.7753661922749706,0,0,0
85.39135720625296,1,700,0.7646175921857737,0.1554515156038293,0,0,0
173.03242106709118,3,660,0.8853125003412955,0.8174977949035281,1,0,1
96.438561107418,2,95,0.24489320071079512,0.6734896572537058,0,0,0
78.83806367198646,4,1651,0.7362666961957385,0.8052911707839233,0,1,0
292.07208457655526,4,677,0.5583364549864115,0.5634317489699933,0,0,0
24.228574390489293,3,222,0.2616823429993348,0.9841452530160989,0,0,0
153.9132633661191,4,1959,0.05547275508141958,0.5929373321657543,0,0,0
16.926032734183384,1,771,0.20082045156669814,0.3955447428218961,0,0,0
38.925054583753415,2,1994,0.6501901238337432,0.9664436051647277,0,1,0
26.771633283357936,5,734,0.5698474803257367,0.07363639924971421,0,0,0
196.75170153173687,2,1246,0.06927085916269204,0.5146445360076,1,0,0
84.31752790972527,2,1574,0.5623118322449078,0.632084037620202,0,1,0
88.80977789860007,2,2478,0.3906493186123804,0.3454176726407894,0,0,0
29.763029790833603,3,121,0.014931696792809035,0.09201211363390482,0,0,0
66.70677380534508,2,1058,0.9094921382218332,0.4100424430027835,0,0,0
41.95236033187336,0,130,0.2583761443148066,0.8105798977550821,1,0,0
132.08623633643265,5,1592,0.5533954483704244,0.5711564808415929,0,1,0
33.411791101302214,3,2216,0.5891442908479496,0.7578793835147598,0,0,0
340.28869668023106,4,2254,0.4988090227902201,0.7176749082457584,0,1,0
16.851160896770168,0,794,0.23958200894755777,0.2865576722935975,0,0,0
40.18445251841734,2,2123,0.40736654228136504,0.25352071306423163,0,0,0
481.64171605847946,2,633,0.2903310480896638,0.7909920677096438,0,0,0
58.25682494603919,2,1635,0.43355631533202743,0.17016297437167516,0,0,0
24.170220936084128,3,2123,0.0826605294170446,0.5653209803084347,0,1,0
112.06415978928943,4,137,0.1659480567614935,0.9564214277649039,0,1,0
55.95835524718983,3,2309,0.1375168172928587,0.5254777935569716,0,1,0
39.02216212636644,4,1912,0.5950016787448694,0.8067014103784071,0,0,0
30.088083284699607,0,798,0.6558956177953319,0.2561379310018844,0,1,0
1434.2159543840644,2,1568,0.91395602653932,0.05802347952828424,0,0,0
69.99670012143777,2,216,0.26216215789856545,0.34825575481219306,0,1,0
13.12386908308692,2,785,0.39348878567299583,0.5749222398657359,1,0,0
400.89909370927484,2,364,0.6224308784484848,0.6399252162761191,0,0,0
165.84786713586362,3,2115,0.9717558537921311,0.5361761888214328,0,1,0
41.82664467947477,6,231,0.3915170801112421,0.43291993010540497,1,0,0
35.40598633366802,6,383,0.28961583845308814,0.9853964262598819,1,0,0
176.52681587891098,1,235,0.38779461479289856,0.6885037925882969,1,0,0
70.3217874961946,2,2202,0.3092990879342774,0.9538127746155574,0,0,0
13.118483389934333,4,1061,0.08508911370752614,0.17656878808128962,0,0,0
537.6672985047144,6,1337,0.3459847140417367,0.9995444905261619,0,0,0
58.32375885000572,4,12,0.5853248692539038,0.7030048704990408,0,0,0
401.6462541743822,4,2222,0.18279287426553537,0.971946260375507,0,1,0
323.25288996933756,5,2203,0.8336626450525751,0.6059920749456558,0,0,0
33.082037306498364,2,519,0.7353608684662325,0.15400698707099658,1,1,0
252.94950007648916,5,1002,0.5585855542701806,0.34807716167432545,0,0,0
46.92532226622791,3,236,0.7374943631257284,0.052998406383693575,1,0,0
13.91962080055884,3,1062,0.3166658337335978,0.15145014150931313,0,0,0
58.874133463007134,2,1968,0.20013475561897276,0.9984017650566496,1,0,0
133.9728947863593,1,298,0.8422737347165974,0.9158396186071703,0,1,1
56.671041707434554,4,1268,0.8187936282545617,0.9018111023442673,0,0,0
66.21795561857127,4,2171,0.7359538357086064,0.002034314520475533,0,1,0
282.46821893945616,5,1516,0.2563084510180157,0.4505437812581705,0,0,0
100.13246709044489,2,2346,0.34365776809963344,0.78201423065074,1,0,0
38.733377216882616,4,1978,0.38057491848992075,0.22661199148449795,0,0,0
181.64065707254977,3,1065,0.18423669218020688,0.4200761994525368,0,1,0
109.69190440286732,2,1289,0.7600379150757641,0.20491401818132204,0,0,0
7.231129142077917,3,1250,0.18469651228026873,0.6926740818851789,0,0,0
138.15177695226745,3,1198,0.2217507074667474,0.7040290088171233,0,0,0
133.1969297234128,1,2386,0.04817397742333873,0.28272027131972366,1,1,0
91.84672265939831,5,1718,0.6633492999005545,0.4772925361225071,0,0,0
219.5764758270281,3,1629,0.9289985992561431,0.45170707900240326,0,0,0
45.95241551124666,2,121,0.4837644687065942,0.7779791165982293,0,0,0
126.02745610653258,5,1552,0.8977962587403892,0.6751723298872746,0,0,0
18.784660930179292,0,544,0.841000047902439,0.06822135974593413,0,1,0
135.2453293128206,1,424,0.7947016472182662,0.15106472358979572,1,1,1
634.6411338146607,1,1910,0.1676403304691858,0.8399659995972656,0,1,0
33.286224993081134,1,994,0.3773195353761396,0.9655533662294432,1,0,0
42.106320834788875,3,1711,0.663839088470096,0.6363821518837993,0,0,0
44.25571683447059,3,881,0.34435644310824187,0.36477053563222617,1,0,0
102.51388223036585,7,1532,0.7108911552269707,0.2210822670806546,0,0,0
31.092409663997987,3,2374,0.2872907991575373,0.7435588562273429,0,0,0
137.17361395595194,3,291,0.3926155854415907,0.6383988786514332,0,0,0
209.9438146153816,5,331,0.7315113534437642,0.9088984622087414,0,0,0
153.59929232652692,2,1573,0.1178842425534905,0.9031319629508672,0,0,0
15.35720237923303,0,1558,0.7867811355023829,0.3071843113098972,0,1,0
243.51235127509858,2,1933,0.7125727193952548,0.8029192580465165,0,0,0
229.8363224934963,3,912,0.44962847538326034,0.25359538352851985,0,0,0
206.47129022463793,2,1622,0.4375254027692387,0.7819919403080846,1,0,0
130.69184823717572,5,316,0.9066643422422282,0.1681062632405621,0,0,0
112.18948972157867,5,1066,0.7162726660821586,0.34770381499663283,0,1,0
252.74710355867134,0,1751,0.6201656482362358,0.08594356193745378,0,0,0
616.1642007078282,2,2327,0.8641781807080834,0.29577451578851266,0,0,0
34.70762962263141,4,2208,0.3316127112888092,0.3181549839484943,0,0,0
264.575166897927,2,156,0.2866996053641444,0.6686771564658381,0,0,0
82.58127021689647,3,929,0.20981018977733112,0.7152550392664203,0,0,0
79.06947907974468,0,2036,0.5202322357836903,0.5880372463337845,0,0,0
19.365038665189978,5,1361,0.988096180056826,0.7700824982110811,0,0,0
67.7084231192953,4,2333,0.928457945232224,0.45157272030562357,1,0,0
33.206148084014345,1,2406,0.4553047520320549,0.6279140083495994,0,0,0
56.60773125510212,5,1698,0.11133912817571068,0.35925840712824086,0,1,0
30.018492734136572,3,878,0.8745913605069672,0.5213278750824683,0,0,0
57.46014704813413,3,1446,0.9226035032325112,0.14106421417700943,1,1,1
59.97271105287403,4,2316,0.17136633942861002,0.6109894236049849,0,0,0
99.16200416996608,3,917,0.8834580954179981,0.20494406064393222,0,0,0
17.908046513045146,4,1115,0.4462807352758027,0.46086556554233415,1,0,0
21.21019266568725,3,1320,0.01166384455451086,0.6654514371013783,1,0,0
129.27142591215403,4,357,0.943125421718045,0.42783816661480034,0,0,0
40.551058464855984,2,1946,0.04280307976910991,0.22315562357776408,0,0,0
263.62556717160555,4,318,0.03460819575570706,0.666195075224988,0,0,0
112.76090837218648,4,1861,0.9634780349123778,0.8525333584443545,0,0,0
165.13480662965898,3,1902,0.21458657927963498,0.5003995521880069,0,0,0
368.9615065922762,4,1341,0.5556303527540025,0.5576487049511838,0,0,0
66.04188673305569,2,1020,0.9426996568758732,0.39086596911350235,0,0,0
50.679084683413954,4,2350,0.9400094378678713,0.5831971555587764,0,0,0
215.22900172742024,0,584,0.17411558612219813,0.49530489208269124,0,1,0
149.8318348106307,4,988,0.5135457937261709,0.7465775881973966,0,0,0
74.63948749662003,4,1437,0.006953457556570508,0.24026186249343195,0,1,0
361.93258563510653,4,1074,0.0903829890916581,0.48621959146501903,0,0,0
72.80289276237235,3,361,0.9481485448131779,0.31622796541937104,0,1,0
93.0161968396884,3,514,0.41516091556318313,0.094423326512584,0,0,0
91.94794951799538,5,870,0.15019011362626555,0.3865021456830725,0,0,0
35.35380785110217,1,2263,0.6314047798689246,0.953160819570559,1,0,0
97.27921896813832,2,2186,0.17333001951812943,0.46048864551604174,0,0,0
363.85672495812037,6,877,0.9801420543796645,0.5456226492199747,0,0,0
140.46640015588838,10,860,0.6708492402165842,0.7422373471357288,0,1,0
92.85725545249191,3,1820,0.36867765373660455,0.9847975811975362,0,0,0
76.57209526788806,4,2432,0.38115046641415584,0.4117749836264415,1,1,0
125.31956919097871,4,479,0.9169337886722347,0.517675439896141,0,0,0
190.52180090958086,2,2,0.8950255234172643,0.9685125068974364,0,0,1
165.5442996978553,3,1693,0.949981743136468,0.42878389437712705,0,0,0
64.59487919233197,3,820,0.453647803275655,0.7903313999014197,0,0,0
124.55926093594194,1,2190,0.8507495966745882,0.44383400453364963,0,0,0
145.46561579852948,3,2076,0.48483513811891066,0.22764020120607398,1,0,0
32.87804180064571,5,2305,0.6329694272911924,0.9363289682312893,0,0,0
106.50911210743621,2,1836,0.5074078069691568,0.7120540061219738,0,1,0
10.367709431413216,1,1872,0.6082246568555076,0.8635371756672059,1,0,0
145.84343886764452,4,997,0.5094710614441931,0.11608645633354286,0,0,0
174.22421376583185,3,1230,0.15484196831072594,0.7049044607316718,0,0,0
190.09921608473994,3,785,0.10838559642544454,0.640404311670543,1,0,0
60.639903370013606,0,438,0.9410949449344175,0.48397218619824456,0,0,0
122.61468977257233,2,1295,0.5097338709140172,0.1420960633651418,0,1,0
373.88708704735814,0,1584,0.9418533870988042,0.41477993383057854,0,0,0
370.0986709359614,1,479,0.6858165691240349,0.6176867645738418,0,0,0
87.42902320083199,2,1201,0.08897318407022536,0.6774724144834805,0,0,0
103.47392315108401,3,420,0.20156227678671956,0.11698107620059117,0,0,0
273.39322535348595,7,782,0.767739446484905,0.4438249944061132,0,0,0
20.06943447409439,1,475,0.1778191870913025,0.4255184848404706,1,0,0
65.16511353970404,3,868,0.007723349769829024,0.7862444983836822,1,0,0
342.2599224395977,5,2294,0.11176734462510929,0.04120868736318406,0,1,0
238.6983310965879,1,1406,0.4767412460114492,0.7854894091792419,1,0,0
130.2250070345788,3,1499,0.16326222934297174,0.7835237389091837,0,0,0
19.968730891743956,3,1558,0.045015285347873246,0.6970935113447925,0,0,0
85.6346308175641,1,534,0.7435929363814252,0.8997535449438423,1,1,0
49.903173790457494,0,1956,0.972113365867211,0.46516869868695954,1,0,0
125.34111026922992,3,736,0.9784829563369111,0.09609043064811684,1,0,0
40.07101741253795,1,347,0.8999837297798576,0.33150027952151306,0,0,0
32.274472898450696,2,1223,0.01918518902290367,0.6112493783082865,1,0,0
11.417356782510925,5,1360,0.24010818029452408,0.3228957233765547,0,0,0
305.4556771100857,3,2278,0.13769336453028724,0.6329475704696312,0,1,0
60.35413659192027,2,709,0.640210187311314,0.04362314533644096,1,0,0
105.33500380513226,6,1258,0.8495796327089383,0.07034202344042495,0,0,0
89.81588776324286,2,1022,0.5719020576143167,0.010515917546160214,0,0,0
30.95597602865143,2,803,0.346672514293599,0.9759588548489374,0,0,0
25.557609204945972,4,1801,0.9119072351760634,0.26164245124863483,0,0,0
32.939906096536575,2,2205,0.5051832020242996,0.7955533135055408,0,0,0
43.67743299021192,6,1760,0.17468512040131756,0.8868443867789301,1,0,0
129.87938953675192,5,2250,0.5333723948702166,0.1576093206826361,0,0,0
40.620884726523606,4,2137,0.018130545863014325,0.19912173012211654,0,0,0
516.1981129363271,2,1339,0.03851376993132527,0.3823594234232651,0,0,0
251.42658437537057,4,170,0.6275937227431818,0.5040633790686035,0,0,0
202.0185550095764,1,1318,0.7232688144571342,0.5347422986539961,0,0,0
79.8652706058344,4,300,0.13832077835762346,0.38568384972004377,1,0,0
409.2313875160424,3,77,0.5334160858021774,0.5862279901029291,1,0,0
72.38465785666524,4,188,0.7726316383337056,0.7360850717138548,0,0,0
87.24659947685927,6,763,0.8823382533793269,0.7001225639165406,0,0,0
106.69502591575782,6,900,0.47402122393425217,0.030208023492392932,0,0,0
181.60300993165282,4,1061,0.12216472543710366,0.5932964244665797,0,0,0
170.18874383163322,2,18,0.06918992849722849,0.712625202480662,0,0,0
55.973296094909955,1,1891,0.8565830616560567,0.20067274780209055,0,0,0
52.826147216781536,3,1577,0.07762581119143952,0.6036197781690794,1,0,0
170.69920238079698,1,934,0.8177972537626516,0.11082590104121537,1,0,0
184.05536036244206,2,1362,0.4368865452085281,0.6649488117574034,1,0,0
60.74281934651577,2,2120,0.4364371637234774,0.6204077789730028,1,0,0
18.408489246750236,1,1676,0.5185896482760661,0.24095866322512993,0,1,0
73.16256653213597,2,1950,0.13578305188790973,0.8753260859289836,1,0,0
167.9264017888277,2,1750,0.7425444902151445,0.8065810471753475,0,0,0
547.5297764488805,2,1542,0.3000040316367636,0.7390066985181595,0,0,0
27.16806051761334,5,1469,0.5977789819247097,0.45955720129470323,0,0,0
58.75808421218542,2,1502,0.005333953904381072,0.22689228950687246,0,0,0
60.983079379596006,4,1023,0.28151812643479723,0.782179840873815,0,1,0
349.25605649959346,2,119,0.04047907532326578,0.21454886681464502,0,0,0
86.92611452884896,1,1472,0.3136103359432386,0.48693543185836485,0,0,0
36.331075180266254,1,477,0.12618620265540048,0.3786960085323815,1,0,0
157.38503935916114,2,581,0.07004321420764004,0.20199936992962664,0,0,0
60.06104609838652,5,907,0.8479774891497979,0.6146324457695754,0,0,0
26.459432914172478,3,2324,0.3649006836705708,0.9820701423576591,0,0,0
36.863676617523616,3,1887,0.8253359922970468,0.47627530215286407,0,0,0
509.8119613129322,4,92,0.8926609565697976,0.4995320510950755,0,0,0
132.18589425004993,3,1689,0.5060526024329666,0.37273668771054513,0,0,0
100.25932260734739,0,2416,0.5678325891051325,0.22828169114172614,0,0,0
70.11286243723396,2,925,0.6465586244696058,0.2825742708042336,0,0,0
120.56015525733534,3,1571,0.6447086946586479,0.8758215217370326,0,0,0
119.13245555564768,1,102,0.5301757228700796,0.9481209374207741,1,0,0
120.56256480734983,2,271,0.5943495522272786,0.8262341024079166,1,0,0
100.97218574765367,3,2355,0.44110222176219027,0.02644564594386234,0,0,0
214.60483029454102,4,2435,0.9161444423597416,0.6077983981066061,0,0,0
92.12113041590017,4,2325,0.7213019212370783,0.549272454468162,0,0,0
33.854135540869486,3,957,0.3149215096800648,0.7747645066689882,0,0,0
48.7925242291862,1,259,0.3350259425143277,0.7805597984405851,0,0,0
12.44079891249121,3,946,0.4552272076820312,0.43811150663641474,0,0,0
683.2201366384278,0,520,0.03165559748897939,0.28753115578245003,0,0,0
213.31172467142792,3,1456,0.9913805714444052,0.09730330167778534,0,0,0
39.24913888965821,2,771,0.4678424814908957,0.6113221267509642,1,0,0
67.9080884607203,4,459,0.775060082580827,0.2736073256479097,0,0,0
47.61384240521764,4,880,0.15818428619914338,0.9646389868597111,0,0,0
420.96395455139003,3,1676,0.6092113106170467,0.04674805373407287,0,0,0
21.761075269577653,1,531,0.3817077590383652,0.9642902696023352,0,1,0
100.93493070919479,5,1109,0.889926547543356,0.49575075615701636,0,0,0
80.75922179962342,2,235,0.9325388850899223,0.6065891391110115,0,0,0
205.7863779950698,2,1822,0.6248170889980219,0.5835355659703118,1,1,0
81.12496732699812,2,390,0.060937011778671724,0.7527074332958499,0,1,0
15.51474905379657,2,1153,0.46660846132553135,0.09090359008240712,0,0,0
70.02708987208749,1,1417,0.016929628167286936,0.8878520950725513,1,0,0
34.0502638701747,3,1854,0.5180118880144132,0.7910463025571776,0,0,0
97.47340256236771,1,2077,0.5014170210635027,0.8501655870137611,0,1,0
377.7290110431918,7,2181,0.4172627411022405,0.4853797580045923,0,0,0
15.80892660931724,5,1747,0.3370075878838674,0.6978039405072091,0,1,0
40.43829631679802,1,534,0.5789648783759497,0.4572642378562898,1,0,0
51.79569544092867,1,1907,0.17678974438361283,0.1303566092406332,1,1,0
61.45891511055364,4,2130,0.026324967743095784,0.3020058293516976,0,0,0
188.69381295502242,2,1604,0.7866957487119691,0.2784105237461486,1,1,1
75.675584783155,2,1576,0.7855923179290331,0.16603543976604052,1,0,0
136.42878075041082,3,1115,0.5794014915484921,0.2413159970695149,0,0,0
48.14546535140433,1,1100,0.8300883055526108,0.4985139710992962,0,1,0
113.28699134446279,9,1259,0.5129444746403821,0.4222126964063624,1,1,1
195.93787229149368,4,1677,0.006547554063114247,0.3291641772548729,1,1,0
43.28042482664937,2,2482,0.14827716362567156,0.9067215188330018,0,0,0
196.63675035200765,4,2477,0.4595689912883951,0.7787090789817636,0,0,0
94.85721573652538,4,1924,0.8622750730281038,0.002519520343347126,0,0,0
256.07240601427196,7,1471,0.22558212642569042,0.5703617479408565,0,0,0
73.59522161537316,1,577,0.034044910267899464,0.6998742699226039,1,1,0
131.79460067234618,2,1179,0.4125022818127364,0.053406163842326215,0,0,0
86.43509351811532,7,2495,0.06672163401294973,0.11399963238101385,0,0,0
81.75996823657539,3,1898,0.550427328221853,0.2785619783070018,0,0,0
116.62112450580399,3,139,0.05562123390004692,0.6138345926542231,0,1,0
153.9776511107583,6,1255,0.016627306226022265,0.9231233983492578,0,0,0
25.801563427997696,0,2090,0.9432479852914881,0.485852778333855,1,1,1
377.5237983987408,7,2284,0.6652958346838904,0.982301731827893,1,0,0
14.017926284747476,4,1493,0.1194884824034832,0.9367402417346801,1,0,0
45.3852830345644,3,1622,0.5562110202345051,0.6373599925507387,1,0,0
81.918997956093,2,2396,0.2583835486444316,0.4579841179531381,0,0,0
135.95935341085968,1,2246,0.7610845192055706,0.6815819618449546,1,1,1
435.3596746583982,5,2110,0.8141988807398962,0.7912016584982198,1,0,1
14.03716579511221,4,1412,0.5076064778015332,0.943071029112013,0,0,0
54.179676814735885,7,1306,0.40949458969516805,0.7535168620256113,0,1,0
10.731319394250473,1,373,0.3171960522146353,0.3915555012654999,0,0,0
92.9091351287158,3,822,0.03284005701889381,0.49330287973754006,0,0,0
118.11793618101335,4,2459,0.5607253935723701,0.04701364609162251,1,0,0
441.7728085704458,3,1237,0.5089270140946051,0.02874483229833058,1,0,0
101.55847702344577,5,221,0.21302484429835522,0.28151546276671,0,0,0
255.70517724744965,1,1634,0.532051251169449,0.8060989101337832,0,0,0
161.39214415968848,3,987,0.46763189552695394,0.3192439495803614,1,0,0
58.25044914121208,2,554,0.26067885940403845,0.11691562172325665,0,0,0
21.999929596804837,2,110,0.7430971876279777,0.3561287563899509,1,0,0
118.51058699232185,4,2245,0.24587897397812886,0.30557482619894927,0,0,0
20.244800251071435,8,1746,0.45103976204508534,0.9893169714299976,0,0,0
328.72024591371263,2,949,0.5334190433452296,0.9713558618354952,0,0,0
76.5495235435262,5,2432,0.8113492253934321,0.7369270208138631,0,0,0
297.4295563327392,3,453,0.42054974988832217,0.8289307901436899,0,0,0
55.68916288902646,3,107,0.20699881529807762,0.2538576577387599,0,0,0
117.78380540189814,3,5,0.014817046462413663,0.5376744831242437,0,1,0
110.97987264352398,2,1168,0.25205913435702465,0.9984949171538517,0,0,0
86.05235430268391,3,137,0.7505257020994216,0.3232142026729907,0,0,0
58.40143646898901,4,793,0.8204732750825723,0.9861909913878313,0,0,0
133.2805118031116,6,2214,0.6006896883432905,0.1882578550784707,0,0,0
35.653122708010216,0,1672,0.9483283271529627,0.6201410856733995,0,0,0
26.85802532393556,5,1664,0.5221807099800312,0.7819398815693124,0,0,0
311.945000969567,1,415,0.4793250928165288,0.5931786064212349,0,0,0
186.26455258504157,6,2428,0.8328370640885299,0.3089055134597727,0,0,0
96.14828244630121,4,197,0.16699509159370263,0.8139843256552437,0,0,0
475.8688935355724,0,1520,0.015139431415506999,0.20174550419657689,0,0,0
68.87095121962538,4,596,0.8817966977277667,0.4302863407067852,0,0,0
337.8841955258257,6,1526,0.5341115415947396,0.27973990100511514,0,0,0
107.29414536625751,2,2200,0.7448968714299643,0.49539082972182635,0,0,0
32.30587977124931,1,701,0.6289222231895636,0.3874138715153851,0,0,0
571.3718318023689,0,723,0.6638875573160032,0.17909794498268716,0,0,0
242.42947579675223,9,2076,0.5873383975742698,0.7418877790806463,0,0,0
79.75655789882269,9,94,0.7252004410259071,0.17662102510080258,0,0,0
186.26516179067846,2,114,0.1134920173252374,0.54564521848216,0,1,0
60.11723461077612,2,841,0.25092533070106204,0.8045781949006705,1,0,0
206.2623774018593,2,1148,0.4791346709771772,0.4832690158247023,0,0,0
8.239349813801176,4,1575,0.7164603485968161,0.8868593043778605,0,0,0
32.46617136953058,4,1951,0.3084980373154964,0.4288094855075174,0,0,0
239.6692251780778,5,2305,0.8072190746688005,0.9707093259291866,0,1,1
70.12956514150676,3,13,0.0653391355117583,0.024903087274376068,0,0,0
110.77956156506521,2,740,0.7909007381108738,0.7910717742642875,0,0,0
23.41119526040925,3,1209,0.699059238828672,0.7078592241403336,0,0,0
571.2728810164987,1,2083,0.06526205624639625,0.6110714906922246,1,0,0
296.05038034748907,1,250,0.03163539640552393,0.29610626219328495,0,0,0
73.64931054466281,2,1663,0.8399056852870288,0.6107143577611726,0,1,0
60.05760248757823,1,247,0.1447941380869998,0.5945708685936004,1,0,0
252.044172895949,1,1687,0.25330350910849275,0.14940251123721437,0,0,0
653.5835991746574,5,1327,0.896290911348307,0.879845002237026,1,1,1
233.63504376296254,5,128,0.3428758718584054,0.5346153765478711,0,0,0
789.8181012735193,2,1988,0.5304348933044813,0.08905536269655712,0,0,0
35.789289438125394,4,1373,0.031016103224200675,0.39156789306016637,0,1,0
39.670711486837305,3,2422,0.5690121918438571,0.21651726135783567,0,1,0
27.41413844481796,5,1257,0.7135251531843512,0.1686316343134796,1,0,0
140.01655276409738,1,923,0.5651079702872137,0.94636778422548,1,1,0
107.29730682179533,1,64,0.8086803769811066,0.6748312152720146,0,0,0
77.32744025752038,4,1030,0.7765548554190451,0.3015849543714696,0,1,0
202.20026721494338,2,1228,0.47910979380693375,0.678351587682866,0,0,0
308.68724283681706,5,1532,0.6451067615478818,0.8030403858488192,0,0,0
19.576651198107736,4,157,0.276637117099814,0.31693174687098613,0,1,0
49.55226504781786,2,387,0.3586233250529718,0.9848135974479875,0,0,0
204.41323242449468,5,871,0.6218845006472827,0.8814520727132349,0,0,0
56.388278908861466,3,1244,0.6604132557298021,0.7971310041244846,0,0,0
40.519928857532896,1,1234,0.08535715197194982,0.715248265641634,0,0,0
249.27019475607185,2,2196,0.8192391769779318,0.03873946279506102,0,0,0
24.791477137041554,2,1082,0.6371732927470842,0.02240374208772078,0,0,0
66.5810626294088,0,2105,0.32735200433942335,0.1648167543295379,0,0,0
125.04129288172008,2,71,0.22636056735007715,0.9169274208124156,0,0,0
50.71288833536223,1,497,0.6030844173278738,0.2173318828279478,1,0,0
196.99052990084033,0,260,0.6958883392655064,0.7011353119336388,0,0,0
50.964179581322114,2,1382,0.9284056832686945,0.979901473545035,0,0,0
368.19750532345523,6,1508,0.18499142390176093,0.9372751788201487,0,0,0
79.38057591584126,1,1377,0.5029185548462376,0.4002960584437344,0,0,0
176.13841533332936,4,1904,0.955179671372283,0.6811049749848527,0,0,0
189.81007234721775,7,429,0.909532450222566,0.7592979232865729,1,0,1
48.06046940179417,3,142,0.4778944054493388,0.5495213834760384,0,1,0
11.548013736855616,3,1657,0.5520394813766955,0.5230297421755965,1,1,0
129.12174960621402,6,1460,0.9165016970208658,0.22350152968443182,1,1,1
96.76528917997888,6,2302,0.03212459809934787,0.6759052396885638,0,0,0
156.93410872042557,4,1789,0.9762011748584312,0.2938040540110801,0,0,0
71.77042819367014,3,776,0.9769941129903001,0.30860558989822984,0,0,0
58.53192320425798,5,316,0.9443654100145098,0.2657062874422156,0,0,0
670.801328878015,2,1322,0.9655047006737771,0.06582602120552827,1,1,1
20.648567333747447,1,1680,0.3040684714031331,0.8436529337011506,0,0,0
187.53218394066576,2,1191,0.03706805608786534,0.8630639404894852,0,1,0
50.67324918257129,3,351,0.28434580678899246,0.7237549112342626,0,0,0
64.34256467238338,3,2090,0.34566447408096024,0.9277410416397055,0,1,0
65.55550362656149,4,402,0.35246478091656375,0.6313332520798706,0,0,0
40.30863547717921,1,391,0.6804588500021252,0.6396300379168105,0,0,0
159.36930950940769,5,2436,0.8636171170022067,0.8876787691106351,0,1,1
361.6379582155412,0,1120,0.22198676059855005,0.20854234834265184,1,0,0
144.02885497119377,2,1482,0.4472827709965076,0.4354673929967099,0,0,0
99.82134080827741,4,2226,0.37851125903952143,0.7041380878669135,0,0,0
33.56753907044534,4,558,0.7646021300081692,0.2686567144512043,0,0,0
150.93137537900122,1,2486,0.3178952755332277,0.22862336459775456,1,0,0
777.7068329243046,3,1582,0.05621599568504787,0.898271573810741,1,0,0
61.51649659774115,3,1249,0.3338036731786739,0.9960075981194132,0,0,0
61.80698726717087,5,2158,0.35397110138089705,0.3864083182851712,1,0,0
51.36263019431663,0,1267,0.8223864076801732,0.23660435056150952,1,0,0
55.179183160859104,5,314,0.5478943044524935,0.4044594977474064,0,0,0
5.78171554840205,5,860,0.5235150039952298,0.30385228417538324,1,0,0
134.96768586936912,5,159,0.598828920749045,0.821758881395797,0,0,0
38.6461757180642,2,1001,0.561453897550079,0.9009627331098424,0,0,0
17.988575846464737,6,2203,0.681650068351753,0.3909215299951837,1,1,0
191.17513588767028,2,394,0.9038960459376595,0.5995762861694197,0,0,0
30.507794701866203,4,649,0.8763523554246002,0.07876364562121752,0,0,0
64.15685511799789,0,858,0.49531917884461296,0.4621885076850205,0,0,0
390.11532135196416,1,1586,0.846784823076999,0.0068377969940646155,0,0,0
21.994319203146144,3,2149,0.8630285594899599,0.6710946758918697,0,0,0
19.44134075246462,0,959,0.7895491623168663,0.1760207024104835,0,0,0
117.83745673479967,5,1683,0.04205419380076991,0.8780416350610766,0,1,0
284.1457651358933,8,1266,0.6620531149962434,0.6300287648058939,1,0,0
18.646496668808556,4,1140,0.31321342852139356,0.9281321914765218,0,0,0
135.3264133625391,3,272,0.873280193105698,0.9381670702221078,1,0,1
160.93483636215933,3,1668,0.2839621617185055,0.1691633446271107,1,0,0
11.482676591757318,2,1329,0.9186259436863579,0.5131653883375621,0,0,0
200.03679765659038,2,2028,0.6151208192234063,0.1954606650512689,0,0,0
216.28692438606362,8,1740,0.645055444495933,0.45313872645163367,1,0,0
65.90500761727046,3,1268,0.8877360691850943,0.4500942725318543,0,0,0
314.92873095735786,0,149,0.9854030088363466,0.7357499177064724,0,0,0
280.4668607038205,4,932,0.30900809182395694,0.9761227562954988,0,1,0
99.79498441753536,4,2024,0.08886078916801832,0.6289683425945565,1,0,0
57.314555243521,1,1343,0.7233466347520685,0.8160338128404034,0,0,0
34.027605015592705,1,298,0.07017877534645078,0.4036613409840235,0,0,0
86.69849202677622,2,1969,0.5338665974875771,0.07282312120505452,1,0,0
159.13595817458514,3,2119,0.34525276591654697,0.5146718865152562,0,0,0
65.09339852712297,3,597,0.3899901448682961,0.903933241878201,1,0,0
9.999139054502729,5,277,0.23548448070187333,0.24025747060866653,0,1,0
320.12575231284296,3,976,0.6993393468275116,0.26286074837219586,0,0,0
108.87748092720466,1,89,0.5719029095018643,0.10478467217233745,0,0,0
61.58236230502479,4,2125,0.952443817963039,0.9968202209289327,0,0,0
212.1213228171873,4,2167,0.35553824551741287,0.41473440888651547,0,1,0
413.49217748885394,6,283,0.3942938977810041,0.29887403194460227,0,0,0
5.463493555715105,6,229,0.16500941469237962,0.926772001569501,0,0,0
138.9707737070088,6,1160,0.6116624278688929,0.8112414178991173,0,0,0
21.614206118758588,6,2462,0.09495240128350646,0.8769658922959357,1,0,0
148.2812053013119,2,123,0.9681668336260022,0.9504143204327478,0,0,0
102.3017932750764,3,1735,0.9100680194936226,0.8567860732618267,1,0,1
169.987775635885,7,2078,0.6996893273245317,0.9856544116412534,1,0,0
54.63924434729238,1,18,0.31728817922971153,0.6393462796235975,0,0,0
13.828890083372983,4,2071,0.3561508878407843,0.24089231798841804,0,0,0
57.37632769366706,6,1062,0.08712667621477832,0.1671329873692039,0,0,0
135.21250272904467,1,2044,0.24702732664325944,0.6022653988232091,0,0,0
248.48744687700201,3,1385,0.3530214887744798,0.3588798956206597,1,0,0
27.88722502415874,2,1143,0.4479280274266044,0.13124322476760875,0,0,0
251.40380389099894,3,1822,0.46427068985030884,0.7972638893210963,0,1,0
47.0931573065969,4,2122,0.8851065754281086,0.34978794838780614,0,0,0
129.34068363821692,3,583,0.4498193443951898,0.4451684698868067,0,0,0
54.06062203340336,1,273,0.9574263124606348,0.6117856628733538,0,0,0
108.00425534732233,3,1504,0.08381187265782275,0.4019943686887335,0,1,0
219.61535605258305,0,2015,0.21097706542231298,0.8662698131193453,0,0,0
26.39002037826641,2,948,0.38798653616003587,0.9824215385461159,0,0,0
45.60850002713851,5,1871,0.8881550701023219,0.385271689344845,0,0,0
108.3062202088178,3,2033,0.12221227130599088,0.17837649939572808,0,0,0
993.8473873643372,0,2055,0.35506395562560866,0.2781247601127621,1,0,0
37.97052830266712,1,501,0.11217290366100485,0.6739587033730637,0,0,0
692.3792717202006,3,1092,0.7739956165217154,0.0822757841603301,1,0,0
668.0902730317014,6,2478,0.2824677623809194,0.674616046165422,0,1,0
81.67017248136024,2,2077,0.43438117237959306,0.5276590260993963,0,0,0
66.80964616600487,0,1380,0.8174322933235016,0.045354753967570605,1,0,0
45.057290458352476,2,1928,0.16784272585028737,0.4107155960342662,0,0,0
84.08241675446561,4,862,0.9471634264711014,0.23057408496971177,0,0,0
22.0492936516381,2,1885,0.39393017191417257,0.13019560753548232,1,0,0
83.40939748385898,6,450,0.33040171325776746,0.9409026071283768,0,0,0
402.1721673203191,9,1428,0.1907570705974666,0.2910305411513051,0,0,0
48.85784393852561,4,625,0.4675127092293322,0.49405699419146076,1,0,0
70.75871407034705,3,336,0.9806966218895337,0.6120446260091909,0,0,0
16.425902765180602,3,1892,0.4909852776609841,0.6289602285342734,0,1,0
130.85136858757426,6,901,0.4521355821301286,0.38140082271982356,1,0,0
117.27031856185474,3,393,0.007627287972393204,0.2695173162395811,0,0,0
95.93802017302463,2,2016,0.2876716853770983,0.5648928738728664,0,0,0
72.47001932461121,0,423,0.22790869805980174,0.7946711043644239,0,0,0
67.17103187002479,4,1599,0.03897596604023412,0.8949925090038836,0,0,0
148.6954469105871,1,247,0.4460319092600127,0.5914858598889131,0,0,0
87.46016201338068,0,2112,0.1356090968531788,0.528796718067563,1,0,0
123.34334280498956,4,1146,0.5029789843307795,0.9659127442655364,1,0,0
111.60689346671275,1,643,0.45464411604027943,0.20307025205460116,0,0,0
276.8365575498052,3,1835,0.22271363223740792,0.016821191230326216,1,1,0
177.14951568382406,1,1149,0.7983415645540022,0.49252045261617017,0,0,0
109.16514672169143,2,1847,0.9268132652109778,0.057928929197170076,0,0,0
410.929649461703,2,108,0.1340596445564023,0.05919205229740032,0,0,0
137.03940730885878,4,2234,0.0973721378498843,0.03293381418360741,0,1,0
331.9428079248154,2,1485,0.344797217257219,0.6183168711550598,1,1,0
165.16460924533817,3,19,0.6104404341772623,0.6257915043249304,0,0,0
14.268879700280667,6,2142,0.6319866605315687,0.25567860183333724,1,0,0
331.9003467007306,3,1379,0.6249627574511398,0.44980555147893064,0,1,0
103.0460773739988,1,1922,0.5757131165095503,0.4188490598635122,1,0,0
85.45972643300834,2,128,0.3857819382989415,0.49294683381652593,0,1,0
119.265052413165,3,2363,0.7820017988689676,0.19951243414199082,0,0,0
63.75303801516654,3,2029,0.9532160672943888,0.8127391950018664,0,0,0
112.95944498867128,2,2430,0.5896258515135506,0.2881798705655072,0,1,0
49.80542598696402,3,1795,0.21942809367726834,0.3267185813593404,0,1,0
321.9100822041793,7,1946,0.5617744202867206,0.6506742357866077,0,0,0
80.35159047934373,2,1884,0.7555407232058539,0.9815379104773226,0,0,0
61.4003881796695,3,1422,0.829684730854158,0.20440871577096398,0,0,0
35.69726889364854,6,1652,0.7182509731693506,0.35788946851956527,0,0,0
117.774972271356,7,1286,0.8904988675808436,0.3742770318125411,1,1,1
108.53873350729549,0,761,0.9520201251540309,0.5292000578338822,1,0,0
132.74428570747799,5,702,0.49200948458598437,0.8350807507460474,1,0,0
32.22517928975227,5,1503,0.5409685921944251,0.7255772249352826,0,1,0
18.152690764102996,4,733,0.33751443883571,0.2054145797914393,1,1,0
168.27361284922873,4,2304,0.6588894433662076,0.7127400363879719,0,1,0
397.2802145776012,1,2340,0.5956513005687412,0.12605721747650933,0,0,0
32.25413904896383,0,1165,0.1787136300947053,0.19178299659806608,1,0,0
441.17485063246505,4,1313,0.6943565948891763,0.3937633927982046,0,0,0
119.57108627505526,2,857,0.8050197193270832,0.3447932418217122,0,1,0
89.38358885279183,6,144,0.1810440512210988,0.869766989024355,1,0,0
60.48838139003431,5,85,0.1642140360077008,0.9970067706387922,0,0,0
22.544293646951132,2,101,0.6390818061953094,0.2031013179687814,0,0,0
241.70754797745906,6,205,0.11617452237044268,0.6574223141734948,0,1,0
41.44609381093471,0,1826,0.8095675306996445,0.5824453195368601,1,0,0
41.27237228832822,3,2175,0.6429687983636858,0.7693144803465852,0,0,0
242.72431906770296,3,307,0.032404688624232514,0.6996812164747881,0,1,0
13.694804856038555,7,2308,0.7704092403281738,0.27549681468219145,0,0,0
19.61711087725664,5,2225,0.5098987824422592,0.8407748849167676,0,0,0
88.39945075909777,1,727,0.4961556755942137,0.4788449572212362,0,0,0
120.69713955269003,5,200,0.3118933515159078,0.9329435342217327,0,0,0
146.16478475733936,4,513,0.28347250282447245,0.5603129041622092,0,0,0
66.5665039013865,2,434,0.5003112639258822,0.29081495702643656,0,0,0
1130.448424288734,5,1489,0.003148202778957776,0.8961850597934224,1,1,0
71.67252219971436,3,1288,0.79511100239071,0.8262549396538252,0,1,1
71.46543083063816,2,579,0.7840107923924786,0.9469382057013449,0,0,0
40.569369302374724,4,1885,0.7355581611814371,0.8935355096054709,1,0,0
101.89132626337029,7,118,0.6025144401475974,0.24519942081853652,0,1,0
166.49432621394942,3,86,0.29557835478417727,0.8153084421126503,1,0,0
299.9386802308885,1,235,0.6579829655429074,0.5941852704134154,0,0,0
20.301925536411076,2,322,0.1291477751419723,0.4033167148060727,0,0,0
70.38672370501737,3,2306,0.2633963189291315,0.007629534019620632,1,0,0
140.7103624706904,4,2065,0.045196157696752115,0.6976194736312887,0,0,0
161.91273780724214,7,1609,0.859474352137045,0.8538867238119077,0,0,0
90.60855709893806,2,1757,0.8283516651101868,0.6041671733100586,0,1,0
154.84489980702375,4,694,0.45085121916252646,0.31072047440849704,0,0,0
40.086359208359234,5,1388,0.4376015883011729,0.057640037612199935,0,0,0
427.4791145452039,0,948,0.9259901635807495,0.6589761559209418,1,0,0
242.89472110469276,4,769,0.6751513348546606,0.40372796686392165,0,0,0
23.454730765221854,5,395,0.7093091137936446,0.49685530233284914,0,0,0
30.719479103924186,5,790,0.35925318037822496,0.564288897032804,0,0,0
31.59750778416988,4,1698,0.2916371647241178,0.7685697445444212,0,0,0
177.3224755852897,2,897,0.11437212549599274,0.5367860044439109,0,0,0
24.910072346428386,4,2381,0.0725214233555318,0.5259997420995987,0,0,0
64.64919579611443,1,366,0.9055219331234979,0.4812594625978055,0,0,0
141.8406715644624,1,817,0.906356519803896,0.42765406922839155,1,0,0
84.2538331438233,4,1706,0.22701853711039566,0.623009805350111,0,0,0
116.61612010766086,1,604,0.03737628220934808,0.024399523625595942,0,0,0
31.0065132932949,1,230,0.3464488141351958,0.7232111696900367,1,0,0
163.180079533395,1,1786,0.9518923079246298,0.3146685130526562,1,0,0
48.75404203396755,4,2276,0.30505693702628933,0.37263742938844824,0,0,0
65.06458068171742,2,1732,0.8652383875664419,0.6142218144568229,0,1,0
114.17492793675015,2,932,0.8163651115031088,0.24737583318411582,0,0,0
99.791022217535,1,696,0.9444162443331124,0.658777457131059,1,0,0
92.2018337336057,1,1605,0.49670739962665444,0.12768562854445376,0,0,0
42.494437203034295,3,1070,0.9219553598238842,0.6494751305313753,0,0,0
66.71638592554787,2,15,0.7418257615061146,0.7172461569546523,0,1,0
90.21390664383766,5,1367,0.8679873681592374,0.699547679283795,0,0,0
22.757955278254855,6,136,0.7333476422050638,0.7741772343443221,0,0,0
56.682585736198256,3,1658,0.4611866775063669,0.5168788873835246,0,0,0
132.6454632418554,1,1291,0.9190657556766527,0.8647668803663036,0,0,0
25.092359468563526,2,685,0.8005436724038013,0.23355193843267597,0,0,0
286.16874422269393,6,622,0.6411487677803092,0.3833417055650765,1,0,0
320.4137926856342,6,1823,0.48303541181552145,0.9565040618420966,0,0,0
25.915711956980044,1,2223,0.09462909226033511,0.7889362315200675,0,0,0
349.89028469828594,4,501,0.815475931111073,0.7426220829223789,1,0,0
77.97735088765009,6,1346,0.4163687246210722,0.7112097615738755,1,0,0
136.79925498493384,4,876,0.3594282348670851,0.1104905076411059,1,0,0
54.78130290503118,2,2416,0.23064359089625175,0.9506354166539592,0,0,0
226.56793352730418,6,776,0.5416294059358119,0.2924872992165185,0,0,0
135.1106427707083,1,409,0.8298725377722267,0.1443730743321302,0,0,0
39.878875332412136,5,1694,0.28959875199246676,0.018625260769441043,0,0,0
28.072711964180897,3,408,0.9206601591249846,0.38675489808325936,0,0,0
20.898921709455244,2,308,0.3969449448931638,0.6726058167347373,1,0,0
108.62936603576827,1,63,0.9694149259265311,0.3917881367986227,0,0,0
159.56819916017213,3,2109,0.6766289305108486,0.8087467999369665,0,0,0
172.59808417309046,1,507,0.3672144040452786,0.18156821610073748,1,0,0
79.99938165988887,2,256,0.9836319972863418,0.16972257037785154,1,1,1
28.304011517415262,0,77,0.594310337387596,0.2663313497868043,0,0,0
45.5096868898954,2,1911,0.7686451372607717,0.054277029428095425,1,0,0
284.9599485420915,1,90,0.4517913933108323,0.8390576965853418,0,0,0
55.44388540007678,5,365,0.11929145908236516,0.13494957127409946,1,0,0
103.89882932127229,4,1827,0.9640330295365357,0.3800574008340464,0,0,0
30.702666774059974,5,2320,0.32172736685101144,0.46297341924923685,1,1,0
126.03794916564293,8,649,0.917918293604992,0.23489820441451104,0,1,0
56.95807314512358,1,1299,0.9075581427898451,0.884568507718878,0,1,1
256.39333079691687,1,1960,0.09499931971542641,0.7357591578467084,0,0,0
195.108869170107,2,40,0.11470296844222638,0.028144054780654182,0,0,0
54.83310149233693,1,2222,0.6120486204669949,0.43865766071522305,1,0,0
79.30775940971435,3,1523,0.035890448146310816,0.1377755660806439,1,0,0
51.87742684233151,0,666,0.4211613518024536,0.6389474999825078,1,0,0
21.770738629629907,4,326,0.5277901896697687,0.4932600876237565,0,0,0
38.189383970303076,3,725,0.19678878701010738,0.8085102220349477,1,0,0
109.75134727353732,2,283,0.7701708466578794,0.6841462619198101,0,0,0
124.61880254631824,3,1318,0.43158118102555476,0.8185304929917818,0,0,0
104.43322830505458,1,214,0.42314500439956415,0.8763317385858325,1,1,0
66.57086011849859,2,2007,0.23435112971953997,0.18063924832264922,1,0,0
228.84996306849536,1,89,0.8877989693395798,0.5835578073284303,1,0,0
95.92262765328438,4,1607,0.011221346517221287,0.15918476228299538,0,0,0
181.86303123103906,2,1870,0.006892742736276269,0.2433487365614887,0,0,0
15.275112466264813,5,384,0.9954543644122579,0.22743773472150564,0,0,0
1.7817566298716832,1,1193,0.021085922044187244,0.35310756351896266,0,1,0
119.55637624181286,3,826,0.15514214963196093,0.7878688484152044,1,0,0
21.654956075300692,3,1949,0.8829225912797867,0.31736846644097394,0,0,0
72.78779552685414,6,435,0.6157224900392093,0.7451098704803398,1,0,0
66.54663359578286,4,319,0.6249942137739142,0.0008099247496552442,0,0,0
440.275471417835,1,2067,0.47572641777312796,0.5786161411807698,1,0,0
134.28931678128964,5,1077,0.15060336204300184,0.2812018528962551,0,0,0
106.25682348722448,2,865,0.3671224567291762,0.7418812035159729,1,0,0
207.88627068947048,2,2477,0.7179165342771132,0.9910973557743593,0,0,0
130.12526804527187,3,1547,0.48536327319178607,0.5322902542228356,0,1,0
56.95850424479037,1,105,0.7298063406554589,0.5329240482838364,1,1,0
262.8217196471537,1,733,0.0072522746211040046,0.974416137371764,1,1,0
29.673365890698914,3,342,0.6557656580048203,0.359228329367993,0,0,0
124.36828294320527,2,2068,0.5929486681340981,0.39629036667862616,0,1,0
19.15244159367557,4,856,0.9743895844654111,0.6966187035920159,0,0,0
110.3816446195741,1,988,0.9070168579770554,0.4932048258518482,0,0,0
109.17909876860081,4,255,0.6003257008104999,0.7688815728298799,1,0,0
481.28276284064606,2,642,0.57620049616936,0.41136120206477333,0,0,0
18.82199450626602,3,424,0.09257039168709591,0.6889151266192116,0,1,0
49.35863988168078,3,2194,0.9410659460618627,0.7701169921029355,0,0,0
204.93286272042005,4,1106,0.7068950302367579,0.6428248009175979,1,0,0
125.87851263602188,5,1839,0.502215718152401,0.20218556604429772,0,1,0
107.80295299103419,1,1457,0.8574495425168013,0.5162385034926219,1,0,0
34.6003672801806,2,375,0.7306989763481586,0.9664743281707681,0,0,0
49.85813396524361,4,760,0.5635693581579442,0.10424821790127659,0,0,0
312.63644823244886,3,919,0.5391241483976582,0.7051853400542188,0,1,0
85.4978138188872,7,47,0.9262820715988561,0.7881217567388843,0,0,0
131.0212725825743,6,500,0.7991005792146142,0.6750267391983562,0,0,0
80.22311346934096,4,1148,0.40308480770242205,0.11261776848614213,0,0,0
27.57513565859788,5,2393,0.6288286038328925,0.07478089621025974,0,0,0
229.02024965250286,0,429,0.1963599151168628,0.5067039036465923,0,0,0
148.89366367187583,6,789,0.9332572440354913,0.321008106585318,1,0,0
902.9226017242182,4,1455,0.6952512543709201,0.3905110259574551,0,0,0
32.60346660674577,1,1056,0.9600272669129871,0.2728153179864471,0,1,0
204.91042269938586,4,2034,0.291962182998314,0.81967914258461,0,1,0
24.2509558708915,2,787,0.31517817744771426,0.8500447301988873,0,0,0
105.3561555088239,4,1170,0.8321096875696304,0.016317300464712248,1,0,0
239.01028609580584,3,1117,0.26183167886946046,0.8133182054204801,0,0,0
11.334655420603118,4,246,0.3576463482660227,0.6733559999047236,0,0,0
73.33716642561023,0,1685,0.8843020523800399,0.4543889201039567,1,0,0
51.253825849660814,1,304,0.5177524909181997,0.08275201858733294,0,0,0
44.613776510754874,5,2025,0.30038625347735415,0.6686902358862392,0,0,0
132.31860019200363,2,450,0.4093286600849423,0.26336913049872,1,0,0
276.07862723228936,3,941,0.7119117290809547,0.5496769649600534,0,0,0
78.78489453506887,5,534,0.1586640600357958,0.22176746947787096,0,1,0
110.55204743332266,5,2472,0.962160147862706,0.8778525499760031,0,0,0
100.9180451265163,1,2086,0.4929201306354215,0.34912947260428395,0,0,0
90.17962425350109,0,1906,0.7649216265885376,0.6867003240788524,1,0,0
30.285146030230226,1,882,0.7019663210156557,0.4935277491972019,0,0,0
272.7197201603093,1,2263,0.6807385946520904,0.9143356109466811,1,0,0
120.9280049570514,4,953,0.4200488347475656,0.22790279186854123,0,0,0
133.60417224619133,6,2304,0.04234709655280178,0.9553038471208929,0,0,0
40.18486253979685,4,1530,0.7414469731172052,0.7523393066373092,0,0,0
56.87066201001005,2,1456,0.9537772132480425,0.7010493973309687,0,1,0
75.47985521356291,1,1499,0.5050284083621698,0.8405840909823107,0,0,0
19.411686984182463,1,557,0.9538317988907317,0.6516768444048682,1,0,0
16.642600026878117,5,2263,0.5349006947672122,0.11017122148498726,1,1,0
49.36551331465052,3,2364,0.16736942213778827,0.6984241183529786,0,0,0
151.79345778577544,2,773,0.23946525783414085,0.4377193272657329,0,0,0
46.845858707961604,6,914,0.8647180707175248,0.5535058300539137,0,0,0
32.49852820821854,6,989,0.6215288173584383,0.408331829492689,0,0,0
39.85764960393016,3,990,0.4143931302229912,0.1711080762753262,0,0,0
57.091633190054814,8,1533,0.7993865563676231,0.48478916573895514,1,1,1
63.18968255916787,5,2023,0.6417090688953844,0.06283521694733796,0,0,0
784.8726318569684,4,1665,0.8722852091274783,0.053706436595598706,0,0,0
258.42890535657733,2,1192,0.9709429654063683,0.5332080873356977,0,0,0
250.82967227869185,4,951,0.6512372432434244,0.18030982465276346,0,1,0
289.6230831293171,5,863,0.9707221184109381,0.6236434177617229,1,0,0
33.15452243368442,1,1191,0.4703852503100603,0.19094003851705843,0,0,0
26.513005468864364,3,1631,0.839985515278576,0.8052304409151992,0,1,1
29.758943494145196,2,2043,0.9064448417268518,0.1462635434492232,1,0,0
341.89584139048515,3,588,0.045171885126505384,0.44396187955228317,0,1,0
52.08141728363586,2,1271,0.8650917559977853,0.46574259093039216,0,1,0
25.755387222721087,2,683,0.4086891661828498,0.6201302554987912,0,0,0
58.498657179640944,4,1328,0.3982289800744496,0.402273472049808,0,1,0
70.90879460899018,3,1505,0.7816094216761589,0.6568205946683087,1,0,0
117.73228476171232,2,294,0.24633337111238374,0.7664804864848418,0,1,0
115.69425986188143,4,858,0.03152967191285205,0.122871268660942,0,0,0
39.32338720401095,2,254,0.27115607932808394,0.07338718293664404,0,0,0
178.69070254312018,1,2492,0.6484403986676314,0.6774619122959775,1,0,0
47.50364601236264,1,913,0.9534289250369451,0.8533330794377042,1,0,1
76.99370484832284,3,1189,0.39572198977492967,0.47976038305873847,0,1,0
178.8905328604779,4,2319,0.797541588018817,0.6325316222401085,0,0,0
47.37897647631488,2,1812,0.20053680870089796,0.29809928171088873,0,0,0
50.94000544383337,4,670,0.8519117463213333,0.8745140644770124,0,0,0
162.66096245466665,3,912,0.7654333823347906,0.7715020156066494,0,1,1
38.17828213326584,2,1580,0.4481440761704243,0.5871821439778713,1,0,0
61.26495460231605,1,1723,0.8948660215431652,0.3065995201817798,0,0,0
156.92095042048402,4,159,0.0378681400606371,0.43805944570289046,0,0,0
702.1116531402126,2,1321,0.7859000963697246,0.27946002967783246,0,0,0
164.910764231332,2,1612,0.035202497795645105,0.4315243589007274,1,1,0
144.40758647439944,2,386,0.8649961381596686,0.04978361027897471,1,0,0
153.05565044725603,2,1544,0.17677893452943116,0.10564601177908595,1,0,0
30.77829475897158,2,1102,0.03828214783440809,0.21721906523618417,0,0,0
101.04810986027738,5,1643,0.308786227658028,0.9039972369557441,0,0,0
87.3771242090242,7,1064,0.1787382879657976,0.46540249794498256,0,0,0
124.16167417701035,2,2366,0.6518261296918547,0.4805735932669499,0,0,0
101.14023836946373,2,1594,0.47236232382104837,0.5287157108350794,0,0,0
131.59113816039584,2,1351,0.1297426612099739,0.500187421408202,1,0,0
65.92599368587982,6,174,0.9161373513798089,0.08620844414216255,0,0,0
95.45060775117824,2,359,0.3677943463765001,0.32349590028023034,0,0,0
26.36853475415653,4,1690,0.2828413116929104,0.06747892506975073,1,0,0
65.37191434745702,3,810,0.6980549871811301,0.06962918946568764,0,0,0
361.70665867565475,3,943,0.39350065166784953,0.07722170434987141,0,0,0
123.81745447729848,0,434,0.14550431618967086,0.8974378318845893,0,0,0
88.15344265731778,0,429,0.5823761418910434,0.21896838558178133,0,0,0
599.5163676446052,2,1945,0.030361718064413568,0.0673184409993719,0,0,0
23.08458368286118,2,2356,0.6271758705139531,0.002855660138476157,1,0,0
29.68210813410209,2,1682,0.8675541933148394,0.6132636810200802,0,1,0
499.05255521424345,2,1415,0.26201702499989044,0.6169757853521152,0,0,0
94.25095284600314,0,278,0.8523199860985896,0.26493824843052716,0,0,0
70.62731471888569,3,2422,0.2450396223041278,0.28006690730713635,0,0,0
27.134220351800924,3,168,0.20246115241936957,0.3381906892827584,0,0,0
140.8501087464719,3,1460,0.7153847270084613,0.35409512676217914,0,0,0
155.1604696631566,7,2418,0.06550917341147622,0.7770046058248826,1,0,0
30.129526541589758,2,2427,0.04063498365114815,0.9396044289331206,0,0,0
78.23557085905911,7,2125,0.45598349047162257,0.5882094269131362,0,0,0
64.35947520057911,2,569,0.034093210319808165,0.3920319539395263,0,0,0
116.27721753755426,2,2147,0.4966788906208607,0.29479361150366745,0,1,0
29.39280033467542,3,2211,0.6494280649025883,0.8294891088199399,0,0,0
314.8031284884728,2,1299,0.2282109571763995,0.09008042916737091,0,0,0
224.9377689710557,2,2445,0.8988730769309963,0.43318661845400963,1,0,0
62.603703723447694,1,344,0.2002786237299945,0.6653001030762522,0,0,0
72.49961767233057,4,543,0.237496199082868,0.25055512096428545,0,0,0
78.53762817277988,2,1054,0.9130606395125789,0.13456337528020834,0,0,0
41.33424970582952,2,154,0.6875418662972714,0.6517921038130948,0,0,0
57.77583344531258,4,1916,0.5286363101881258,0.5995409135252644,0,1,0
68.69865576692118,3,332,0.3301538920157552,0.6192919462809142,0,0,0
451.63230791133486,5,2455,0.7690797231107925,0.9782146155674816,0,0,0
231.9723789504372,1,126,0.5883389337522971,0.3229983392028264,0,1,0
229.21368880485278,4,1308,0.34192763610039734,0.9858200798472959,0,1,0
130.3112230755374,2,1871,0.8259729846793964,0.046856950946167264,1,0,0
29.44938394104464,6,2491,0.7945840150052467,0.04041311047308893,0,0,0
86.35864327571382,1,1845,0.9408580995750865,0.8586535988479402,0,0,0
237.57621080787436,4,162,0.99487592008128,0.32196785968515984,1,0,0
25.578070688010556,5,1385,0.011531750147417696,0.3572588813939972,0,0,0
170.12835930468168,8,130,0.3201209715039909,0.051172396517654706,0,0,0
918.3781420622653,2,2329,0.19264707890958366,0.002376449122127644,0,0,0
260.29527143034153,5,1880,0.2136063466050705,0.6329163968197499,0,0,0
370.19471929110665,1,1476,0.8648158445001727,0.5226945195726374,0,0,0
111.98206790016131,1,1158,0.9749299888328719,0.7277317487607163,0,0,0
236.9696203555375,2,895,0.9400680476266068,0.2274937033331147,0,0,0
43.91020642457158,5,690,0.6964710235548248,0.84746943130243,0,0,0
199.50989065942363,2,5,0.554957315877388,0.2622080120260716,0,0,0
173.18980538993748,3,1846,0.6380018661954183,0.44791229173972225,1,0,0
120.2906832529514,7,778,0.8556786496925576,0.3681591011963412,1,0,0
335.62934786724526,4,2130,0.007035259638812574,0.8551848045559675,0,0,0
52.5211088516556,3,221,0.42825539687738,0.8210135302967446,0,0,0
74.65985142972676,2,1630,0.5065716599757425,0.4416992757335103,0,0,0
99.03388272800242,3,875,0.9234612176357258,0.35744419192643717,0,0,0
32.14924699881546,4,2117,0.17207599199584567,0.7854590095589156,1,0,0
112.94849787508883,1,1542,0.7443560941929757,0.21385709354029003,0,0,0
16.136270867530932,2,1742,0.9240140217089986,0.9409388193590276,1,0,1
256.455339496643,1,1552,0.7640146726838946,0.3179685439066757,0,0,0
94.3147286342805,3,142,0.010288624296051596,0.4633841210376656,0,0,0
53.469269986323745,4,801,0.6594457366873018,0.8083026737144118,1,0,0
39.080608110255234,4,1381,0.20953129212727273,0.7951514438580499,0,0,0
71.19488460352505,5,965,0.605125870754873,0.6931330723605615,0,0,0
179.1564973547121,3,1960,0.5711613768134053,0.11580997178818653,0,0,0
155.67009288672935,3,2088,0.9570464376089125,0.24217742144257215,0,0,0
44.454315893867566,3,994,0.19028832383446448,0.713545745240132,0,0,0
38.62734044287138,3,2293,0.05050804677222731,0.859403406036811,1,0,0
173.62515717325846,2,262,0.6112765830661566,0.16820801557918863,0,1,0
43.71330838253944,3,1992,0.34393665515917093,0.9891816797129466,0,1,0
95.5748561116617,4,543,0.7502144641953171,0.6212081050965577,0,0,0
101.87582223269925,2,2082,0.9932148550117847,0.8212221110483724,1,0,1
122.98496741026909,1,488,0.40136503697796655,0.7855154187785041,0,1,0
212.357341793202,7,1781,0.1518487465211973,0.10722978570180342,0,1,0
25.458178911418997,2,1859,0.5541135525872803,0.34262775200354356,0,0,0
13.314327016639165,1,2342,0.3461765708407055,0.4584175369732115,0,0,0
51.03709487236131,5,2259,0.7946801909825117,0.2600629832274185,1,0,0
545.4048744910313,2,887,0.5343415480089495,0.6823926742706911,0,1,0
680.055287551175,2,888,0.9081854388824014,0.5614380064622664,0,0,0
561.8175401730377,3,379,0.8381716839423667,0.9809393457488234,0,0,0
74.2188849721368,2,1783,0.9141167568543487,0.18271639325951838,0,1,0
15.14824855005383,2,2381,0.2990543601028266,0.5611608774154565,1,0,0
8.644825193062939,4,277,0.902763902645518,0.9001315608220005,0,0,0
48.71377471494206,4,1700,0.8664297143957629,0.03956629499428821,0,0,0
73.84190359433912,3,498,0.6270099843115882,0.4976991477030869,0,0,0
330.5061942111189,3,1415,0.9104393046400154,0.21300035582545174,0,0,0
214.39185946068693,6,2125,0.05423708877390121,0.9582406001982275,0,0,0
113.00195042839104,5,2467,0.7856295828211107,0.6654090167256831,0,1,0
36.97179146580183,3,609,0.14551144121516268,0.27293152240001595,0,0,0
34.44006069006924,3,1267,0.3409068233350925,0.9898383147255176,0,0,0
116.06236629126172,0,359,0.7295838617400087,0.2182762054344869,0,0,0
180.73845366131076,0,251,0.20968392750058518,0.3310094397450942,0,0,0
133.20393000932972,4,278,0.23120475105483573,0.6751518349523967,0,0,0
31.98931818622304,1,171,0.21204708471424327,0.5675056443517447,0,0,0
172.5466489817949,3,1203,0.45623842434490025,0.8244781356060562,0,0,0
137.814829252174,3,1520,0.08098502227615545,0.66930478588729,0,1,0
30.85607321840945,3,376,0.8865219386407357,0.5781808199659355,0,1,0
41.08647655226947,2,278,0.7297246555801451,0.335518999739295,1,0,0
179.1988305483318,3,2383,0.5135101833908124,0.2958266459719918,0,0,0
71.19997482626039,5,1042,0.084210026662763,0.0979592082635089,0,0,0
441.04517226299026,4,2348,0.12432781014846539,0.40294758827858657,1,0,0
148.58085319946298,4,109,0.09846762859084013,0.7891648472411724,0,1,0
55.33296327200456,1,1056,0.014749423834616304,0.28450662940747307,0,0,0
89.10312435806597,1,1466,0.6670911710261993,0.8811246868507913,0,0,0
95.90742397810854,2,1080,0.5101497549040568,0.8013566857517487,0,1,0
43.44994938281681,2,1764,0.38206405942159294,0.9976304671809563,1,0,0
36.140416214427326,4,2495,0.34753359012238094,0.7258007789705332,0,0,0
181.52436621440873,4,601,0.46138659597385,0.04923265311200553,0,0,0
209.61516397566493,6,889,0.4749608232652146,0.5934211078393498,1,0,0
164.64332534458467,6,132,0.1390771829619557,0.3017760503947874,0,0,0
409.6561274823699,1,1262,0.5315347368026463,0.948529565842585,1,0,0
52.364389153442474,1,250,0.04802747619275449,0.7120688353248351,0,0,0
480.232694225702,2,1066,0.9386463905517113,0.7827556367205236,0,0,0
36.56453865217453,0,997,0.7142180744142123,0.5613517822802016,0,0,0
32.69801709053908,4,231,0.009458428511014638,0.9669756819357,1,1,0
15.48762190097362,1,1910,0.28883165114490483,0.17063539576012987,0,0,0
57.63930342722192,3,828,0.9827215822713216,0.38929258231975195,1,0,0
54.39529510985805,2,404,0.04845682065178025,0.5000484297060472,0,0,0
152.31294915030614,2,2239,0.14672541198161138,0.5533964195943074,0,0,0
114.88032583696541,6,127,0.47711481021219737,0.7763683491133848,0,0,0
27.303820268638347,1,1669,0.3534493447374061,0.7285084822036607,0,0,0
60.780788570034325,10,2425,0.9852311879293585,0.054742991040822475,0,0,1
62.087083920699506,0,575,0.5395919523580283,0.7237376002792757,0,1,0
15.241435717984464,0,240,0.941196181979977,0.26234317849307964,0,0,0
33.752458968371904,4,1467,0.376820676889819,0.41608899187432624,0,0,0
41.64521055759427,5,279,0.2720916345699611,0.45018471716808306,0,0,0
377.5205558619195,3,688,0.2884204523709336,0.6935703140622899,0,1,0
109.0112094527198,5,1414,0.6365987486944982,0.6813069002751213,0,1,0
174.54258534268808,1,363,0.6040140196605118,0.37848358398525195,1,0,0
20.112962402396033,0,174,0.5536011521068437,0.813234821734523,0,1,0
297.14329078571626,4,855,0.1890702837912217,0.12148436549164998,0,1,0
330.6637714966982,4,2305,0.26344587454504176,0.23271960954567128,1,0,0
12.202673082417437,6,2148,0.28911666123639623,0.4246957887007625,0,0,0
44.464151314984626,5,1372,0.8662345527376019,0.21885366373605408,0,0,0
147.78604309233236,1,1176,0.8173333711811696,0.9275843122691776,1,0,1
171.46659281305412,4,2294,0.20502665011600008,0.9277987225738509,0,0,0
